,GDP growth,Inflation,Gini index
mean,3.700743415417188e-17,4.625929269271486e-16,-9.62193288008469e-16
std,1.0215078369104984,1.0215078369104984,1.0215078369104984
min,-2.081030763738692,-1.7501404600112933,-2.215518720883015
max,1.8420303208297435,2.95634767709298,1.916836577702909
