,GDP growth,Inflation,Gini index
mean,-0.020894795901469324,0.016794178908133495,0.03534386646937824
std,1.0071036226167875,0.9993916515671047,1.0355404817306002
min,-2.145009612075477,-1.7807163501608907,-2.2584366098920756
max,1.8429520174830132,2.95634767709298,1.9630379286632542
