Legislative,Judiciary,Essential to Justice,Administration,National Defence,Public Safety,Foreign Relations,Social Assistance,Social Security,Health,Labour,Education,Culture,Citizenship Rights,Urbanism,Housing,Sanitation,Environmental Management,Science and Technology,Agriculture,Agrarian Organisation,Industry,Services and Commerce,Communications,Energy,Transportation,Sports and Leisure,Special Charges,Refinancing,GDP growth,Inflation,Gini index
-0.7029019306446641,-1.0257794243251468,-0.8677667756119058,-1.0839827074462345,-0.8882969786261081,-1.0914740020068785,-0.6950027662446908,-0.6685160824158642,-0.9359900220491528,-0.8796152257153622,-1.076843502493566,-1.04002541427511,-0.4524985490577865,0.0442990391639978,1.74735073041983,0.9219796693900166,-1.119668381660177,-0.3998458052591225,-0.705423145487409,-0.6443974109225207,1.8494099182530264,-0.059090757393059,0.6884469036202724,-0.7307832436383805,-0.574874240527434,-0.4643174975093811,0.3500277542435302,-1.0529301402162157,-0.1355841172341096,0.3094723832560785,-0.0518429599688844,0.9048311984573746
1.634837858667418,1.7729882357505662,1.8674153333131327,1.429949083765116,1.6780429700525057,2.172059489357648,1.6790122866640376,1.993554659292163,2.0307562624302022,1.926835236337584,1.749884425785262,2.0449552248717784,3.960464505677201,-0.0660993604272626,-0.0850344002534402,-0.5319627099526829,-0.8752893993309534,1.608096101698883,3.0007239522968066,2.016740303458169,0.508079324123444,0.538860820390863,0.0201191075369981,2.118188870963328,-0.2228815478213706,1.413103926953087,-0.0111438755025325,1.601757481569292,2.576056716219592,0.2024393611413101,-1.303588717536631,-0.9926788876279976
0.001001080498099327,-0.017637141048908234,-0.022306911647319794,-0.015428561717271805,-0.01147797703742981,0.032526854425668716,-0.019044049084186554,-0.041625991463661194,0.020839259028434753,0.004635034129023552,-0.025401819497346878,-0.025829119607806206,0.010090800002217293,0.0567946583032608,0.04783648997545242,-0.014357544481754303,-0.016632117331027985,0.001847071573138237,0.024540599435567856,-0.015876315534114838,0.014498526230454445,0.013557665050029755,-0.01473112590610981,0.0231220293790102,0.004173273220658302,0.04651622846722603,0.0028639212250709534,-0.008387804962694645,-0.009594045579433441,-0.1930318102188625,-1.378780271126029,-0.1071741807881566
-0.4158133146423159,-0.5156390671485809,-0.2295942353051585,-0.6815363809908588,-0.7163691545333031,-0.4274225629755183,-0.3756286776941668,-0.5314860397178413,-0.6768909132909836,-0.7180812905286489,-0.765431845959188,-0.8778925704699463,-0.4054678106528978,0.3640384560203087,-0.3124881293313158,-0.1421738718599445,0.4229523066499563,-1.0770248218508114,-0.4331963329288399,-0.7846209831731128,0.4401315817357081,0.9416018848439526,-0.6388604429073655,-0.8922957301086583,-0.6013986095765457,-1.0709722209675492,-0.7549626350899222,-0.4241782666737269,-0.758050734182464,0.9797529926203732,0.5567370804615919,-0.0650072899862589
0.9382696426116536,1.1416519982126092,1.2102332836434913,1.0343545488989578,1.4559150365867248,1.2935778088026484,1.5842015315909932,3.560490452001116,1.23997676910106,1.7102740971459127,1.084159698008358,0.8246743121129014,-0.2381894834827992,0.2174610515513577,0.0672187867119359,-0.5269661429804581,1.7986034158173814,1.17758416406618,0.3961568823980797,0.2146267909512746,-0.97646750166389,-0.1223329843332899,4.267964212934988,0.791377963137693,-0.0916512712443571,-0.1416873362622927,-1.252710618095895,1.7932569016213578,0.490731179559206,-1.9857334464928411,-0.484893412407306,-2.215518720883015
1.0190986195252,1.152229774260814,1.2234559989115197,1.0786029702229474,1.5173653734828687,1.2036108872204596,1.589945736011296,0.8812873114244072,1.392264325118416,1.9422960355466707,0.7405739363996474,1.0487285024532569,-0.2289378251411196,-0.6559376924616619,-0.226884683361937,-0.5266215184504065,0.2941594300632261,0.587545374332367,-0.120069575345784,0.9664019692599876,-1.3513780949494387,-0.1002744644203224,-0.3331732445739862,1.5001210715395754,0.1292668204918369,-0.5550288043891176,-0.693519828453495,1.341305667426587,2.386187389251882,0.9424333069675356,1.7336297650420915,-0.5288430888071284
-1.8177405464271457,-1.4388532237668776,-1.5779689073350345,-1.3772264440160389,-1.0236197216622258,-1.23545571060844,-1.3434664861303764,-0.7805788028106154,-1.2419807890274004,-1.1699044204033835,-1.2573590539125477,-1.168628529208759,-0.984068320917424,-0.6958373282231305,-1.4899613287632438,0.379109735733439,-0.5452502511264901,-0.5013146448547088,-1.3827034257535251,-1.2390819756604323,-0.9246118952292148,-1.8309815957481423,0.6343636453169,-0.7685873777248924,-0.4109397583861431,-1.3259284895922574,-0.2746446770053615,-1.3177671128297554,-0.9198094339051314,-0.3325285307608697,0.3067432080459878,1.7903359052972156
-1.8177405464271457,-1.4388532237668776,-1.5779689073350345,-1.3772264440160389,-1.0236197216622258,-1.23545571060844,-1.3434664861303764,-0.7805788028106154,-1.2419807890274004,-1.1699044204033835,-1.2573590539125477,-1.168628529208759,-0.984068320917424,-0.6958373282231305,-1.4899613287632438,0.379109735733439,-0.5452502511264901,-0.5013146448547088,-1.3827034257535251,-1.2390819756604323,-0.9246118952292148,-1.8309815957481423,0.6343636453169,-0.7685873777248924,-0.4109397583861431,-1.3259284895922574,-0.2746446770053615,-1.3177671128297554,-0.9198094339051314,-0.3325285307608697,0.3067432080459878,1.7903359052972156
0.1563744058565792,-0.0473135785659083,-0.437947221286496,0.0779235928882436,-0.3552896802750338,-0.0569389117557756,-0.1057964546760315,-0.2471085129295573,-0.1417601228386564,-0.1154023208721778,-0.0975742826787961,-0.0181070625941167,0.3543296910720463,-0.7932946046057785,-0.2453857091845438,-0.1902125193285793,1.4619925803114764,0.2582537084610392,0.3817667709642701,-0.3333836018088461,-0.2642288075705569,0.4078178993579289,-0.6476190236006003,-0.3836180708126383,-0.4759550769782965,1.162357007277984,0.1014171605667137,0.2698416903947453,-0.6985523288324258,-0.1443179207895172,0.1793802176413217,-0.3180086347976425
0.3486991707981831,0.0604298290035889,-0.183196526397,0.2618393737592187,-0.2851436872885191,0.1131049340312856,-0.0803240088387822,-0.1728893374408338,0.028133890622587,0.0089414856021664,0.6859085015263725,0.2768306814866749,0.3951699368406582,-0.57585755080946,-0.3232355344338599,-0.5026836959138499,1.0218893610684427,1.1399372593216934,1.3311169245020198,-0.3459290330492845,0.6767404938824108,0.4281219188301969,-0.6687923776886063,0.1102849883193637,-0.4127541607790779,0.8230814669840182,0.213965676546782,-0.3369596968403866,-0.2499977967714217,0.239573742207419,-0.018715816854753,-0.6131768704109208
-1.5780762767118544,-1.2853348071354005,-1.4890579459420763,-1.222049095906974,-0.995833489910634,-1.3752871343980937,-0.9106556014299652,-0.7676224166665411,-1.182741991337579,-1.1292218206044538,-1.2218892456038906,-1.1238214026959314,-1.078976541773571,-1.220572562616005,-1.4996104988353889,-0.2075688340426056,-1.0845366797339235,-1.195716734339504,-1.4169525199806638,-1.235145385985931,-0.8622252170476402,-1.9341062722645677,-0.203568452308037,-0.6024156062359433,4.1413003522225145,-0.9574999925953488,-0.4400345022290133,-1.2394731620678494,-0.875567537430426,0.2568046161466148,1.0172660559363758,1.6638352328915254
-0.4341798853153589,-0.4004250316508307,-0.0375503801587199,-0.3977188486978522,-0.6006331912722908,-0.1025511655173693,-0.797484333670673,-0.484000772783895,-0.5539115124408525,-0.6040115577816981,-0.539057378007905,-0.6936583276988406,-0.0510777392111037,0.8674382845449476,0.7448703474644359,-0.18567312628524,1.875004098526412,-0.8919430264447064,-0.082730184407668,-0.0970463781413462,0.4341698387618963,-0.4809988547154174,-0.576064392910523,-0.9059851322747566,-0.4904676350080633,0.0054245586513399,-1.0090010060328958,-0.1650148978817457,-0.7920160130317723,-0.8694819753243683,-0.105026324874296,-0.1915079623919492
-0.7029019306446641,-1.0257794243251468,-0.8677667756119058,-1.0839827074462345,-0.8882969786261081,-1.0914740020068785,-0.6950027662446908,-0.6685160824158642,-0.9359900220491528,-0.8796152257153622,-1.076843502493566,-1.04002541427511,-0.4524985490577865,0.0442990391639978,1.74735073041983,0.9219796693900166,-1.119668381660177,-0.3998458052591225,-0.705423145487409,-0.6443974109225207,1.8494099182530264,-0.059090757393059,0.6884469036202724,-0.7307832436383805,-0.574874240527434,-0.4643174975093811,0.3500277542435302,-1.0529301402162157,-0.1355841172341096,0.3094723832560785,-0.0518429599688844,0.9048311984573746
-0.146628175030077,-0.2247794030848548,0.159639443851783,0.0217310770682206,-0.4179719574252581,0.396919353180963,-0.4585407715421138,-0.4235569726939967,-0.4195386946653581,-0.4716462965312046,-0.4557055475343667,-0.415617459493911,0.3834618400441292,1.6947201316423053,1.224429902966411,-0.4775055142995487,0.5733935539831251,-0.4558204931889167,0.1255179781964903,-0.5347730235540413,0.1742642976740501,-0.2020494095453242,-0.5158164146917273,-0.7063836401374144,-0.5641261723582708,1.130617537610769,-0.4974024726721137,-0.4802841563456236,-0.489932151940465,1.8420303208297435,0.396288852094476,-0.3601755255995402
-0.146628175030077,-0.2247794030848548,0.159639443851783,0.0217310770682206,-0.4179719574252581,0.396919353180963,-0.4585407715421138,-0.4235569726939967,-0.4195386946653581,-0.4716462965312046,-0.4557055475343667,-0.415617459493911,0.3834618400441292,1.6947201316423053,1.224429902966411,-0.4775055142995487,0.5733935539831251,-0.4558204931889167,0.1255179781964903,-0.5347730235540413,0.1742642976740501,-0.2020494095453242,-0.5158164146917273,-0.7063836401374144,-0.5641261723582708,1.130617537610769,-0.4974024726721137,-0.4802841563456236,-0.489932151940465,1.8420303208297435,0.396288852094476,-0.3601755255995402
-1.5780762767118544,-1.2853348071354005,-1.4890579459420763,-1.222049095906974,-0.995833489910634,-1.3752871343980937,-0.9106556014299652,-0.7676224166665411,-1.182741991337579,-1.1292218206044538,-1.2218892456038906,-1.1238214026959314,-1.078976541773571,-1.220572562616005,-1.4996104988353889,-0.2075688340426056,-1.0845366797339235,-1.195716734339504,-1.4169525199806638,-1.235145385985931,-0.8622252170476402,-1.9341062722645677,-0.203568452308037,-0.6024156062359433,4.1413003522225145,-0.9574999925953488,-0.4400345022290133,-1.2394731620678494,-0.875567537430426,0.2568046161466148,1.0172660559363758,1.6638352328915254
-1.5780762767118544,-1.2853348071354005,-1.4890579459420763,-1.222049095906974,-0.995833489910634,-1.3752871343980937,-0.9106556014299652,-0.7676224166665411,-1.182741991337579,-1.1292218206044538,-1.2218892456038906,-1.1238214026959314,-1.078976541773571,-1.220572562616005,-1.4996104988353889,-0.2075688340426056,-1.0845366797339235,-1.195716734339504,-1.4169525199806638,-1.235145385985931,-0.8622252170476402,-1.9341062722645677,-0.203568452308037,-0.6024156062359433,4.1413003522225145,-0.9574999925953488,-0.4400345022290133,-1.2394731620678494,-0.875567537430426,0.2568046161466148,1.0172660559363758,1.6638352328915254
1.114114137712036,1.26413809678729,1.1093930233168448,1.1551972307690133,1.5278651304857676,0.7984655912314208,0.9889519780990071,0.1751527931446096,1.0950223940505397,0.8695321188411641,0.9680255748336036,0.9959033956679466,0.0928106393058414,0.0450916862427815,0.2921560412127261,-0.5021636455647591,0.328571119854515,0.8765959889034596,0.5038223662591116,0.6150408187183574,-0.9049502736531188,0.1417344095987635,-0.2457642652961151,0.2360924541700465,0.5743406024128863,0.0998047498933392,-0.965468677948361,1.1759715707941651,-0.2002712978201468,-0.3924403201656704,-1.5004103977846484,-0.2758417439957447
0.0467800702696549,-0.2103952591823486,0.2366506304068424,-0.0622324489753856,-0.4237315378794889,-0.1428550609578763,-0.4272871701503537,-0.3560770322580233,-0.2933908689927043,-0.2891049812852636,-0.2884544764532458,-0.270941980396344,-0.2043044681012397,0.5664303232379279,-0.0627660760128107,-0.3795476980988942,-0.401799133015577,-0.2060659448232713,0.0357134367779285,-0.451547347204844,-0.0350014816507189,-0.0388875052039043,-0.7455858218693301,-0.5035186629036696,-0.5559105747636038,0.7624832386602584,-0.2197233887191853,-0.4895699098765943,-0.193004984070965,0.5830634787096943,0.3489756529280555,-0.5288430888071284
-2.049251818906184,-1.4635929427149093,-1.6649276531555992,-1.4865952568628196,-1.0718093845742451,-1.38010826948144,-1.5343806745373951,-0.7897148816589122,-1.2954099955327305,-1.2458967504700864,-1.2982376032005825,-1.1974835960832422,-1.082194364167608,-1.2346694123329596,-2.0913605913461977,3.567452208514911,-0.83148437929783,-1.3335130561407402,-1.5223491639851672,-1.3225103767929247,-1.2158505841827034,-2.0993382237308644,-0.1744423782199061,-0.8479379859169895,-0.5407959498009259,-1.5358284810537486,-0.8932423004808223,-1.4480044102094225,-0.6930246742878864,0.7295589439744146,-0.8762567137464611,1.916836577702909
1.0190986195252,1.152229774260814,1.2234559989115197,1.0786029702229474,1.5173653734828687,1.2036108872204596,1.589945736011296,0.8812873114244072,1.392264325118416,1.9422960355466707,0.7405739363996474,1.0487285024532569,-0.2289378251411196,-0.6559376924616619,-0.226884683361937,-0.5266215184504065,0.2941594300632261,0.587545374332367,-0.120069575345784,0.9664019692599876,-1.3513780949494387,-0.1002744644203224,-0.3331732445739862,1.5001210715395754,0.1292668204918369,-0.5550288043891176,-0.693519828453495,1.341305667426587,2.386187389251882,0.9424333069675356,1.7336297650420915,-0.5288430888071284
0.4296372362189833,0.3144360034689937,0.0631139124110455,0.2818112417035271,-0.1596084768954652,0.1286493110363401,0.0826298504136378,-0.1084094268582554,0.2153096795984654,0.219414479573481,0.8632872757966125,0.5673065721753616,0.445187491183537,-0.3826161063402839,0.4980603834108756,-0.512976400137095,0.4426523410279722,1.379584434192952,0.4382499770522301,-0.3297721819531818,0.5288517262855869,0.7485461283830271,-0.6186785173422938,0.2876266488606367,-0.3098666532472835,1.7726602492833397,2.471734426718471,0.0824019382153033,0.1922279239834474,-0.6463810425440487,0.1358291421737789,-0.9083451060242022
-1.5780762767118544,-1.2853348071354005,-1.4890579459420763,-1.222049095906974,-0.995833489910634,-1.3752871343980937,-0.9106556014299652,-0.7676224166665411,-1.182741991337579,-1.1292218206044538,-1.2218892456038906,-1.1238214026959314,-1.078976541773571,-1.220572562616005,-1.4996104988353889,-0.2075688340426056,-1.0845366797339235,-1.195716734339504,-1.4169525199806638,-1.235145385985931,-0.8622252170476402,-1.9341062722645677,-0.203568452308037,-0.6024156062359433,4.1413003522225145,-0.9574999925953488,-0.4400345022290133,-1.2394731620678494,-0.875567537430426,0.2568046161466148,1.0172660559363758,1.6638352328915254
-0.8810783117396541,-1.0407688251149831,-0.9665990626702818,-1.1079743105460718,-0.9591641063766552,-1.178536870583221,-0.928220155359342,-0.6892353754491493,-1.0229030616193366,-0.958920492221353,-1.1456232424554982,-1.0867928378957792,-0.8712915654639134,-0.7991067990014123,-0.0885032282431639,0.716541283450604,-1.1660298459418963,-1.2739088465335198,-0.9740477199934728,-0.7889684315026569,0.6606857708229968,0.0344881661760446,0.0200004473130678,-0.7078372237712154,-0.6229471776811869,-1.422737771295585,-0.4064034053955426,-1.114733102527783,-0.5151758552056213,1.2156077646761765,0.0930767600510916,0.9891649800611702
0.0467800702696549,-0.2103952591823486,0.2366506304068424,-0.0622324489753856,-0.4237315378794889,-0.1428550609578763,-0.4272871701503537,-0.3560770322580233,-0.2933908689927043,-0.2891049812852636,-0.2884544764532458,-0.270941980396344,-0.2043044681012397,0.5664303232379279,-0.0627660760128107,-0.3795476980988942,-0.401799133015577,-0.2060659448232713,0.0357134367779285,-0.451547347204844,-0.0350014816507189,-0.0388875052039043,-0.7455858218693301,-0.5035186629036696,-0.5559105747636038,0.7624832386602584,-0.2197233887191853,-0.4895699098765943,-0.193004984070965,0.5830634787096943,0.3489756529280555,-0.5288430888071284
0.6855375000446186,0.5272580087947287,0.4098700047171378,0.4149360157491202,-0.1124764204575749,0.287711358359782,0.8469526161559459,-0.0830397255905054,0.3913669592505734,0.3952702634056066,0.716172467117703,0.7633874694033113,0.3615136772853074,-0.4554484223565174,-0.2054542743730885,-0.5258944873819824,-0.4386598384342483,0.602432550074947,0.4915292035677548,1.2996195397750414,-0.5607289098646239,0.5019006534769035,-0.839863014655845,0.2692422846232749,0.0799380666697927,0.9628989866854089,1.5479796141648436,0.3094578220931296,0.0663305189442173,-2.081030763738692,0.0091132705609736,-0.9505119968261
1.114114137712036,1.26413809678729,1.1093930233168448,1.1551972307690133,1.5278651304857676,0.7984655912314208,0.9889519780990071,0.1751527931446096,1.0950223940505397,0.8695321188411641,0.9680255748336036,0.9959033956679466,0.0928106393058414,0.0450916862427815,0.2921560412127261,-0.5021636455647591,0.328571119854515,0.8765959889034596,0.5038223662591116,0.6150408187183574,-0.9049502736531188,0.1417344095987635,-0.2457642652961151,0.2360924541700465,0.5743406024128863,0.0998047498933392,-0.965468677948361,1.1759715707941651,-0.2002712978201468,-0.3924403201656704,-1.5004103977846484,-0.2758417439957447
-0.5745285435202541,-0.7765144752564597,-0.5751992379864717,-0.7992163669001149,-0.8177027273657801,-0.7173467534721248,-0.8363325429639088,-0.5742131336839111,-0.7670382376434155,-0.8129573881966833,-0.849634610036974,-0.9636646275362928,-0.6491641260273081,-0.5630090297976348,-0.7783204582238338,-0.5310212490243545,-1.3119788098607317,-1.1852342400183145,-0.7323769559484979,-0.7533711653600882,1.728639284692384,2.0057202606112225,-0.457066428414523,-0.7523673389974166,-0.6158731373205782,-0.7800026368429093,2.0020214428128376,-0.6877906615052742,-0.4861249146876194,1.325394764457715,-0.5000077824441818,0.3144947272308149
-0.5745285435202541,-0.7765144752564597,-0.5751992379864717,-0.7992163669001149,-0.8177027273657801,-0.7173467534721248,-0.8363325429639088,-0.5742131336839111,-0.7670382376434155,-0.8129573881966833,-0.849634610036974,-0.9636646275362928,-0.6491641260273081,-0.5630090297976348,-0.7783204582238338,-0.5310212490243545,-1.3119788098607317,-1.1852342400183145,-0.7323769559484979,-0.7533711653600882,1.728639284692384,2.0057202606112225,-0.457066428414523,-0.7523673389974166,-0.6158731373205782,-0.7800026368429093,2.0020214428128376,-0.6877906615052742,-0.4861249146876194,1.325394764457715,-0.5000077824441818,0.3144947272308149
0.8454443473218137,0.7381022156175336,0.5796812001431201,0.7313108388436499,0.7054309108730238,0.4866340486619413,0.5160805139967659,-0.0029068255092302,0.5962815848891619,0.5276195773344942,0.884432825403475,0.9033165414191816,0.5123490471310708,2.992705418500113,0.5297947709208016,-0.5080008764831284,0.1531029236826901,1.010383328234441,0.3544231545878422,1.5509766059338237,0.1874693934631434,0.6568616979769254,0.2801136527889268,0.3604771049024036,0.1567971170558511,0.5630680291182092,0.6241748931716812,0.634580306640837,0.2959382459719454,-1.985435199804674,0.2518669137017295,-0.3180086347976425
0.6855375000446186,0.5272580087947287,0.4098700047171378,0.4149360157491202,-0.1124764204575749,0.287711358359782,0.8469526161559459,-0.0830397255905054,0.3913669592505734,0.3952702634056066,0.716172467117703,0.7633874694033113,0.3615136772853074,-0.4554484223565174,-0.2054542743730885,-0.5258944873819824,-0.4386598384342483,0.602432550074947,0.4915292035677548,1.2996195397750414,-0.5607289098646239,0.5019006534769035,-0.839863014655845,0.2692422846232749,0.0799380666697927,0.9628989866854089,1.5479796141648436,0.3094578220931296,0.0663305189442173,-2.081030763738692,0.0091132705609736,-0.9505119968261
1.1539658311899037,1.4989383501797924,1.4303846071085575,1.260568463461363,1.6356166100434777,1.6797957828956886,1.6690842795081433,1.2624714635685748,1.7332414432264251,1.3725631888434169,1.6483515482868052,1.4549346928184888,-0.2131171915433764,-0.4599363731525088,0.339811365640069,-0.5254899116374125,-0.2149093127984561,0.5410515716045815,1.241568716212545,2.107191967468017,-0.8344005845872645,0.054826613740022,-0.4290034863380065,3.1018590378014115,-0.0806158680214567,-0.1825578565974858,-0.2989647123816893,1.4095265811869206,2.457521066973057,0.2026273363964781,0.3329919193191797,-0.9083451060242022
0.0467800702696549,-0.2103952591823486,0.2366506304068424,-0.0622324489753856,-0.4237315378794889,-0.1428550609578763,-0.4272871701503537,-0.3560770322580233,-0.2933908689927043,-0.2891049812852636,-0.2884544764532458,-0.270941980396344,-0.2043044681012397,0.5664303232379279,-0.0627660760128107,-0.3795476980988942,-0.401799133015577,-0.2060659448232713,0.0357134367779285,-0.451547347204844,-0.0350014816507189,-0.0388875052039043,-0.7455858218693301,-0.5035186629036696,-0.5559105747636038,0.7624832386602584,-0.2197233887191853,-0.4895699098765943,-0.193004984070965,0.5830634787096943,0.3489756529280555,-0.5288430888071284
-1.5780762767118544,-1.2853348071354005,-1.4890579459420763,-1.222049095906974,-0.995833489910634,-1.3752871343980937,-0.9106556014299652,-0.7676224166665411,-1.182741991337579,-1.1292218206044538,-1.2218892456038906,-1.1238214026959314,-1.078976541773571,-1.220572562616005,-1.4996104988353889,-0.2075688340426056,-1.0845366797339235,-1.195716734339504,-1.4169525199806638,-1.235145385985931,-0.8622252170476402,-1.9341062722645677,-0.203568452308037,-0.6024156062359433,4.1413003522225145,-0.9574999925953488,-0.4400345022290133,-1.2394731620678494,-0.875567537430426,0.2568046161466148,1.0172660559363758,1.6638352328915254
0.4296372362189833,0.3144360034689937,0.0631139124110455,0.2818112417035271,-0.1596084768954652,0.1286493110363401,0.0826298504136378,-0.1084094268582554,0.2153096795984654,0.219414479573481,0.8632872757966125,0.5673065721753616,0.445187491183537,-0.3826161063402839,0.4980603834108756,-0.512976400137095,0.4426523410279722,1.379584434192952,0.4382499770522301,-0.3297721819531818,0.5288517262855869,0.7485461283830271,-0.6186785173422938,0.2876266488606367,-0.3098666532472835,1.7726602492833397,2.471734426718471,0.0824019382153033,0.1922279239834474,-0.6463810425440487,0.1358291421737789,-0.9083451060242022
1.634837858667418,1.7729882357505662,1.8674153333131327,1.429949083765116,1.6780429700525057,2.172059489357648,1.6790122866640376,1.993554659292163,2.0307562624302022,1.926835236337584,1.749884425785262,2.0449552248717784,3.960464505677201,-0.0660993604272626,-0.0850344002534402,-0.5319627099526829,-0.8752893993309534,1.608096101698883,3.0007239522968066,2.016740303458169,0.508079324123444,0.538860820390863,0.0201191075369981,2.118188870963328,-0.2228815478213706,1.413103926953087,-0.0111438755025325,1.601757481569292,2.576056716219592,0.2024393611413101,-1.303588717536631,-0.9926788876279976
-0.4158133146423159,-0.5156390671485809,-0.2295942353051585,-0.6815363809908588,-0.7163691545333031,-0.4274225629755183,-0.3756286776941668,-0.5314860397178413,-0.6768909132909836,-0.7180812905286489,-0.765431845959188,-0.8778925704699463,-0.4054678106528978,0.3640384560203087,-0.3124881293313158,-0.1421738718599445,0.4229523066499563,-1.0770248218508114,-0.4331963329288399,-0.7846209831731128,0.4401315817357081,0.9416018848439526,-0.6388604429073655,-0.8922957301086583,-0.6013986095765457,-1.0709722209675492,-0.7549626350899222,-0.4241782666737269,-0.758050734182464,0.9797529926203732,0.5567370804615919,-0.0650072899862589
-1.5780762767118544,-1.2853348071354005,-1.4890579459420763,-1.222049095906974,-0.995833489910634,-1.3752871343980937,-0.9106556014299652,-0.7676224166665411,-1.182741991337579,-1.1292218206044538,-1.2218892456038906,-1.1238214026959314,-1.078976541773571,-1.220572562616005,-1.4996104988353889,-0.2075688340426056,-1.0845366797339235,-1.195716734339504,-1.4169525199806638,-1.235145385985931,-0.8622252170476402,-1.9341062722645677,-0.203568452308037,-0.6024156062359433,4.1413003522225145,-0.9574999925953488,-0.4400345022290133,-1.2394731620678494,-0.875567537430426,0.2568046161466148,1.0172660559363758,1.6638352328915254
1.114114137712036,1.26413809678729,1.1093930233168448,1.1551972307690133,1.5278651304857676,0.7984655912314208,0.9889519780990071,0.1751527931446096,1.0950223940505397,0.8695321188411641,0.9680255748336036,0.9959033956679466,0.0928106393058414,0.0450916862427815,0.2921560412127261,-0.5021636455647591,0.328571119854515,0.8765959889034596,0.5038223662591116,0.6150408187183574,-0.9049502736531188,0.1417344095987635,-0.2457642652961151,0.2360924541700465,0.5743406024128863,0.0998047498933392,-0.965468677948361,1.1759715707941651,-0.2002712978201468,-0.3924403201656704,-1.5004103977846484,-0.2758417439957447
0.8454443473218137,0.7381022156175336,0.5796812001431201,0.7313108388436499,0.7054309108730238,0.4866340486619413,0.5160805139967659,-0.0029068255092302,0.5962815848891619,0.5276195773344942,0.884432825403475,0.9033165414191816,0.5123490471310708,2.992705418500113,0.5297947709208016,-0.5080008764831284,0.1531029236826901,1.010383328234441,0.3544231545878422,1.5509766059338237,0.1874693934631434,0.6568616979769254,0.2801136527889268,0.3604771049024036,0.1567971170558511,0.5630680291182092,0.6241748931716812,0.634580306640837,0.2959382459719454,-1.985435199804674,0.2518669137017295,-0.3180086347976425
-0.5423316038564112,-0.8790230803080108,-0.5776351580829776,-0.8413778804147585,-0.8786433803869615,-0.7612543718185624,-0.8530387149989495,-0.5284180065661105,-0.8333578735303937,-0.8114258135669624,-0.873843081703653,-0.9800482822543908,-0.599026234762078,-0.5361032579474385,-0.7114505528516966,-0.5387465329868496,-1.3467759404442667,-1.1964271808623395,-0.7202521163849369,-0.7445424974374026,1.6744198810807156,2.010244749692616,-0.4456550119075777,-0.6264936371207206,-0.5220309067564948,-0.8226648043708503,1.9876522747353786,-0.7609627615971244,-0.5156602653857938,1.3596822162214481,-0.5175554015550806,0.2633807131484484
0.8454443473218137,0.7381022156175336,0.5796812001431201,0.7313108388436499,0.7054309108730238,0.4866340486619413,0.5160805139967659,-0.0029068255092302,0.5962815848891619,0.5276195773344942,0.884432825403475,0.9033165414191816,0.5123490471310708,2.992705418500113,0.5297947709208016,-0.5080008764831284,0.1531029236826901,1.010383328234441,0.3544231545878422,1.5509766059338237,0.1874693934631434,0.6568616979769254,0.2801136527889268,0.3604771049024036,0.1567971170558511,0.5630680291182092,0.6241748931716812,0.634580306640837,0.2959382459719454,-1.985435199804674,0.2518669137017295,-0.3180086347976425
0.983192792075464,1.1020824166112646,0.9226776199623192,1.640225002665529,1.2439880625355269,0.7174605080099606,0.8903608719760274,0.101166222600256,0.9278870679531032,0.7306315049228542,0.9126114247841016,1.0722955929186837,0.694464641299481,0.350609846104008,0.8214838740665491,-0.517517027943281,0.7417106811905301,1.218978238186035,0.4699147802429916,0.7814555286516912,-0.6273444023344623,0.6767095169977737,0.5140218403299434,0.185433001764305,0.2479964395158768,0.9804402356133564,-0.3293763887295823,1.1468193099008537,-0.2747586366040263,-0.1930318102188625,-1.378780271126029,-0.1071741807881566
-0.4341798853153589,-0.4004250316508307,-0.0375503801587199,-0.3977188486978522,-0.6006331912722908,-0.1025511655173693,-0.797484333670673,-0.484000772783895,-0.5539115124408525,-0.6040115577816981,-0.539057378007905,-0.6936583276988406,-0.0510777392111037,0.8674382845449476,0.7448703474644359,-0.18567312628524,1.875004098526412,-0.8919430264447064,-0.082730184407668,-0.0970463781413462,0.4341698387618963,-0.4809988547154174,-0.576064392910523,-0.9059851322747566,-0.4904676350080633,0.0054245586513399,-1.0090010060328958,-0.1650148978817457,-0.7920160130317723,-0.8694819753243683,-0.105026324874296,-0.1915079623919492
1.1539658311899037,1.4989383501797924,1.4303846071085575,1.260568463461363,1.6356166100434777,1.6797957828956886,1.6690842795081433,1.2624714635685748,1.7332414432264251,1.3725631888434169,1.6483515482868052,1.4549346928184888,-0.2131171915433764,-0.4599363731525088,0.339811365640069,-0.5254899116374125,-0.2149093127984561,0.5410515716045815,1.241568716212545,2.107191967468017,-0.8344005845872645,0.054826613740022,-0.4290034863380065,3.1018590378014115,-0.0806158680214567,-0.1825578565974858,-0.2989647123816893,1.4095265811869206,2.457521066973057,0.2026273363964781,0.3329919193191797,-0.9083451060242022
0.9382696426116536,1.1416519982126092,1.2102332836434913,1.0343545488989578,1.4559150365867248,1.2935778088026484,1.5842015315909932,3.560490452001116,1.23997676910106,1.7102740971459127,1.084159698008358,0.8246743121129014,-0.2381894834827992,0.2174610515513577,0.0672187867119359,-0.5269661429804581,1.7986034158173814,1.17758416406618,0.3961568823980797,0.2146267909512746,-0.97646750166389,-0.1223329843332899,4.267964212934988,0.791377963137693,-0.0916512712443571,-0.1416873362622927,-1.252710618095895,1.7932569016213578,0.490731179559206,-1.9857334464928411,-0.484893412407306,-2.215518720883015
-0.4500685351684177,-0.804042862736019,-0.7139282168888367,-0.930306686217439,-0.8417814167228792,-0.9412961675998722,-0.8945958108808976,-0.6072468517896545,-0.8453400129736358,-0.8061255971819612,-0.950228241082124,-1.0075650522649366,-0.3100345425861195,0.4251605404794366,1.7599757938048577,2.445125901191275,-1.2466466771042315,-0.9406411055746452,-0.5327513058913766,-0.3090525977770498,2.595611458894491,0.8526211087347361,0.6411049410763716,-0.7670990930407418,-0.602695077383831,-0.4067551124062425,1.9103887212058603,-0.5941725566649548,-0.4803804651485308,0.5786584910264272,-0.3485836582951384,0.6096629628440963
-1.8177405464271457,-1.4388532237668776,-1.5779689073350345,-1.3772264440160389,-1.0236197216622258,-1.23545571060844,-1.3434664861303764,-0.7805788028106154,-1.2419807890274004,-1.1699044204033835,-1.2573590539125477,-1.168628529208759,-0.984068320917424,-0.6958373282231305,-1.4899613287632438,0.379109735733439,-0.5452502511264901,-0.5013146448547088,-1.3827034257535251,-1.2390819756604323,-0.9246118952292148,-1.8309815957481423,0.6343636453169,-0.7685873777248924,-0.4109397583861431,-1.3259284895922574,-0.2746446770053615,-1.3177671128297554,-0.9198094339051314,-0.3325285307608697,0.3067432080459878,1.7903359052972156
1.634837858667418,1.7729882357505662,1.8674153333131327,1.429949083765116,1.6780429700525057,2.172059489357648,1.6790122866640376,1.993554659292163,2.0307562624302022,1.926835236337584,1.749884425785262,2.0449552248717784,3.960464505677201,-0.0660993604272626,-0.0850344002534402,-0.5319627099526829,-0.8752893993309534,1.608096101698883,3.0007239522968066,2.016740303458169,0.508079324123444,0.538860820390863,0.0201191075369981,2.118188870963328,-0.2228815478213706,1.413103926953087,-0.0111438755025325,1.601757481569292,2.576056716219592,0.2024393611413101,-1.303588717536631,-0.9926788876279976
-0.4341798853153589,-0.4004250316508307,-0.0375503801587199,-0.3977188486978522,-0.6006331912722908,-0.1025511655173693,-0.797484333670673,-0.484000772783895,-0.5539115124408525,-0.6040115577816981,-0.539057378007905,-0.6936583276988406,-0.0510777392111037,0.8674382845449476,0.7448703474644359,-0.18567312628524,1.875004098526412,-0.8919430264447064,-0.082730184407668,-0.0970463781413462,0.4341698387618963,-0.4809988547154174,-0.576064392910523,-0.9059851322747566,-0.4904676350080633,0.0054245586513399,-1.0090010060328958,-0.1650148978817457,-0.7920160130317723,-0.8694819753243683,-0.105026324874296,-0.1915079623919492
-1.5780762767118544,-1.2853348071354005,-1.4890579459420763,-1.222049095906974,-0.995833489910634,-1.3752871343980937,-0.9106556014299652,-0.7676224166665411,-1.182741991337579,-1.1292218206044538,-1.2218892456038906,-1.1238214026959314,-1.078976541773571,-1.220572562616005,-1.4996104988353889,-0.2075688340426056,-1.0845366797339235,-1.195716734339504,-1.4169525199806638,-1.235145385985931,-0.8622252170476402,-1.9341062722645677,-0.203568452308037,-0.6024156062359433,4.1413003522225145,-0.9574999925953488,-0.4400345022290133,-1.2394731620678494,-0.875567537430426,0.2568046161466148,1.0172660559363758,1.6638352328915254
-0.8810783117396541,-1.0407688251149831,-0.9665990626702818,-1.1079743105460718,-0.9591641063766552,-1.178536870583221,-0.928220155359342,-0.6892353754491493,-1.0229030616193366,-0.958920492221353,-1.1456232424554982,-1.0867928378957792,-0.8712915654639134,-0.7991067990014123,-0.0885032282431639,0.716541283450604,-1.1660298459418963,-1.2739088465335198,-0.9740477199934728,-0.7889684315026569,0.6606857708229968,0.0344881661760446,0.0200004473130678,-0.7078372237712154,-0.6229471776811869,-1.422737771295585,-0.4064034053955426,-1.114733102527783,-0.5151758552056213,1.2156077646761765,0.0930767600510916,0.9891649800611702
0.1563744058565792,-0.0473135785659083,-0.437947221286496,0.0779235928882436,-0.3552896802750338,-0.0569389117557756,-0.1057964546760315,-0.2471085129295573,-0.1417601228386564,-0.1154023208721778,-0.0975742826787961,-0.0181070625941167,0.3543296910720463,-0.7932946046057785,-0.2453857091845438,-0.1902125193285793,1.4619925803114764,0.2582537084610392,0.3817667709642701,-0.3333836018088461,-0.2642288075705569,0.4078178993579289,-0.6476190236006003,-0.3836180708126383,-0.4759550769782965,1.162357007277984,0.1014171605667137,0.2698416903947453,-0.6985523288324258,-0.1443179207895172,0.1793802176413217,-0.3180086347976425
0.3486991707981831,0.0604298290035889,-0.183196526397,0.2618393737592187,-0.2851436872885191,0.1131049340312856,-0.0803240088387822,-0.1728893374408338,0.028133890622587,0.0089414856021664,0.6859085015263725,0.2768306814866749,0.3951699368406582,-0.57585755080946,-0.3232355344338599,-0.5026836959138499,1.0218893610684427,1.1399372593216934,1.3311169245020198,-0.3459290330492845,0.6767404938824108,0.4281219188301969,-0.6687923776886063,0.1102849883193637,-0.4127541607790779,0.8230814669840182,0.213965676546782,-0.3369596968403866,-0.2499977967714217,0.239573742207419,-0.018715816854753,-0.6131768704109208
-0.8810783117396541,-1.0407688251149831,-0.9665990626702818,-1.1079743105460718,-0.9591641063766552,-1.178536870583221,-0.928220155359342,-0.6892353754491493,-1.0229030616193366,-0.958920492221353,-1.1456232424554982,-1.0867928378957792,-0.8712915654639134,-0.7991067990014123,-0.0885032282431639,0.716541283450604,-1.1660298459418963,-1.2739088465335198,-0.9740477199934728,-0.7889684315026569,0.6606857708229968,0.0344881661760446,0.0200004473130678,-0.7078372237712154,-0.6229471776811869,-1.422737771295585,-0.4064034053955426,-1.114733102527783,-0.5151758552056213,1.2156077646761765,0.0930767600510916,0.9891649800611702
0.983192792075464,1.1020824166112646,0.9226776199623192,1.640225002665529,1.2439880625355269,0.7174605080099606,0.8903608719760274,0.101166222600256,0.9278870679531032,0.7306315049228542,0.9126114247841016,1.0722955929186837,0.694464641299481,0.350609846104008,0.8214838740665491,-0.517517027943281,0.7417106811905301,1.218978238186035,0.4699147802429916,0.7814555286516912,-0.6273444023344623,0.6767095169977737,0.5140218403299434,0.185433001764305,0.2479964395158768,0.9804402356133564,-0.3293763887295823,1.1468193099008537,-0.2747586366040263,-0.1930318102188625,-1.378780271126029,-0.1071741807881566
0.983192792075464,1.1020824166112646,0.9226776199623192,1.640225002665529,1.2439880625355269,0.7174605080099606,0.8903608719760274,0.101166222600256,0.9278870679531032,0.7306315049228542,0.9126114247841016,1.0722955929186837,0.694464641299481,0.350609846104008,0.8214838740665491,-0.517517027943281,0.7417106811905301,1.218978238186035,0.4699147802429916,0.7814555286516912,-0.6273444023344623,0.6767095169977737,0.5140218403299434,0.185433001764305,0.2479964395158768,0.9804402356133564,-0.3293763887295823,1.1468193099008537,-0.2747586366040263,-0.1930318102188625,-1.378780271126029,-0.1071741807881566
1.1539658311899037,1.4989383501797924,1.4303846071085575,1.260568463461363,1.6356166100434777,1.6797957828956886,1.6690842795081433,1.2624714635685748,1.7332414432264251,1.3725631888434169,1.6483515482868052,1.4549346928184888,-0.2131171915433764,-0.4599363731525088,0.339811365640069,-0.5254899116374125,-0.2149093127984561,0.5410515716045815,1.241568716212545,2.107191967468017,-0.8344005845872645,0.054826613740022,-0.4290034863380065,3.1018590378014115,-0.0806158680214567,-0.1825578565974858,-0.2989647123816893,1.4095265811869206,2.457521066973057,0.2026273363964781,0.3329919193191797,-0.9083451060242022
0.6855375000446186,0.5272580087947287,0.4098700047171378,0.4149360157491202,-0.1124764204575749,0.287711358359782,0.8469526161559459,-0.0830397255905054,0.3913669592505734,0.3952702634056066,0.716172467117703,0.7633874694033113,0.3615136772853074,-0.4554484223565174,-0.2054542743730885,-0.5258944873819824,-0.4386598384342483,0.602432550074947,0.4915292035677548,1.2996195397750414,-0.5607289098646239,0.5019006534769035,-0.839863014655845,0.2692422846232749,0.0799380666697927,0.9628989866854089,1.5479796141648436,0.3094578220931296,0.0663305189442173,-2.081030763738692,0.0091132705609736,-0.9505119968261
-1.5780762767118544,-1.2853348071354005,-1.4890579459420763,-1.222049095906974,-0.995833489910634,-1.3752871343980937,-0.9106556014299652,-0.7676224166665411,-1.182741991337579,-1.1292218206044538,-1.2218892456038906,-1.1238214026959314,-1.078976541773571,-1.220572562616005,-1.4996104988353889,-0.2075688340426056,-1.0845366797339235,-1.195716734339504,-1.4169525199806638,-1.235145385985931,-0.8622252170476402,-1.9341062722645677,-0.203568452308037,-0.6024156062359433,4.1413003522225145,-0.9574999925953488,-0.4400345022290133,-1.2394731620678494,-0.875567537430426,0.2568046161466148,1.0172660559363758,1.6638352328915254
0.1563744058565792,-0.0473135785659083,-0.437947221286496,0.0779235928882436,-0.3552896802750338,-0.0569389117557756,-0.1057964546760315,-0.2471085129295573,-0.1417601228386564,-0.1154023208721778,-0.0975742826787961,-0.0181070625941167,0.3543296910720463,-0.7932946046057785,-0.2453857091845438,-0.1902125193285793,1.4619925803114764,0.2582537084610392,0.3817667709642701,-0.3333836018088461,-0.2642288075705569,0.4078178993579289,-0.6476190236006003,-0.3836180708126383,-0.4759550769782965,1.162357007277984,0.1014171605667137,0.2698416903947453,-0.6985523288324258,-0.1443179207895172,0.1793802176413217,-0.3180086347976425
-1.5780762767118544,-1.2853348071354005,-1.4890579459420763,-1.222049095906974,-0.995833489910634,-1.3752871343980937,-0.9106556014299652,-0.7676224166665411,-1.182741991337579,-1.1292218206044538,-1.2218892456038906,-1.1238214026959314,-1.078976541773571,-1.220572562616005,-1.4996104988353889,-0.2075688340426056,-1.0845366797339235,-1.195716734339504,-1.4169525199806638,-1.235145385985931,-0.8622252170476402,-1.9341062722645677,-0.203568452308037,-0.6024156062359433,4.1413003522225145,-0.9574999925953488,-0.4400345022290133,-1.2394731620678494,-0.875567537430426,0.2568046161466148,1.0172660559363758,1.6638352328915254
0.3486991707981831,0.0604298290035889,-0.183196526397,0.2618393737592187,-0.2851436872885191,0.1131049340312856,-0.0803240088387822,-0.1728893374408338,0.028133890622587,0.0089414856021664,0.6859085015263725,0.2768306814866749,0.3951699368406582,-0.57585755080946,-0.3232355344338599,-0.5026836959138499,1.0218893610684427,1.1399372593216934,1.3311169245020198,-0.3459290330492845,0.6767404938824108,0.4281219188301969,-0.6687923776886063,0.1102849883193637,-0.4127541607790779,0.8230814669840182,0.213965676546782,-0.3369596968403866,-0.2499977967714217,0.239573742207419,-0.018715816854753,-0.6131768704109208
-0.7029019306446641,-1.0257794243251468,-0.8677667756119058,-1.0839827074462345,-0.8882969786261081,-1.0914740020068785,-0.6950027662446908,-0.6685160824158642,-0.9359900220491528,-0.8796152257153622,-1.076843502493566,-1.04002541427511,-0.4524985490577865,0.0442990391639978,1.74735073041983,0.9219796693900166,-1.119668381660177,-0.3998458052591225,-0.705423145487409,-0.6443974109225207,1.8494099182530264,-0.059090757393059,0.6884469036202724,-0.7307832436383805,-0.574874240527434,-0.4643174975093811,0.3500277542435302,-1.0529301402162157,-0.1355841172341096,0.3094723832560785,-0.0518429599688844,0.9048311984573746
-2.049251818906184,-1.4635929427149093,-1.6649276531555992,-1.4865952568628196,-1.0718093845742451,-1.38010826948144,-1.5343806745373951,-0.7897148816589122,-1.2954099955327305,-1.2458967504700864,-1.2982376032005825,-1.1974835960832422,-1.082194364167608,-1.2346694123329596,-2.0913605913461977,3.567452208514911,-0.83148437929783,-1.3335130561407402,-1.5223491639851672,-1.3225103767929247,-1.2158505841827034,-2.0993382237308644,-0.1744423782199061,-0.8479379859169895,-0.5407959498009259,-1.5358284810537486,-0.8932423004808223,-1.4480044102094225,-0.6930246742878864,0.7295589439744146,-0.8762567137464611,1.916836577702909
-0.7029019306446641,-1.0257794243251468,-0.8677667756119058,-1.0839827074462345,-0.8882969786261081,-1.0914740020068785,-0.6950027662446908,-0.6685160824158642,-0.9359900220491528,-0.8796152257153622,-1.076843502493566,-1.04002541427511,-0.4524985490577865,0.0442990391639978,1.74735073041983,0.9219796693900166,-1.119668381660177,-0.3998458052591225,-0.705423145487409,-0.6443974109225207,1.8494099182530264,-0.059090757393059,0.6884469036202724,-0.7307832436383805,-0.574874240527434,-0.4643174975093811,0.3500277542435302,-1.0529301402162157,-0.1355841172341096,0.3094723832560785,-0.0518429599688844,0.9048311984573746
-1.1835438141686836,-1.2672972490523928,-1.3382837405390793,-1.361657779495609,-1.0359365766518909,-1.3047603731743185,-1.0871217041057006,-0.7473253484052141,-1.098613012794483,-1.089975436264934,-1.1870895497629086,-1.0955161834252498,-1.099117760241202,-1.2715443130429729,-1.7867587834903431,-0.2201036644720352,-1.2367332728351137,-1.5428321347942515,-1.2211393461783508,-1.0250886522104603,-0.8020115316663434,-1.8961225690018508,0.0042499772884305,-0.4891875589007493,1.6294384206659,-1.6110429076946178,-0.9629010220759332,-1.1378527423274232,-0.4628332566757289,-0.4207629164363726,2.95634767709298,1.4530007788820396
0.983192792075464,1.1020824166112646,0.9226776199623192,1.640225002665529,1.2439880625355269,0.7174605080099606,0.8903608719760274,0.101166222600256,0.9278870679531032,0.7306315049228542,0.9126114247841016,1.0722955929186837,0.694464641299481,0.350609846104008,0.8214838740665491,-0.517517027943281,0.7417106811905301,1.218978238186035,0.4699147802429916,0.7814555286516912,-0.6273444023344623,0.6767095169977737,0.5140218403299434,0.185433001764305,0.2479964395158768,0.9804402356133564,-0.3293763887295823,1.1468193099008537,-0.2747586366040263,-0.1930318102188625,-1.378780271126029,-0.1071741807881566
-1.1835438141686836,-1.2672972490523928,-1.3382837405390793,-1.361657779495609,-1.0359365766518909,-1.3047603731743185,-1.0871217041057006,-0.7473253484052141,-1.098613012794483,-1.089975436264934,-1.1870895497629086,-1.0955161834252498,-1.099117760241202,-1.2715443130429729,-1.7867587834903431,-0.2201036644720352,-1.2367332728351137,-1.5428321347942515,-1.2211393461783508,-1.0250886522104603,-0.8020115316663434,-1.8961225690018508,0.0042499772884305,-0.4891875589007493,1.6294384206659,-1.6110429076946178,-0.9629010220759332,-1.1378527423274232,-0.4628332566757289,-0.4207629164363726,2.95634767709298,1.4530007788820396
-0.4500685351684177,-0.804042862736019,-0.7139282168888367,-0.930306686217439,-0.8417814167228792,-0.9412961675998722,-0.8945958108808976,-0.6072468517896545,-0.8453400129736358,-0.8061255971819612,-0.950228241082124,-1.0075650522649366,-0.3100345425861195,0.4251605404794366,1.7599757938048577,2.445125901191275,-1.2466466771042315,-0.9406411055746452,-0.5327513058913766,-0.3090525977770498,2.595611458894491,0.8526211087347361,0.6411049410763716,-0.7670990930407418,-0.602695077383831,-0.4067551124062425,1.9103887212058603,-0.5941725566649548,-0.4803804651485308,0.5786584910264272,-0.3485836582951384,0.6096629628440963
-0.4500685351684177,-0.804042862736019,-0.7139282168888367,-0.930306686217439,-0.8417814167228792,-0.9412961675998722,-0.8945958108808976,-0.6072468517896545,-0.8453400129736358,-0.8061255971819612,-0.950228241082124,-1.0075650522649366,-0.3100345425861195,0.4251605404794366,1.7599757938048577,2.445125901191275,-1.2466466771042315,-0.9406411055746452,-0.5327513058913766,-0.3090525977770498,2.595611458894491,0.8526211087347361,0.6411049410763716,-0.7670990930407418,-0.602695077383831,-0.4067551124062425,1.9103887212058603,-0.5941725566649548,-0.4803804651485308,0.5786584910264272,-0.3485836582951384,0.6096629628440963
0.4296372362189833,0.3144360034689937,0.0631139124110455,0.2818112417035271,-0.1596084768954652,0.1286493110363401,0.0826298504136378,-0.1084094268582554,0.2153096795984654,0.219414479573481,0.8632872757966125,0.5673065721753616,0.445187491183537,-0.3826161063402839,0.4980603834108756,-0.512976400137095,0.4426523410279722,1.379584434192952,0.4382499770522301,-0.3297721819531818,0.5288517262855869,0.7485461283830271,-0.6186785173422938,0.2876266488606367,-0.3098666532472835,1.7726602492833397,2.471734426718471,0.0824019382153033,0.1922279239834474,-0.6463810425440487,0.1358291421737789,-0.9083451060242022
0.9382696426116536,1.1416519982126092,1.2102332836434913,1.0343545488989578,1.4559150365867248,1.2935778088026484,1.5842015315909932,3.560490452001116,1.23997676910106,1.7102740971459127,1.084159698008358,0.8246743121129014,-0.2381894834827992,0.2174610515513577,0.0672187867119359,-0.5269661429804581,1.7986034158173814,1.17758416406618,0.3961568823980797,0.2146267909512746,-0.97646750166389,-0.1223329843332899,4.267964212934988,0.791377963137693,-0.0916512712443571,-0.1416873362622927,-1.252710618095895,1.7932569016213578,0.490731179559206,-1.9857334464928411,-0.484893412407306,-2.215518720883015
-0.5745285435202541,-0.7765144752564597,-0.5751992379864717,-0.7992163669001149,-0.8177027273657801,-0.7173467534721248,-0.8363325429639088,-0.5742131336839111,-0.7670382376434155,-0.8129573881966833,-0.849634610036974,-0.9636646275362928,-0.6491641260273081,-0.5630090297976348,-0.7783204582238338,-0.5310212490243545,-1.3119788098607317,-1.1852342400183145,-0.7323769559484979,-0.7533711653600882,1.728639284692384,2.0057202606112225,-0.457066428414523,-0.7523673389974166,-0.6158731373205782,-0.7800026368429093,2.0020214428128376,-0.6877906615052742,-0.4861249146876194,1.325394764457715,-0.5000077824441818,0.3144947272308149
0.6855375000446186,0.5272580087947287,0.4098700047171378,0.4149360157491202,-0.1124764204575749,0.287711358359782,0.8469526161559459,-0.0830397255905054,0.3913669592505734,0.3952702634056066,0.716172467117703,0.7633874694033113,0.3615136772853074,-0.4554484223565174,-0.2054542743730885,-0.5258944873819824,-0.4386598384342483,0.602432550074947,0.4915292035677548,1.2996195397750414,-0.5607289098646239,0.5019006534769035,-0.839863014655845,0.2692422846232749,0.0799380666697927,0.9628989866854089,1.5479796141648436,0.3094578220931296,0.0663305189442173,-2.081030763738692,0.0091132705609736,-0.9505119968261
-0.8810783117396541,-1.0407688251149831,-0.9665990626702818,-1.1079743105460718,-0.9591641063766552,-1.178536870583221,-0.928220155359342,-0.6892353754491493,-1.0229030616193366,-0.958920492221353,-1.1456232424554982,-1.0867928378957792,-0.8712915654639134,-0.7991067990014123,-0.0885032282431639,0.716541283450604,-1.1660298459418963,-1.2739088465335198,-0.9740477199934728,-0.7889684315026569,0.6606857708229968,0.0344881661760446,0.0200004473130678,-0.7078372237712154,-0.6229471776811869,-1.422737771295585,-0.4064034053955426,-1.114733102527783,-0.5151758552056213,1.2156077646761765,0.0930767600510916,0.9891649800611702
1.634837858667418,1.7729882357505662,1.8674153333131327,1.429949083765116,1.6780429700525057,2.172059489357648,1.6790122866640376,1.993554659292163,2.0307562624302022,1.926835236337584,1.749884425785262,2.0449552248717784,3.960464505677201,-0.0660993604272626,-0.0850344002534402,-0.5319627099526829,-0.8752893993309534,1.608096101698883,3.0007239522968066,2.016740303458169,0.508079324123444,0.538860820390863,0.0201191075369981,2.118188870963328,-0.2228815478213706,1.413103926953087,-0.0111438755025325,1.601757481569292,2.576056716219592,0.2024393611413101,-1.303588717536631,-0.9926788876279976
-1.5780762767118544,-1.2853348071354005,-1.4890579459420763,-1.222049095906974,-0.995833489910634,-1.3752871343980937,-0.9106556014299652,-0.7676224166665411,-1.182741991337579,-1.1292218206044538,-1.2218892456038906,-1.1238214026959314,-1.078976541773571,-1.220572562616005,-1.4996104988353889,-0.2075688340426056,-1.0845366797339235,-1.195716734339504,-1.4169525199806638,-1.235145385985931,-0.8622252170476402,-1.9341062722645677,-0.203568452308037,-0.6024156062359433,4.1413003522225145,-0.9574999925953488,-0.4400345022290133,-1.2394731620678494,-0.875567537430426,0.2568046161466148,1.0172660559363758,1.6638352328915254
-0.7029019306446641,-1.0257794243251468,-0.8677667756119058,-1.0839827074462345,-0.8882969786261081,-1.0914740020068785,-0.6950027662446908,-0.6685160824158642,-0.9359900220491528,-0.8796152257153622,-1.076843502493566,-1.04002541427511,-0.4524985490577865,0.0442990391639978,1.74735073041983,0.9219796693900166,-1.119668381660177,-0.3998458052591225,-0.705423145487409,-0.6443974109225207,1.8494099182530264,-0.059090757393059,0.6884469036202724,-0.7307832436383805,-0.574874240527434,-0.4643174975093811,0.3500277542435302,-1.0529301402162157,-0.1355841172341096,0.3094723832560785,-0.0518429599688844,0.9048311984573746
0.8454443473218137,0.7381022156175336,0.5796812001431201,0.7313108388436499,0.7054309108730238,0.4866340486619413,0.5160805139967659,-0.0029068255092302,0.5962815848891619,0.5276195773344942,0.884432825403475,0.9033165414191816,0.5123490471310708,2.992705418500113,0.5297947709208016,-0.5080008764831284,0.1531029236826901,1.010383328234441,0.3544231545878422,1.5509766059338237,0.1874693934631434,0.6568616979769254,0.2801136527889268,0.3604771049024036,0.1567971170558511,0.5630680291182092,0.6241748931716812,0.634580306640837,0.2959382459719454,-1.985435199804674,0.2518669137017295,-0.3180086347976425
0.6855375000446186,0.5272580087947287,0.4098700047171378,0.4149360157491202,-0.1124764204575749,0.287711358359782,0.8469526161559459,-0.0830397255905054,0.3913669592505734,0.3952702634056066,0.716172467117703,0.7633874694033113,0.3615136772853074,-0.4554484223565174,-0.2054542743730885,-0.5258944873819824,-0.4386598384342483,0.602432550074947,0.4915292035677548,1.2996195397750414,-0.5607289098646239,0.5019006534769035,-0.839863014655845,0.2692422846232749,0.0799380666697927,0.9628989866854089,1.5479796141648436,0.3094578220931296,0.0663305189442173,-2.081030763738692,0.0091132705609736,-0.9505119968261
-0.4341798853153589,-0.4004250316508307,-0.0375503801587199,-0.3977188486978522,-0.6006331912722908,-0.1025511655173693,-0.797484333670673,-0.484000772783895,-0.5539115124408525,-0.6040115577816981,-0.539057378007905,-0.6936583276988406,-0.0510777392111037,0.8674382845449476,0.7448703474644359,-0.18567312628524,1.875004098526412,-0.8919430264447064,-0.082730184407668,-0.0970463781413462,0.4341698387618963,-0.4809988547154174,-0.576064392910523,-0.9059851322747566,-0.4904676350080633,0.0054245586513399,-1.0090010060328958,-0.1650148978817457,-0.7920160130317723,-0.8694819753243683,-0.105026324874296,-0.1915079623919492
1.634837858667418,1.7729882357505662,1.8674153333131327,1.429949083765116,1.6780429700525057,2.172059489357648,1.6790122866640376,1.993554659292163,2.0307562624302022,1.926835236337584,1.749884425785262,2.0449552248717784,3.960464505677201,-0.0660993604272626,-0.0850344002534402,-0.5319627099526829,-0.8752893993309534,1.608096101698883,3.0007239522968066,2.016740303458169,0.508079324123444,0.538860820390863,0.0201191075369981,2.118188870963328,-0.2228815478213706,1.413103926953087,-0.0111438755025325,1.601757481569292,2.576056716219592,0.2024393611413101,-1.303588717536631,-0.9926788876279976
0.9382696426116536,1.1416519982126092,1.2102332836434913,1.0343545488989578,1.4559150365867248,1.2935778088026484,1.5842015315909932,3.560490452001116,1.23997676910106,1.7102740971459127,1.084159698008358,0.8246743121129014,-0.2381894834827992,0.2174610515513577,0.0672187867119359,-0.5269661429804581,1.7986034158173814,1.17758416406618,0.3961568823980797,0.2146267909512746,-0.97646750166389,-0.1223329843332899,4.267964212934988,0.791377963137693,-0.0916512712443571,-0.1416873362622927,-1.252710618095895,1.7932569016213578,0.490731179559206,-1.9857334464928411,-0.484893412407306,-2.215518720883015
0.4296372362189833,0.3144360034689937,0.0631139124110455,0.2818112417035271,-0.1596084768954652,0.1286493110363401,0.0826298504136378,-0.1084094268582554,0.2153096795984654,0.219414479573481,0.8632872757966125,0.5673065721753616,0.445187491183537,-0.3826161063402839,0.4980603834108756,-0.512976400137095,0.4426523410279722,1.379584434192952,0.4382499770522301,-0.3297721819531818,0.5288517262855869,0.7485461283830271,-0.6186785173422938,0.2876266488606367,-0.3098666532472835,1.7726602492833397,2.471734426718471,0.0824019382153033,0.1922279239834474,-0.6463810425440487,0.1358291421737789,-0.9083451060242022
1.1539658311899037,1.4989383501797924,1.4303846071085575,1.260568463461363,1.6356166100434777,1.6797957828956886,1.6690842795081433,1.2624714635685748,1.7332414432264251,1.3725631888434169,1.6483515482868052,1.4549346928184888,-0.2131171915433764,-0.4599363731525088,0.339811365640069,-0.5254899116374125,-0.2149093127984561,0.5410515716045815,1.241568716212545,2.107191967468017,-0.8344005845872645,0.054826613740022,-0.4290034863380065,3.1018590378014115,-0.0806158680214567,-0.1825578565974858,-0.2989647123816893,1.4095265811869206,2.457521066973057,0.2026273363964781,0.3329919193191797,-0.9083451060242022
-2.049251818906184,-1.4635929427149093,-1.6649276531555992,-1.4865952568628196,-1.0718093845742451,-1.38010826948144,-1.5343806745373951,-0.7897148816589122,-1.2954099955327305,-1.2458967504700864,-1.2982376032005825,-1.1974835960832422,-1.082194364167608,-1.2346694123329596,-2.0913605913461977,3.567452208514911,-0.83148437929783,-1.3335130561407402,-1.5223491639851672,-1.3225103767929247,-1.2158505841827034,-2.0993382237308644,-0.1744423782199061,-0.8479379859169895,-0.5407959498009259,-1.5358284810537486,-0.8932423004808223,-1.4480044102094225,-0.6930246742878864,0.7295589439744146,-0.8762567137464611,1.916836577702909
-2.049251818906184,-1.4635929427149093,-1.6649276531555992,-1.4865952568628196,-1.0718093845742451,-1.38010826948144,-1.5343806745373951,-0.7897148816589122,-1.2954099955327305,-1.2458967504700864,-1.2982376032005825,-1.1974835960832422,-1.082194364167608,-1.2346694123329596,-2.0913605913461977,3.567452208514911,-0.83148437929783,-1.3335130561407402,-1.5223491639851672,-1.3225103767929247,-1.2158505841827034,-2.0993382237308644,-0.1744423782199061,-0.8479379859169895,-0.5407959498009259,-1.5358284810537486,-0.8932423004808223,-1.4480044102094225,-0.6930246742878864,0.7295589439744146,-0.8762567137464611,1.916836577702909
0.3486991707981831,0.0604298290035889,-0.183196526397,0.2618393737592187,-0.2851436872885191,0.1131049340312856,-0.0803240088387822,-0.1728893374408338,0.028133890622587,0.0089414856021664,0.6859085015263725,0.2768306814866749,0.3951699368406582,-0.57585755080946,-0.3232355344338599,-0.5026836959138499,1.0218893610684427,1.1399372593216934,1.3311169245020198,-0.3459290330492845,0.6767404938824108,0.4281219188301969,-0.6687923776886063,0.1102849883193637,-0.4127541607790779,0.8230814669840182,0.213965676546782,-0.3369596968403866,-0.2499977967714217,0.239573742207419,-0.018715816854753,-0.6131768704109208
-1.1835438141686836,-1.2672972490523928,-1.3382837405390793,-1.361657779495609,-1.0359365766518909,-1.3047603731743185,-1.0871217041057006,-0.7473253484052141,-1.098613012794483,-1.089975436264934,-1.1870895497629086,-1.0955161834252498,-1.099117760241202,-1.2715443130429729,-1.7867587834903431,-0.2201036644720352,-1.2367332728351137,-1.5428321347942515,-1.2211393461783508,-1.0250886522104603,-0.8020115316663434,-1.8961225690018508,0.0042499772884305,-0.4891875589007493,1.6294384206659,-1.6110429076946178,-0.9629010220759332,-1.1378527423274232,-0.4628332566757289,-0.4207629164363726,2.95634767709298,1.4530007788820396
-1.5780762767118544,-1.2853348071354005,-1.4890579459420763,-1.222049095906974,-0.995833489910634,-1.3752871343980937,-0.9106556014299652,-0.7676224166665411,-1.182741991337579,-1.1292218206044538,-1.2218892456038906,-1.1238214026959314,-1.078976541773571,-1.220572562616005,-1.4996104988353889,-0.2075688340426056,-1.0845366797339235,-1.195716734339504,-1.4169525199806638,-1.235145385985931,-0.8622252170476402,-1.9341062722645677,-0.203568452308037,-0.6024156062359433,4.1413003522225145,-0.9574999925953488,-0.4400345022290133,-1.2394731620678494,-0.875567537430426,0.2568046161466148,1.0172660559363758,1.6638352328915254
0.1563744058565792,-0.0473135785659083,-0.437947221286496,0.0779235928882436,-0.3552896802750338,-0.0569389117557756,-0.1057964546760315,-0.2471085129295573,-0.1417601228386564,-0.1154023208721778,-0.0975742826787961,-0.0181070625941167,0.3543296910720463,-0.7932946046057785,-0.2453857091845438,-0.1902125193285793,1.4619925803114764,0.2582537084610392,0.3817667709642701,-0.3333836018088461,-0.2642288075705569,0.4078178993579289,-0.6476190236006003,-0.3836180708126383,-0.4759550769782965,1.162357007277984,0.1014171605667137,0.2698416903947453,-0.6985523288324258,-0.1443179207895172,0.1793802176413217,-0.3180086347976425
0.1563744058565792,-0.0473135785659083,-0.437947221286496,0.0779235928882436,-0.3552896802750338,-0.0569389117557756,-0.1057964546760315,-0.2471085129295573,-0.1417601228386564,-0.1154023208721778,-0.0975742826787961,-0.0181070625941167,0.3543296910720463,-0.7932946046057785,-0.2453857091845438,-0.1902125193285793,1.4619925803114764,0.2582537084610392,0.3817667709642701,-0.3333836018088461,-0.2642288075705569,0.4078178993579289,-0.6476190236006003,-0.3836180708126383,-0.4759550769782965,1.162357007277984,0.1014171605667137,0.2698416903947453,-0.6985523288324258,-0.1443179207895172,0.1793802176413217,-0.3180086347976425
1.1539658311899037,1.4989383501797924,1.4303846071085575,1.260568463461363,1.6356166100434777,1.6797957828956886,1.6690842795081433,1.2624714635685748,1.7332414432264251,1.3725631888434169,1.6483515482868052,1.4549346928184888,-0.2131171915433764,-0.4599363731525088,0.339811365640069,-0.5254899116374125,-0.2149093127984561,0.5410515716045815,1.241568716212545,2.107191967468017,-0.8344005845872645,0.054826613740022,-0.4290034863380065,3.1018590378014115,-0.0806158680214567,-0.1825578565974858,-0.2989647123816893,1.4095265811869206,2.457521066973057,0.2026273363964781,0.3329919193191797,-0.9083451060242022
-0.146628175030077,-0.2247794030848548,0.159639443851783,0.0217310770682206,-0.4179719574252581,0.396919353180963,-0.4585407715421138,-0.4235569726939967,-0.4195386946653581,-0.4716462965312046,-0.4557055475343667,-0.415617459493911,0.3834618400441292,1.6947201316423053,1.224429902966411,-0.4775055142995487,0.5733935539831251,-0.4558204931889167,0.1255179781964903,-0.5347730235540413,0.1742642976740501,-0.2020494095453242,-0.5158164146917273,-0.7063836401374144,-0.5641261723582708,1.130617537610769,-0.4974024726721137,-0.4802841563456236,-0.489932151940465,1.8420303208297435,0.396288852094476,-0.3601755255995402
0.877859539983099,0.9284812210475348,0.8695048454908714,1.1220468862604986,0.9411444138574524,0.6760439097427877,0.6276174938085415,0.0598046366308749,0.8252688589657505,0.5874855905038561,0.8797209012396516,1.007382058710873,0.6686888185281938,1.6059747776803983,1.1706116992346778,-0.5161259044239899,1.358954168963903,0.6034181347459333,0.3532355328426836,0.6426350208803544,-0.4248538041891673,0.7743715572383858,0.0239135326109679,0.0973132383814232,0.2146750918637649,0.7784191204754152,-0.2122101786183744,0.7238115461235602,-0.2399088430746092,-0.3562735761340631,-1.7501404600112933,-0.3601755255995402
-1.8177405464271457,-1.4388532237668776,-1.5779689073350345,-1.3772264440160389,-1.0236197216622258,-1.23545571060844,-1.3434664861303764,-0.7805788028106154,-1.2419807890274004,-1.1699044204033835,-1.2573590539125477,-1.168628529208759,-0.984068320917424,-0.6958373282231305,-1.4899613287632438,0.379109735733439,-0.5452502511264901,-0.5013146448547088,-1.3827034257535251,-1.2390819756604323,-0.9246118952292148,-1.8309815957481423,0.6343636453169,-0.7685873777248924,-0.4109397583861431,-1.3259284895922574,-0.2746446770053615,-1.3177671128297554,-0.9198094339051314,-0.3325285307608697,0.3067432080459878,1.7903359052972156
0.0467800702696549,-0.2103952591823486,0.2366506304068424,-0.0622324489753856,-0.4237315378794889,-0.1428550609578763,-0.4272871701503537,-0.3560770322580233,-0.2933908689927043,-0.2891049812852636,-0.2884544764532458,-0.270941980396344,-0.2043044681012397,0.5664303232379279,-0.0627660760128107,-0.3795476980988942,-0.401799133015577,-0.2060659448232713,0.0357134367779285,-0.451547347204844,-0.0350014816507189,-0.0388875052039043,-0.7455858218693301,-0.5035186629036696,-0.5559105747636038,0.7624832386602584,-0.2197233887191853,-0.4895699098765943,-0.193004984070965,0.5830634787096943,0.3489756529280555,-0.5288430888071284
0.983192792075464,1.1020824166112646,0.9226776199623192,1.640225002665529,1.2439880625355269,0.7174605080099606,0.8903608719760274,0.101166222600256,0.9278870679531032,0.7306315049228542,0.9126114247841016,1.0722955929186837,0.694464641299481,0.350609846104008,0.8214838740665491,-0.517517027943281,0.7417106811905301,1.218978238186035,0.4699147802429916,0.7814555286516912,-0.6273444023344623,0.6767095169977737,0.5140218403299434,0.185433001764305,0.2479964395158768,0.9804402356133564,-0.3293763887295823,1.1468193099008537,-0.2747586366040263,-0.1930318102188625,-1.378780271126029,-0.1071741807881566
1.634837858667418,1.7729882357505662,1.8674153333131327,1.429949083765116,1.6780429700525057,2.172059489357648,1.6790122866640376,1.993554659292163,2.0307562624302022,1.926835236337584,1.749884425785262,2.0449552248717784,3.960464505677201,-0.0660993604272626,-0.0850344002534402,-0.5319627099526829,-0.8752893993309534,1.608096101698883,3.0007239522968066,2.016740303458169,0.508079324123444,0.538860820390863,0.0201191075369981,2.118188870963328,-0.2228815478213706,1.413103926953087,-0.0111438755025325,1.601757481569292,2.576056716219592,0.2024393611413101,-1.303588717536631,-0.9926788876279976
1.114114137712036,1.26413809678729,1.1093930233168448,1.1551972307690133,1.5278651304857676,0.7984655912314208,0.9889519780990071,0.1751527931446096,1.0950223940505397,0.8695321188411641,0.9680255748336036,0.9959033956679466,0.0928106393058414,0.0450916862427815,0.2921560412127261,-0.5021636455647591,0.328571119854515,0.8765959889034596,0.5038223662591116,0.6150408187183574,-0.9049502736531188,0.1417344095987635,-0.2457642652961151,0.2360924541700465,0.5743406024128863,0.0998047498933392,-0.965468677948361,1.1759715707941651,-0.2002712978201468,-0.3924403201656704,-1.5004103977846484,-0.2758417439957447
-0.4158133146423159,-0.5156390671485809,-0.2295942353051585,-0.6815363809908588,-0.7163691545333031,-0.4274225629755183,-0.3756286776941668,-0.5314860397178413,-0.6768909132909836,-0.7180812905286489,-0.765431845959188,-0.8778925704699463,-0.4054678106528978,0.3640384560203087,-0.3124881293313158,-0.1421738718599445,0.4229523066499563,-1.0770248218508114,-0.4331963329288399,-0.7846209831731128,0.4401315817357081,0.9416018848439526,-0.6388604429073655,-0.8922957301086583,-0.6013986095765457,-1.0709722209675492,-0.7549626350899222,-0.4241782666737269,-0.758050734182464,0.9797529926203732,0.5567370804615919,-0.0650072899862589
-0.5745285435202541,-0.7765144752564597,-0.5751992379864717,-0.7992163669001149,-0.8177027273657801,-0.7173467534721248,-0.8363325429639088,-0.5742131336839111,-0.7670382376434155,-0.8129573881966833,-0.849634610036974,-0.9636646275362928,-0.6491641260273081,-0.5630090297976348,-0.7783204582238338,-0.5310212490243545,-1.3119788098607317,-1.1852342400183145,-0.7323769559484979,-0.7533711653600882,1.728639284692384,2.0057202606112225,-0.457066428414523,-0.7523673389974166,-0.6158731373205782,-0.7800026368429093,2.0020214428128376,-0.6877906615052742,-0.4861249146876194,1.325394764457715,-0.5000077824441818,0.3144947272308149
0.9382696426116536,1.1416519982126092,1.2102332836434913,1.0343545488989578,1.4559150365867248,1.2935778088026484,1.5842015315909932,3.560490452001116,1.23997676910106,1.7102740971459127,1.084159698008358,0.8246743121129014,-0.2381894834827992,0.2174610515513577,0.0672187867119359,-0.5269661429804581,1.7986034158173814,1.17758416406618,0.3961568823980797,0.2146267909512746,-0.97646750166389,-0.1223329843332899,4.267964212934988,0.791377963137693,-0.0916512712443571,-0.1416873362622927,-1.252710618095895,1.7932569016213578,0.490731179559206,-1.9857334464928411,-0.484893412407306,-2.215518720883015
0.0467800702696549,-0.2103952591823486,0.2366506304068424,-0.0622324489753856,-0.4237315378794889,-0.1428550609578763,-0.4272871701503537,-0.3560770322580233,-0.2933908689927043,-0.2891049812852636,-0.2884544764532458,-0.270941980396344,-0.2043044681012397,0.5664303232379279,-0.0627660760128107,-0.3795476980988942,-0.401799133015577,-0.2060659448232713,0.0357134367779285,-0.451547347204844,-0.0350014816507189,-0.0388875052039043,-0.7455858218693301,-0.5035186629036696,-0.5559105747636038,0.7624832386602584,-0.2197233887191853,-0.4895699098765943,-0.193004984070965,0.5830634787096943,0.3489756529280555,-0.5288430888071284
-0.4500685351684177,-0.804042862736019,-0.7139282168888367,-0.930306686217439,-0.8417814167228792,-0.9412961675998722,-0.8945958108808976,-0.6072468517896545,-0.8453400129736358,-0.8061255971819612,-0.950228241082124,-1.0075650522649366,-0.3100345425861195,0.4251605404794366,1.7599757938048577,2.445125901191275,-1.2466466771042315,-0.9406411055746452,-0.5327513058913766,-0.3090525977770498,2.595611458894491,0.8526211087347361,0.6411049410763716,-0.7670990930407418,-0.602695077383831,-0.4067551124062425,1.9103887212058603,-0.5941725566649548,-0.4803804651485308,0.5786584910264272,-0.3485836582951384,0.6096629628440963
-0.146628175030077,-0.2247794030848548,0.159639443851783,0.0217310770682206,-0.4179719574252581,0.396919353180963,-0.4585407715421138,-0.4235569726939967,-0.4195386946653581,-0.4716462965312046,-0.4557055475343667,-0.415617459493911,0.3834618400441292,1.6947201316423053,1.224429902966411,-0.4775055142995487,0.5733935539831251,-0.4558204931889167,0.1255179781964903,-0.5347730235540413,0.1742642976740501,-0.2020494095453242,-0.5158164146917273,-0.7063836401374144,-0.5641261723582708,1.130617537610769,-0.4974024726721137,-0.4802841563456236,-0.489932151940465,1.8420303208297435,0.396288852094476,-0.3601755255995402
0.983192792075464,1.1020824166112646,0.9226776199623192,1.640225002665529,1.2439880625355269,0.7174605080099606,0.8903608719760274,0.101166222600256,0.9278870679531032,0.7306315049228542,0.9126114247841016,1.0722955929186837,0.694464641299481,0.350609846104008,0.8214838740665491,-0.517517027943281,0.7417106811905301,1.218978238186035,0.4699147802429916,0.7814555286516912,-0.6273444023344623,0.6767095169977737,0.5140218403299434,0.185433001764305,0.2479964395158768,0.9804402356133564,-0.3293763887295823,1.1468193099008537,-0.2747586366040263,-0.1930318102188625,-1.378780271126029,-0.1071741807881566
0.1563744058565792,-0.0473135785659083,-0.437947221286496,0.0779235928882436,-0.3552896802750338,-0.0569389117557756,-0.1057964546760315,-0.2471085129295573,-0.1417601228386564,-0.1154023208721778,-0.0975742826787961,-0.0181070625941167,0.3543296910720463,-0.7932946046057785,-0.2453857091845438,-0.1902125193285793,1.4619925803114764,0.2582537084610392,0.3817667709642701,-0.3333836018088461,-0.2642288075705569,0.4078178993579289,-0.6476190236006003,-0.3836180708126383,-0.4759550769782965,1.162357007277984,0.1014171605667137,0.2698416903947453,-0.6985523288324258,-0.1443179207895172,0.1793802176413217,-0.3180086347976425
0.1563744058565792,-0.0473135785659083,-0.437947221286496,0.0779235928882436,-0.3552896802750338,-0.0569389117557756,-0.1057964546760315,-0.2471085129295573,-0.1417601228386564,-0.1154023208721778,-0.0975742826787961,-0.0181070625941167,0.3543296910720463,-0.7932946046057785,-0.2453857091845438,-0.1902125193285793,1.4619925803114764,0.2582537084610392,0.3817667709642701,-0.3333836018088461,-0.2642288075705569,0.4078178993579289,-0.6476190236006003,-0.3836180708126383,-0.4759550769782965,1.162357007277984,0.1014171605667137,0.2698416903947453,-0.6985523288324258,-0.1443179207895172,0.1793802176413217,-0.3180086347976425
-1.8177405464271457,-1.4388532237668776,-1.5779689073350345,-1.3772264440160389,-1.0236197216622258,-1.23545571060844,-1.3434664861303764,-0.7805788028106154,-1.2419807890274004,-1.1699044204033835,-1.2573590539125477,-1.168628529208759,-0.984068320917424,-0.6958373282231305,-1.4899613287632438,0.379109735733439,-0.5452502511264901,-0.5013146448547088,-1.3827034257535251,-1.2390819756604323,-0.9246118952292148,-1.8309815957481423,0.6343636453169,-0.7685873777248924,-0.4109397583861431,-1.3259284895922574,-0.2746446770053615,-1.3177671128297554,-0.9198094339051314,-0.3325285307608697,0.3067432080459878,1.7903359052972156
1.634837858667418,1.7729882357505662,1.8674153333131327,1.429949083765116,1.6780429700525057,2.172059489357648,1.6790122866640376,1.993554659292163,2.0307562624302022,1.926835236337584,1.749884425785262,2.0449552248717784,3.960464505677201,-0.0660993604272626,-0.0850344002534402,-0.5319627099526829,-0.8752893993309534,1.608096101698883,3.0007239522968066,2.016740303458169,0.508079324123444,0.538860820390863,0.0201191075369981,2.118188870963328,-0.2228815478213706,1.413103926953087,-0.0111438755025325,1.601757481569292,2.576056716219592,0.2024393611413101,-1.303588717536631,-0.9926788876279976
0.0467800702696549,-0.2103952591823486,0.2366506304068424,-0.0622324489753856,-0.4237315378794889,-0.1428550609578763,-0.4272871701503537,-0.3560770322580233,-0.2933908689927043,-0.2891049812852636,-0.2884544764532458,-0.270941980396344,-0.2043044681012397,0.5664303232379279,-0.0627660760128107,-0.3795476980988942,-0.401799133015577,-0.2060659448232713,0.0357134367779285,-0.451547347204844,-0.0350014816507189,-0.0388875052039043,-0.7455858218693301,-0.5035186629036696,-0.5559105747636038,0.7624832386602584,-0.2197233887191853,-0.4895699098765943,-0.193004984070965,0.5830634787096943,0.3489756529280555,-0.5288430888071284
-2.049251818906184,-1.4635929427149093,-1.6649276531555992,-1.4865952568628196,-1.0718093845742451,-1.38010826948144,-1.5343806745373951,-0.7897148816589122,-1.2954099955327305,-1.2458967504700864,-1.2982376032005825,-1.1974835960832422,-1.082194364167608,-1.2346694123329596,-2.0913605913461977,3.567452208514911,-0.83148437929783,-1.3335130561407402,-1.5223491639851672,-1.3225103767929247,-1.2158505841827034,-2.0993382237308644,-0.1744423782199061,-0.8479379859169895,-0.5407959498009259,-1.5358284810537486,-0.8932423004808223,-1.4480044102094225,-0.6930246742878864,0.7295589439744146,-0.8762567137464611,1.916836577702909
0.1563744058565792,-0.0473135785659083,-0.437947221286496,0.0779235928882436,-0.3552896802750338,-0.0569389117557756,-0.1057964546760315,-0.2471085129295573,-0.1417601228386564,-0.1154023208721778,-0.0975742826787961,-0.0181070625941167,0.3543296910720463,-0.7932946046057785,-0.2453857091845438,-0.1902125193285793,1.4619925803114764,0.2582537084610392,0.3817667709642701,-0.3333836018088461,-0.2642288075705569,0.4078178993579289,-0.6476190236006003,-0.3836180708126383,-0.4759550769782965,1.162357007277984,0.1014171605667137,0.2698416903947453,-0.6985523288324258,-0.1443179207895172,0.1793802176413217,-0.3180086347976425
0.983192792075464,1.1020824166112646,0.9226776199623192,1.640225002665529,1.2439880625355269,0.7174605080099606,0.8903608719760274,0.101166222600256,0.9278870679531032,0.7306315049228542,0.9126114247841016,1.0722955929186837,0.694464641299481,0.350609846104008,0.8214838740665491,-0.517517027943281,0.7417106811905301,1.218978238186035,0.4699147802429916,0.7814555286516912,-0.6273444023344623,0.6767095169977737,0.5140218403299434,0.185433001764305,0.2479964395158768,0.9804402356133564,-0.3293763887295823,1.1468193099008537,-0.2747586366040263,-0.1930318102188625,-1.378780271126029,-0.1071741807881566
-0.4158133146423159,-0.5156390671485809,-0.2295942353051585,-0.6815363809908588,-0.7163691545333031,-0.4274225629755183,-0.3756286776941668,-0.5314860397178413,-0.6768909132909836,-0.7180812905286489,-0.765431845959188,-0.8778925704699463,-0.4054678106528978,0.3640384560203087,-0.3124881293313158,-0.1421738718599445,0.4229523066499563,-1.0770248218508114,-0.4331963329288399,-0.7846209831731128,0.4401315817357081,0.9416018848439526,-0.6388604429073655,-0.8922957301086583,-0.6013986095765457,-1.0709722209675492,-0.7549626350899222,-0.4241782666737269,-0.758050734182464,0.9797529926203732,0.5567370804615919,-0.0650072899862589
0.877859539983099,0.9284812210475348,0.8695048454908714,1.1220468862604986,0.9411444138574524,0.6760439097427877,0.6276174938085415,0.0598046366308749,0.8252688589657505,0.5874855905038561,0.8797209012396516,1.007382058710873,0.6686888185281938,1.6059747776803983,1.1706116992346778,-0.5161259044239899,1.358954168963903,0.6034181347459333,0.3532355328426836,0.6426350208803544,-0.4248538041891673,0.7743715572383858,0.0239135326109679,0.0973132383814232,0.2146750918637649,0.7784191204754152,-0.2122101786183744,0.7238115461235602,-0.2399088430746092,-0.3562735761340631,-1.7501404600112933,-0.3601755255995402
0.0467800702696549,-0.2103952591823486,0.2366506304068424,-0.0622324489753856,-0.4237315378794889,-0.1428550609578763,-0.4272871701503537,-0.3560770322580233,-0.2933908689927043,-0.2891049812852636,-0.2884544764532458,-0.270941980396344,-0.2043044681012397,0.5664303232379279,-0.0627660760128107,-0.3795476980988942,-0.401799133015577,-0.2060659448232713,0.0357134367779285,-0.451547347204844,-0.0350014816507189,-0.0388875052039043,-0.7455858218693301,-0.5035186629036696,-0.5559105747636038,0.7624832386602584,-0.2197233887191853,-0.4895699098765943,-0.193004984070965,0.5830634787096943,0.3489756529280555,-0.5288430888071284
-1.8177405464271457,-1.4388532237668776,-1.5779689073350345,-1.3772264440160389,-1.0236197216622258,-1.23545571060844,-1.3434664861303764,-0.7805788028106154,-1.2419807890274004,-1.1699044204033835,-1.2573590539125477,-1.168628529208759,-0.984068320917424,-0.6958373282231305,-1.4899613287632438,0.379109735733439,-0.5452502511264901,-0.5013146448547088,-1.3827034257535251,-1.2390819756604323,-0.9246118952292148,-1.8309815957481423,0.6343636453169,-0.7685873777248924,-0.4109397583861431,-1.3259284895922574,-0.2746446770053615,-1.3177671128297554,-0.9198094339051314,-0.3325285307608697,0.3067432080459878,1.7903359052972156
-0.4500685351684177,-0.804042862736019,-0.7139282168888367,-0.930306686217439,-0.8417814167228792,-0.9412961675998722,-0.8945958108808976,-0.6072468517896545,-0.8453400129736358,-0.8061255971819612,-0.950228241082124,-1.0075650522649366,-0.3100345425861195,0.4251605404794366,1.7599757938048577,2.445125901191275,-1.2466466771042315,-0.9406411055746452,-0.5327513058913766,-0.3090525977770498,2.595611458894491,0.8526211087347361,0.6411049410763716,-0.7670990930407418,-0.602695077383831,-0.4067551124062425,1.9103887212058603,-0.5941725566649548,-0.4803804651485308,0.5786584910264272,-0.3485836582951384,0.6096629628440963
1.0190986195252,1.152229774260814,1.2234559989115197,1.0786029702229474,1.5173653734828687,1.2036108872204596,1.589945736011296,0.8812873114244072,1.392264325118416,1.9422960355466707,0.7405739363996474,1.0487285024532569,-0.2289378251411196,-0.6559376924616619,-0.226884683361937,-0.5266215184504065,0.2941594300632261,0.587545374332367,-0.120069575345784,0.9664019692599876,-1.3513780949494387,-0.1002744644203224,-0.3331732445739862,1.5001210715395754,0.1292668204918369,-0.5550288043891176,-0.693519828453495,1.341305667426587,2.386187389251882,0.9424333069675356,1.7336297650420915,-0.5288430888071284
0.877859539983099,0.9284812210475348,0.8695048454908714,1.1220468862604986,0.9411444138574524,0.6760439097427877,0.6276174938085415,0.0598046366308749,0.8252688589657505,0.5874855905038561,0.8797209012396516,1.007382058710873,0.6686888185281938,1.6059747776803983,1.1706116992346778,-0.5161259044239899,1.358954168963903,0.6034181347459333,0.3532355328426836,0.6426350208803544,-0.4248538041891673,0.7743715572383858,0.0239135326109679,0.0973132383814232,0.2146750918637649,0.7784191204754152,-0.2122101786183744,0.7238115461235602,-0.2399088430746092,-0.3562735761340631,-1.7501404600112933,-0.3601755255995402
-0.8810783117396541,-1.0407688251149831,-0.9665990626702818,-1.1079743105460718,-0.9591641063766552,-1.178536870583221,-0.928220155359342,-0.6892353754491493,-1.0229030616193366,-0.958920492221353,-1.1456232424554982,-1.0867928378957792,-0.8712915654639134,-0.7991067990014123,-0.0885032282431639,0.716541283450604,-1.1660298459418963,-1.2739088465335198,-0.9740477199934728,-0.7889684315026569,0.6606857708229968,0.0344881661760446,0.0200004473130678,-0.7078372237712154,-0.6229471776811869,-1.422737771295585,-0.4064034053955426,-1.114733102527783,-0.5151758552056213,1.2156077646761765,0.0930767600510916,0.9891649800611702
1.114114137712036,1.26413809678729,1.1093930233168448,1.1551972307690133,1.5278651304857676,0.7984655912314208,0.9889519780990071,0.1751527931446096,1.0950223940505397,0.8695321188411641,0.9680255748336036,0.9959033956679466,0.0928106393058414,0.0450916862427815,0.2921560412127261,-0.5021636455647591,0.328571119854515,0.8765959889034596,0.5038223662591116,0.6150408187183574,-0.9049502736531188,0.1417344095987635,-0.2457642652961151,0.2360924541700465,0.5743406024128863,0.0998047498933392,-0.965468677948361,1.1759715707941651,-0.2002712978201468,-0.3924403201656704,-1.5004103977846484,-0.2758417439957447
-0.7029019306446641,-1.0257794243251468,-0.8677667756119058,-1.0839827074462345,-0.8882969786261081,-1.0914740020068785,-0.6950027662446908,-0.6685160824158642,-0.9359900220491528,-0.8796152257153622,-1.076843502493566,-1.04002541427511,-0.4524985490577865,0.0442990391639978,1.74735073041983,0.9219796693900166,-1.119668381660177,-0.3998458052591225,-0.705423145487409,-0.6443974109225207,1.8494099182530264,-0.059090757393059,0.6884469036202724,-0.7307832436383805,-0.574874240527434,-0.4643174975093811,0.3500277542435302,-1.0529301402162157,-0.1355841172341096,0.3094723832560785,-0.0518429599688844,0.9048311984573746
-0.4341798853153589,-0.4004250316508307,-0.0375503801587199,-0.3977188486978522,-0.6006331912722908,-0.1025511655173693,-0.797484333670673,-0.484000772783895,-0.5539115124408525,-0.6040115577816981,-0.539057378007905,-0.6936583276988406,-0.0510777392111037,0.8674382845449476,0.7448703474644359,-0.18567312628524,1.875004098526412,-0.8919430264447064,-0.082730184407668,-0.0970463781413462,0.4341698387618963,-0.4809988547154174,-0.576064392910523,-0.9059851322747566,-0.4904676350080633,0.0054245586513399,-1.0090010060328958,-0.1650148978817457,-0.7920160130317723,-0.8694819753243683,-0.105026324874296,-0.1915079623919492
0.877859539983099,0.9284812210475348,0.8695048454908714,1.1220468862604986,0.9411444138574524,0.6760439097427877,0.6276174938085415,0.0598046366308749,0.8252688589657505,0.5874855905038561,0.8797209012396516,1.007382058710873,0.6686888185281938,1.6059747776803983,1.1706116992346778,-0.5161259044239899,1.358954168963903,0.6034181347459333,0.3532355328426836,0.6426350208803544,-0.4248538041891673,0.7743715572383858,0.0239135326109679,0.0973132383814232,0.2146750918637649,0.7784191204754152,-0.2122101786183744,0.7238115461235602,-0.2399088430746092,-0.3562735761340631,-1.7501404600112933,-0.3601755255995402
0.6855375000446186,0.5272580087947287,0.4098700047171378,0.4149360157491202,-0.1124764204575749,0.287711358359782,0.8469526161559459,-0.0830397255905054,0.3913669592505734,0.3952702634056066,0.716172467117703,0.7633874694033113,0.3615136772853074,-0.4554484223565174,-0.2054542743730885,-0.5258944873819824,-0.4386598384342483,0.602432550074947,0.4915292035677548,1.2996195397750414,-0.5607289098646239,0.5019006534769035,-0.839863014655845,0.2692422846232749,0.0799380666697927,0.9628989866854089,1.5479796141648436,0.3094578220931296,0.0663305189442173,-2.081030763738692,0.0091132705609736,-0.9505119968261
0.4296372362189833,0.3144360034689937,0.0631139124110455,0.2818112417035271,-0.1596084768954652,0.1286493110363401,0.0826298504136378,-0.1084094268582554,0.2153096795984654,0.219414479573481,0.8632872757966125,0.5673065721753616,0.445187491183537,-0.3826161063402839,0.4980603834108756,-0.512976400137095,0.4426523410279722,1.379584434192952,0.4382499770522301,-0.3297721819531818,0.5288517262855869,0.7485461283830271,-0.6186785173422938,0.2876266488606367,-0.3098666532472835,1.7726602492833397,2.471734426718471,0.0824019382153033,0.1922279239834474,-0.6463810425440487,0.1358291421737789,-0.9083451060242022
-0.5745285435202541,-0.7765144752564597,-0.5751992379864717,-0.7992163669001149,-0.8177027273657801,-0.7173467534721248,-0.8363325429639088,-0.5742131336839111,-0.7670382376434155,-0.8129573881966833,-0.849634610036974,-0.9636646275362928,-0.6491641260273081,-0.5630090297976348,-0.7783204582238338,-0.5310212490243545,-1.3119788098607317,-1.1852342400183145,-0.7323769559484979,-0.7533711653600882,1.728639284692384,2.0057202606112225,-0.457066428414523,-0.7523673389974166,-0.6158731373205782,-0.7800026368429093,2.0020214428128376,-0.6877906615052742,-0.4861249146876194,1.325394764457715,-0.5000077824441818,0.3144947272308149
-2.049251818906184,-1.4635929427149093,-1.6649276531555992,-1.4865952568628196,-1.0718093845742451,-1.38010826948144,-1.5343806745373951,-0.7897148816589122,-1.2954099955327305,-1.2458967504700864,-1.2982376032005825,-1.1974835960832422,-1.082194364167608,-1.2346694123329596,-2.0913605913461977,3.567452208514911,-0.83148437929783,-1.3335130561407402,-1.5223491639851672,-1.3225103767929247,-1.2158505841827034,-2.0993382237308644,-0.1744423782199061,-0.8479379859169895,-0.5407959498009259,-1.5358284810537486,-0.8932423004808223,-1.4480044102094225,-0.6930246742878864,0.7295589439744146,-0.8762567137464611,1.916836577702909
0.983192792075464,1.1020824166112646,0.9226776199623192,1.640225002665529,1.2439880625355269,0.7174605080099606,0.8903608719760274,0.101166222600256,0.9278870679531032,0.7306315049228542,0.9126114247841016,1.0722955929186837,0.694464641299481,0.350609846104008,0.8214838740665491,-0.517517027943281,0.7417106811905301,1.218978238186035,0.4699147802429916,0.7814555286516912,-0.6273444023344623,0.6767095169977737,0.5140218403299434,0.185433001764305,0.2479964395158768,0.9804402356133564,-0.3293763887295823,1.1468193099008537,-0.2747586366040263,-0.1930318102188625,-1.378780271126029,-0.1071741807881566
0.6855375000446186,0.5272580087947287,0.4098700047171378,0.4149360157491202,-0.1124764204575749,0.287711358359782,0.8469526161559459,-0.0830397255905054,0.3913669592505734,0.3952702634056066,0.716172467117703,0.7633874694033113,0.3615136772853074,-0.4554484223565174,-0.2054542743730885,-0.5258944873819824,-0.4386598384342483,0.602432550074947,0.4915292035677548,1.2996195397750414,-0.5607289098646239,0.5019006534769035,-0.839863014655845,0.2692422846232749,0.0799380666697927,0.9628989866854089,1.5479796141648436,0.3094578220931296,0.0663305189442173,-2.081030763738692,0.0091132705609736,-0.9505119968261
-2.049251818906184,-1.4635929427149093,-1.6649276531555992,-1.4865952568628196,-1.0718093845742451,-1.38010826948144,-1.5343806745373951,-0.7897148816589122,-1.2954099955327305,-1.2458967504700864,-1.2982376032005825,-1.1974835960832422,-1.082194364167608,-1.2346694123329596,-2.0913605913461977,3.567452208514911,-0.83148437929783,-1.3335130561407402,-1.5223491639851672,-1.3225103767929247,-1.2158505841827034,-2.0993382237308644,-0.1744423782199061,-0.8479379859169895,-0.5407959498009259,-1.5358284810537486,-0.8932423004808223,-1.4480044102094225,-0.6930246742878864,0.7295589439744146,-0.8762567137464611,1.916836577702909
-0.4341798853153589,-0.4004250316508307,-0.0375503801587199,-0.3977188486978522,-0.6006331912722908,-0.1025511655173693,-0.797484333670673,-0.484000772783895,-0.5539115124408525,-0.6040115577816981,-0.539057378007905,-0.6936583276988406,-0.0510777392111037,0.8674382845449476,0.7448703474644359,-0.18567312628524,1.875004098526412,-0.8919430264447064,-0.082730184407668,-0.0970463781413462,0.4341698387618963,-0.4809988547154174,-0.576064392910523,-0.9059851322747566,-0.4904676350080633,0.0054245586513399,-1.0090010060328958,-0.1650148978817457,-0.7920160130317723,-0.8694819753243683,-0.105026324874296,-0.1915079623919492
0.6855375000446186,0.5272580087947287,0.4098700047171378,0.4149360157491202,-0.1124764204575749,0.287711358359782,0.8469526161559459,-0.0830397255905054,0.3913669592505734,0.3952702634056066,0.716172467117703,0.7633874694033113,0.3615136772853074,-0.4554484223565174,-0.2054542743730885,-0.5258944873819824,-0.4386598384342483,0.602432550074947,0.4915292035677548,1.2996195397750414,-0.5607289098646239,0.5019006534769035,-0.839863014655845,0.2692422846232749,0.0799380666697927,0.9628989866854089,1.5479796141648436,0.3094578220931296,0.0663305189442173,-2.081030763738692,0.0091132705609736,-0.9505119968261
0.8454443473218137,0.7381022156175336,0.5796812001431201,0.7313108388436499,0.7054309108730238,0.4866340486619413,0.5160805139967659,-0.0029068255092302,0.5962815848891619,0.5276195773344942,0.884432825403475,0.9033165414191816,0.5123490471310708,2.992705418500113,0.5297947709208016,-0.5080008764831284,0.1531029236826901,1.010383328234441,0.3544231545878422,1.5509766059338237,0.1874693934631434,0.6568616979769254,0.2801136527889268,0.3604771049024036,0.1567971170558511,0.5630680291182092,0.6241748931716812,0.634580306640837,0.2959382459719454,-1.985435199804674,0.2518669137017295,-0.3180086347976425
-2.049251818906184,-1.4635929427149093,-1.6649276531555992,-1.4865952568628196,-1.0718093845742451,-1.38010826948144,-1.5343806745373951,-0.7897148816589122,-1.2954099955327305,-1.2458967504700864,-1.2982376032005825,-1.1974835960832422,-1.082194364167608,-1.2346694123329596,-2.0913605913461977,3.567452208514911,-0.83148437929783,-1.3335130561407402,-1.5223491639851672,-1.3225103767929247,-1.2158505841827034,-2.0993382237308644,-0.1744423782199061,-0.8479379859169895,-0.5407959498009259,-1.5358284810537486,-0.8932423004808223,-1.4480044102094225,-0.6930246742878864,0.7295589439744146,-0.8762567137464611,1.916836577702909
1.0190986195252,1.152229774260814,1.2234559989115197,1.0786029702229474,1.5173653734828687,1.2036108872204596,1.589945736011296,0.8812873114244072,1.392264325118416,1.9422960355466707,0.7405739363996474,1.0487285024532569,-0.2289378251411196,-0.6559376924616619,-0.226884683361937,-0.5266215184504065,0.2941594300632261,0.587545374332367,-0.120069575345784,0.9664019692599876,-1.3513780949494387,-0.1002744644203224,-0.3331732445739862,1.5001210715395754,0.1292668204918369,-0.5550288043891176,-0.693519828453495,1.341305667426587,2.386187389251882,0.9424333069675356,1.7336297650420915,-0.5288430888071284
1.1539658311899037,1.4989383501797924,1.4303846071085575,1.260568463461363,1.6356166100434777,1.6797957828956886,1.6690842795081433,1.2624714635685748,1.7332414432264251,1.3725631888434169,1.6483515482868052,1.4549346928184888,-0.2131171915433764,-0.4599363731525088,0.339811365640069,-0.5254899116374125,-0.2149093127984561,0.5410515716045815,1.241568716212545,2.107191967468017,-0.8344005845872645,0.054826613740022,-0.4290034863380065,3.1018590378014115,-0.0806158680214567,-0.1825578565974858,-0.2989647123816893,1.4095265811869206,2.457521066973057,0.2026273363964781,0.3329919193191797,-0.9083451060242022
0.655287464404182,0.500562996876051,0.35638238415265333,0.38222185191474245,-0.09108189842282904,0.27824914131296175,0.8633857162700699,-0.06494363289406321,0.45740004202698176,0.37813095586238765,0.6423295762754164,0.8167485902319104,0.34493926868044467,-0.39971880012764854,-0.18628541871396498,-0.5324513638921496,-0.42122104373193353,0.699983178081262,0.5953782300204424,1.3030885965316803,-0.5527193801987701,0.5557126613502228,-0.8821460662942123,0.2858958032541876,0.07864492427209988,0.9785943972582866,1.5063111738673733,0.22997944742768117,-0.03731865285534729,-2.0216445090755952,-0.04191788041469328,-1.0435037671533813
-0.5139654138843986,-0.795413466849913,-0.634973654068315,-0.922307105538767,-0.8477133330283734,-0.9270048606197451,-0.8292957237955563,-0.5962777267214617,-0.8658863745153227,-0.7508111616789668,-0.9287904191590434,-0.930777252665137,-0.3008728207250242,0.3639370888934116,1.6915678338425744,2.5276722978028374,-1.1604633910650666,-0.9496170662387752,-0.551910671948176,-0.2359803831649397,2.540259174792317,0.8078847577869448,0.6732712808108239,-0.7868293491837213,-0.6029511707198345,-0.41492725733246816,1.927267448645807,-0.523798463599269,-0.4758512198034435,0.5681239903082693,-0.4093782045003449,0.5314890654506619
0.3486991707981831,0.0604298290035889,-0.183196526397,0.2618393737592187,-0.2851436872885191,0.1131049340312856,-0.0803240088387822,-0.1728893374408338,0.028133890622587,0.0089414856021664,0.6859085015263725,0.2768306814866749,0.3951699368406582,-0.57585755080946,-0.3232355344338599,-0.5026836959138499,1.0218893610684427,1.1399372593216934,1.3311169245020198,-0.3459290330492845,0.6767404938824108,0.4281219188301969,-0.6687923776886063,0.1102849883193637,-0.4127541607790779,0.8230814669840182,0.213965676546782,-0.3369596968403866,-0.2499977967714217,0.239573742207419,-0.018715816854753,-0.6131768704109208
0.9382696426116536,1.1416519982126092,1.2102332836434913,1.0343545488989578,1.4559150365867248,1.2935778088026484,1.5842015315909932,3.560490452001116,1.23997676910106,1.7102740971459127,1.084159698008358,0.8246743121129014,-0.2381894834827992,0.2174610515513577,0.0672187867119359,-0.5269661429804581,1.7986034158173814,1.17758416406618,0.3961568823980797,0.2146267909512746,-0.97646750166389,-0.1223329843332899,4.267964212934988,0.791377963137693,-0.0916512712443571,-0.1416873362622927,-1.252710618095895,1.7932569016213578,0.490731179559206,-1.9857334464928411,-0.484893412407306,-2.215518720883015
-0.4500685351684177,-0.804042862736019,-0.7139282168888367,-0.930306686217439,-0.8417814167228792,-0.9412961675998722,-0.8945958108808976,-0.6072468517896545,-0.8453400129736358,-0.8061255971819612,-0.950228241082124,-1.0075650522649366,-0.3100345425861195,0.4251605404794366,1.7599757938048577,2.445125901191275,-1.2466466771042315,-0.9406411055746452,-0.5327513058913766,-0.3090525977770498,2.595611458894491,0.8526211087347361,0.6411049410763716,-0.7670990930407418,-0.602695077383831,-0.4067551124062425,1.9103887212058603,-0.5941725566649548,-0.4803804651485308,0.5786584910264272,-0.3485836582951384,0.6096629628440963
0.4296372362189833,0.3144360034689937,0.0631139124110455,0.2818112417035271,-0.1596084768954652,0.1286493110363401,0.0826298504136378,-0.1084094268582554,0.2153096795984654,0.219414479573481,0.8632872757966125,0.5673065721753616,0.445187491183537,-0.3826161063402839,0.4980603834108756,-0.512976400137095,0.4426523410279722,1.379584434192952,0.4382499770522301,-0.3297721819531818,0.5288517262855869,0.7485461283830271,-0.6186785173422938,0.2876266488606367,-0.3098666532472835,1.7726602492833397,2.471734426718471,0.0824019382153033,0.1922279239834474,-0.6463810425440487,0.1358291421737789,-0.9083451060242022
0.6855375000446186,0.5272580087947287,0.4098700047171378,0.4149360157491202,-0.1124764204575749,0.287711358359782,0.8469526161559459,-0.0830397255905054,0.3913669592505734,0.3952702634056066,0.716172467117703,0.7633874694033113,0.3615136772853074,-0.4554484223565174,-0.2054542743730885,-0.5258944873819824,-0.4386598384342483,0.602432550074947,0.4915292035677548,1.2996195397750414,-0.5607289098646239,0.5019006534769035,-0.839863014655845,0.2692422846232749,0.0799380666697927,0.9628989866854089,1.5479796141648436,0.3094578220931296,0.0663305189442173,-2.081030763738692,0.0091132705609736,-0.9505119968261
1.0190986195252,1.152229774260814,1.2234559989115197,1.0786029702229474,1.5173653734828687,1.2036108872204596,1.589945736011296,0.8812873114244072,1.392264325118416,1.9422960355466707,0.7405739363996474,1.0487285024532569,-0.2289378251411196,-0.6559376924616619,-0.226884683361937,-0.5266215184504065,0.2941594300632261,0.587545374332367,-0.120069575345784,0.9664019692599876,-1.3513780949494387,-0.1002744644203224,-0.3331732445739862,1.5001210715395754,0.1292668204918369,-0.5550288043891176,-0.693519828453495,1.341305667426587,2.386187389251882,0.9424333069675356,1.7336297650420915,-0.5288430888071284
0.9382696426116536,1.1416519982126092,1.2102332836434913,1.0343545488989578,1.4559150365867248,1.2935778088026484,1.5842015315909932,3.560490452001116,1.23997676910106,1.7102740971459127,1.084159698008358,0.8246743121129014,-0.2381894834827992,0.2174610515513577,0.0672187867119359,-0.5269661429804581,1.7986034158173814,1.17758416406618,0.3961568823980797,0.2146267909512746,-0.97646750166389,-0.1223329843332899,4.267964212934988,0.791377963137693,-0.0916512712443571,-0.1416873362622927,-1.252710618095895,1.7932569016213578,0.490731179559206,-1.9857334464928411,-0.484893412407306,-2.215518720883015
0.3486991707981831,0.0604298290035889,-0.183196526397,0.2618393737592187,-0.2851436872885191,0.1131049340312856,-0.0803240088387822,-0.1728893374408338,0.028133890622587,0.0089414856021664,0.6859085015263725,0.2768306814866749,0.3951699368406582,-0.57585755080946,-0.3232355344338599,-0.5026836959138499,1.0218893610684427,1.1399372593216934,1.3311169245020198,-0.3459290330492845,0.6767404938824108,0.4281219188301969,-0.6687923776886063,0.1102849883193637,-0.4127541607790779,0.8230814669840182,0.213965676546782,-0.3369596968403866,-0.2499977967714217,0.239573742207419,-0.018715816854753,-0.6131768704109208
-1.1835438141686836,-1.2672972490523928,-1.3382837405390793,-1.361657779495609,-1.0359365766518909,-1.3047603731743185,-1.0871217041057006,-0.7473253484052141,-1.098613012794483,-1.089975436264934,-1.1870895497629086,-1.0955161834252498,-1.099117760241202,-1.2715443130429729,-1.7867587834903431,-0.2201036644720352,-1.2367332728351137,-1.5428321347942515,-1.2211393461783508,-1.0250886522104603,-0.8020115316663434,-1.8961225690018508,0.0042499772884305,-0.4891875589007493,1.6294384206659,-1.6110429076946178,-0.9629010220759332,-1.1378527423274232,-0.4628332566757289,-0.4207629164363726,2.95634767709298,1.4530007788820396
-1.5780762767118544,-1.2853348071354005,-1.4890579459420763,-1.222049095906974,-0.995833489910634,-1.3752871343980937,-0.9106556014299652,-0.7676224166665411,-1.182741991337579,-1.1292218206044538,-1.2218892456038906,-1.1238214026959314,-1.078976541773571,-1.220572562616005,-1.4996104988353889,-0.2075688340426056,-1.0845366797339235,-1.195716734339504,-1.4169525199806638,-1.235145385985931,-0.8622252170476402,-1.9341062722645677,-0.203568452308037,-0.6024156062359433,4.1413003522225145,-0.9574999925953488,-0.4400345022290133,-1.2394731620678494,-0.875567537430426,0.2568046161466148,1.0172660559363758,1.6638352328915254
0.0467800702696549,-0.2103952591823486,0.2366506304068424,-0.0622324489753856,-0.4237315378794889,-0.1428550609578763,-0.4272871701503537,-0.3560770322580233,-0.2933908689927043,-0.2891049812852636,-0.2884544764532458,-0.270941980396344,-0.2043044681012397,0.5664303232379279,-0.0627660760128107,-0.3795476980988942,-0.401799133015577,-0.2060659448232713,0.0357134367779285,-0.451547347204844,-0.0350014816507189,-0.0388875052039043,-0.7455858218693301,-0.5035186629036696,-0.5559105747636038,0.7624832386602584,-0.2197233887191853,-0.4895699098765943,-0.193004984070965,0.5830634787096943,0.3489756529280555,-0.5288430888071284
0.4296372362189833,0.3144360034689937,0.0631139124110455,0.2818112417035271,-0.1596084768954652,0.1286493110363401,0.0826298504136378,-0.1084094268582554,0.2153096795984654,0.219414479573481,0.8632872757966125,0.5673065721753616,0.445187491183537,-0.3826161063402839,0.4980603834108756,-0.512976400137095,0.4426523410279722,1.379584434192952,0.4382499770522301,-0.3297721819531818,0.5288517262855869,0.7485461283830271,-0.6186785173422938,0.2876266488606367,-0.3098666532472835,1.7726602492833397,2.471734426718471,0.0824019382153033,0.1922279239834474,-0.6463810425440487,0.1358291421737789,-0.9083451060242022
-1.1835438141686836,-1.2672972490523928,-1.3382837405390793,-1.361657779495609,-1.0359365766518909,-1.3047603731743185,-1.0871217041057006,-0.7473253484052141,-1.098613012794483,-1.089975436264934,-1.1870895497629086,-1.0955161834252498,-1.099117760241202,-1.2715443130429729,-1.7867587834903431,-0.2201036644720352,-1.2367332728351137,-1.5428321347942515,-1.2211393461783508,-1.0250886522104603,-0.8020115316663434,-1.8961225690018508,0.0042499772884305,-0.4891875589007493,1.6294384206659,-1.6110429076946178,-0.9629010220759332,-1.1378527423274232,-0.4628332566757289,-0.4207629164363726,2.95634767709298,1.4530007788820396
0.3486991707981831,0.0604298290035889,-0.183196526397,0.2618393737592187,-0.2851436872885191,0.1131049340312856,-0.0803240088387822,-0.1728893374408338,0.028133890622587,0.0089414856021664,0.6859085015263725,0.2768306814866749,0.3951699368406582,-0.57585755080946,-0.3232355344338599,-0.5026836959138499,1.0218893610684427,1.1399372593216934,1.3311169245020198,-0.3459290330492845,0.6767404938824108,0.4281219188301969,-0.6687923776886063,0.1102849883193637,-0.4127541607790779,0.8230814669840182,0.213965676546782,-0.3369596968403866,-0.2499977967714217,0.239573742207419,-0.018715816854753,-0.6131768704109208
0.8454443473218137,0.7381022156175336,0.5796812001431201,0.7313108388436499,0.7054309108730238,0.4866340486619413,0.5160805139967659,-0.0029068255092302,0.5962815848891619,0.5276195773344942,0.884432825403475,0.9033165414191816,0.5123490471310708,2.992705418500113,0.5297947709208016,-0.5080008764831284,0.1531029236826901,1.010383328234441,0.3544231545878422,1.5509766059338237,0.1874693934631434,0.6568616979769254,0.2801136527889268,0.3604771049024036,0.1567971170558511,0.5630680291182092,0.6241748931716812,0.634580306640837,0.2959382459719454,-1.985435199804674,0.2518669137017295,-0.3180086347976425
-0.5745285435202541,-0.7765144752564597,-0.5751992379864717,-0.7992163669001149,-0.8177027273657801,-0.7173467534721248,-0.8363325429639088,-0.5742131336839111,-0.7670382376434155,-0.8129573881966833,-0.849634610036974,-0.9636646275362928,-0.6491641260273081,-0.5630090297976348,-0.7783204582238338,-0.5310212490243545,-1.3119788098607317,-1.1852342400183145,-0.7323769559484979,-0.7533711653600882,1.728639284692384,2.0057202606112225,-0.457066428414523,-0.7523673389974166,-0.6158731373205782,-0.7800026368429093,2.0020214428128376,-0.6877906615052742,-0.4861249146876194,1.325394764457715,-0.5000077824441818,0.3144947272308149
-0.146628175030077,-0.2247794030848548,0.159639443851783,0.0217310770682206,-0.4179719574252581,0.396919353180963,-0.4585407715421138,-0.4235569726939967,-0.4195386946653581,-0.4716462965312046,-0.4557055475343667,-0.415617459493911,0.3834618400441292,1.6947201316423053,1.224429902966411,-0.4775055142995487,0.5733935539831251,-0.4558204931889167,0.1255179781964903,-0.5347730235540413,0.1742642976740501,-0.2020494095453242,-0.5158164146917273,-0.7063836401374144,-0.5641261723582708,1.130617537610769,-0.4974024726721137,-0.4802841563456236,-0.489932151940465,1.8420303208297435,0.396288852094476,-0.3601755255995402
1.634837858667418,1.7729882357505662,1.8674153333131327,1.429949083765116,1.6780429700525057,2.172059489357648,1.6790122866640376,1.993554659292163,2.0307562624302022,1.926835236337584,1.749884425785262,2.0449552248717784,3.960464505677201,-0.0660993604272626,-0.0850344002534402,-0.5319627099526829,-0.8752893993309534,1.608096101698883,3.0007239522968066,2.016740303458169,0.508079324123444,0.538860820390863,0.0201191075369981,2.118188870963328,-0.2228815478213706,1.413103926953087,-0.0111438755025325,1.601757481569292,2.576056716219592,0.2024393611413101,-1.303588717536631,-0.9926788876279976
-0.4341798853153589,-0.4004250316508307,-0.0375503801587199,-0.3977188486978522,-0.6006331912722908,-0.1025511655173693,-0.797484333670673,-0.484000772783895,-0.5539115124408525,-0.6040115577816981,-0.539057378007905,-0.6936583276988406,-0.0510777392111037,0.8674382845449476,0.7448703474644359,-0.18567312628524,1.875004098526412,-0.8919430264447064,-0.082730184407668,-0.0970463781413462,0.4341698387618963,-0.4809988547154174,-0.576064392910523,-0.9059851322747566,-0.4904676350080633,0.0054245586513399,-1.0090010060328958,-0.1650148978817457,-0.7920160130317723,-0.8694819753243683,-0.105026324874296,-0.1915079623919492
-0.146628175030077,-0.2247794030848548,0.159639443851783,0.0217310770682206,-0.4179719574252581,0.396919353180963,-0.4585407715421138,-0.4235569726939967,-0.4195386946653581,-0.4716462965312046,-0.4557055475343667,-0.415617459493911,0.3834618400441292,1.6947201316423053,1.224429902966411,-0.4775055142995487,0.5733935539831251,-0.4558204931889167,0.1255179781964903,-0.5347730235540413,0.1742642976740501,-0.2020494095453242,-0.5158164146917273,-0.7063836401374144,-0.5641261723582708,1.130617537610769,-0.4974024726721137,-0.4802841563456236,-0.489932151940465,1.8420303208297435,0.396288852094476,-0.3601755255995402
1.114114137712036,1.26413809678729,1.1093930233168448,1.1551972307690133,1.5278651304857676,0.7984655912314208,0.9889519780990071,0.1751527931446096,1.0950223940505397,0.8695321188411641,0.9680255748336036,0.9959033956679466,0.0928106393058414,0.0450916862427815,0.2921560412127261,-0.5021636455647591,0.328571119854515,0.8765959889034596,0.5038223662591116,0.6150408187183574,-0.9049502736531188,0.1417344095987635,-0.2457642652961151,0.2360924541700465,0.5743406024128863,0.0998047498933392,-0.965468677948361,1.1759715707941651,-0.2002712978201468,-0.3924403201656704,-1.5004103977846484,-0.2758417439957447
-0.4500685351684177,-0.804042862736019,-0.7139282168888367,-0.930306686217439,-0.8417814167228792,-0.9412961675998722,-0.8945958108808976,-0.6072468517896545,-0.8453400129736358,-0.8061255971819612,-0.950228241082124,-1.0075650522649366,-0.3100345425861195,0.4251605404794366,1.7599757938048577,2.445125901191275,-1.2466466771042315,-0.9406411055746452,-0.5327513058913766,-0.3090525977770498,2.595611458894491,0.8526211087347361,0.6411049410763716,-0.7670990930407418,-0.602695077383831,-0.4067551124062425,1.9103887212058603,-0.5941725566649548,-0.4803804651485308,0.5786584910264272,-0.3485836582951384,0.6096629628440963
0.004434783477336168,-0.03125227615237236,-0.02270025759935379,-0.046872470527887344,-0.034873511642217636,0.008839214220643044,-0.02897346392273903,0.0190300103276968,0.02225906401872635,-0.004991400986909866,0.011536271311342716,0.03397729620337486,4.025828093290329e-05,-0.002627268433570862,0.0030533000826835632,-0.011143962852656841,0.003369315527379513,0.02169514074921608,0.020985428243875504,-0.037964437156915665,-0.0038511110469698906,-0.03707551956176758,0.012910873629152775,-0.021677279844880104,0.03533494472503662,0.0039955428801476955,0.06944136321544647,-0.027345605194568634,-0.000588027760386467,0.239573742207419,-0.018715816854753,-0.6131768704109208
0.0467800702696549,-0.2103952591823486,0.2366506304068424,-0.0622324489753856,-0.4237315378794889,-0.1428550609578763,-0.4272871701503537,-0.3560770322580233,-0.2933908689927043,-0.2891049812852636,-0.2884544764532458,-0.270941980396344,-0.2043044681012397,0.5664303232379279,-0.0627660760128107,-0.3795476980988942,-0.401799133015577,-0.2060659448232713,0.0357134367779285,-0.451547347204844,-0.0350014816507189,-0.0388875052039043,-0.7455858218693301,-0.5035186629036696,-0.5559105747636038,0.7624832386602584,-0.2197233887191853,-0.4895699098765943,-0.193004984070965,0.5830634787096943,0.3489756529280555,-0.5288430888071284
0.877859539983099,0.9284812210475348,0.8695048454908714,1.1220468862604986,0.9411444138574524,0.6760439097427877,0.6276174938085415,0.0598046366308749,0.8252688589657505,0.5874855905038561,0.8797209012396516,1.007382058710873,0.6686888185281938,1.6059747776803983,1.1706116992346778,-0.5161259044239899,1.358954168963903,0.6034181347459333,0.3532355328426836,0.6426350208803544,-0.4248538041891673,0.7743715572383858,0.0239135326109679,0.0973132383814232,0.2146750918637649,0.7784191204754152,-0.2122101786183744,0.7238115461235602,-0.2399088430746092,-0.3562735761340631,-1.7501404600112933,-0.3601755255995402
-1.5780762767118544,-1.2853348071354005,-1.4890579459420763,-1.222049095906974,-0.995833489910634,-1.3752871343980937,-0.9106556014299652,-0.7676224166665411,-1.182741991337579,-1.1292218206044538,-1.2218892456038906,-1.1238214026959314,-1.078976541773571,-1.220572562616005,-1.4996104988353889,-0.2075688340426056,-1.0845366797339235,-1.195716734339504,-1.4169525199806638,-1.235145385985931,-0.8622252170476402,-1.9341062722645677,-0.203568452308037,-0.6024156062359433,4.1413003522225145,-0.9574999925953488,-0.4400345022290133,-1.2394731620678494,-0.875567537430426,0.2568046161466148,1.0172660559363758,1.6638352328915254
-2.049251818906184,-1.4635929427149093,-1.6649276531555992,-1.4865952568628196,-1.0718093845742451,-1.38010826948144,-1.5343806745373951,-0.7897148816589122,-1.2954099955327305,-1.2458967504700864,-1.2982376032005825,-1.1974835960832422,-1.082194364167608,-1.2346694123329596,-2.0913605913461977,3.567452208514911,-0.83148437929783,-1.3335130561407402,-1.5223491639851672,-1.3225103767929247,-1.2158505841827034,-2.0993382237308644,-0.1744423782199061,-0.8479379859169895,-0.5407959498009259,-1.5358284810537486,-0.8932423004808223,-1.4480044102094225,-0.6930246742878864,0.7295589439744146,-0.8762567137464611,1.916836577702909
1.0190986195252,1.152229774260814,1.2234559989115197,1.0786029702229474,1.5173653734828687,1.2036108872204596,1.589945736011296,0.8812873114244072,1.392264325118416,1.9422960355466707,0.7405739363996474,1.0487285024532569,-0.2289378251411196,-0.6559376924616619,-0.226884683361937,-0.5266215184504065,0.2941594300632261,0.587545374332367,-0.120069575345784,0.9664019692599876,-1.3513780949494387,-0.1002744644203224,-0.3331732445739862,1.5001210715395754,0.1292668204918369,-0.5550288043891176,-0.693519828453495,1.341305667426587,2.386187389251882,0.9424333069675356,1.7336297650420915,-0.5288430888071284
-0.4158133146423159,-0.5156390671485809,-0.2295942353051585,-0.6815363809908588,-0.7163691545333031,-0.4274225629755183,-0.3756286776941668,-0.5314860397178413,-0.6768909132909836,-0.7180812905286489,-0.765431845959188,-0.8778925704699463,-0.4054678106528978,0.3640384560203087,-0.3124881293313158,-0.1421738718599445,0.4229523066499563,-1.0770248218508114,-0.4331963329288399,-0.7846209831731128,0.4401315817357081,0.9416018848439526,-0.6388604429073655,-0.8922957301086583,-0.6013986095765457,-1.0709722209675492,-0.7549626350899222,-0.4241782666737269,-0.758050734182464,0.9797529926203732,0.5567370804615919,-0.0650072899862589
1.114114137712036,1.26413809678729,1.1093930233168448,1.1551972307690133,1.5278651304857676,0.7984655912314208,0.9889519780990071,0.1751527931446096,1.0950223940505397,0.8695321188411641,0.9680255748336036,0.9959033956679466,0.0928106393058414,0.0450916862427815,0.2921560412127261,-0.5021636455647591,0.328571119854515,0.8765959889034596,0.5038223662591116,0.6150408187183574,-0.9049502736531188,0.1417344095987635,-0.2457642652961151,0.2360924541700465,0.5743406024128863,0.0998047498933392,-0.965468677948361,1.1759715707941651,-0.2002712978201468,-0.3924403201656704,-1.5004103977846484,-0.2758417439957447
-0.4158133146423159,-0.5156390671485809,-0.2295942353051585,-0.6815363809908588,-0.7163691545333031,-0.4274225629755183,-0.3756286776941668,-0.5314860397178413,-0.6768909132909836,-0.7180812905286489,-0.765431845959188,-0.8778925704699463,-0.4054678106528978,0.3640384560203087,-0.3124881293313158,-0.1421738718599445,0.4229523066499563,-1.0770248218508114,-0.4331963329288399,-0.7846209831731128,0.4401315817357081,0.9416018848439526,-0.6388604429073655,-0.8922957301086583,-0.6013986095765457,-1.0709722209675492,-0.7549626350899222,-0.4241782666737269,-0.758050734182464,0.9797529926203732,0.5567370804615919,-0.0650072899862589
1.634837858667418,1.7729882357505662,1.8674153333131327,1.429949083765116,1.6780429700525057,2.172059489357648,1.6790122866640376,1.993554659292163,2.0307562624302022,1.926835236337584,1.749884425785262,2.0449552248717784,3.960464505677201,-0.0660993604272626,-0.0850344002534402,-0.5319627099526829,-0.8752893993309534,1.608096101698883,3.0007239522968066,2.016740303458169,0.508079324123444,0.538860820390863,0.0201191075369981,2.118188870963328,-0.2228815478213706,1.413103926953087,-0.0111438755025325,1.601757481569292,2.576056716219592,0.2024393611413101,-1.303588717536631,-0.9926788876279976
0.9382696426116536,1.1416519982126092,1.2102332836434913,1.0343545488989578,1.4559150365867248,1.2935778088026484,1.5842015315909932,3.560490452001116,1.23997676910106,1.7102740971459127,1.084159698008358,0.8246743121129014,-0.2381894834827992,0.2174610515513577,0.0672187867119359,-0.5269661429804581,1.7986034158173814,1.17758416406618,0.3961568823980797,0.2146267909512746,-0.97646750166389,-0.1223329843332899,4.267964212934988,0.791377963137693,-0.0916512712443571,-0.1416873362622927,-1.252710618095895,1.7932569016213578,0.490731179559206,-1.9857334464928411,-0.484893412407306,-2.215518720883015
0.6855375000446186,0.5272580087947287,0.4098700047171378,0.4149360157491202,-0.1124764204575749,0.287711358359782,0.8469526161559459,-0.0830397255905054,0.3913669592505734,0.3952702634056066,0.716172467117703,0.7633874694033113,0.3615136772853074,-0.4554484223565174,-0.2054542743730885,-0.5258944873819824,-0.4386598384342483,0.602432550074947,0.4915292035677548,1.2996195397750414,-0.5607289098646239,0.5019006534769035,-0.839863014655845,0.2692422846232749,0.0799380666697927,0.9628989866854089,1.5479796141648436,0.3094578220931296,0.0663305189442173,-2.081030763738692,0.0091132705609736,-0.9505119968261
-1.8177405464271457,-1.4388532237668776,-1.5779689073350345,-1.3772264440160389,-1.0236197216622258,-1.23545571060844,-1.3434664861303764,-0.7805788028106154,-1.2419807890274004,-1.1699044204033835,-1.2573590539125477,-1.168628529208759,-0.984068320917424,-0.6958373282231305,-1.4899613287632438,0.379109735733439,-0.5452502511264901,-0.5013146448547088,-1.3827034257535251,-1.2390819756604323,-0.9246118952292148,-1.8309815957481423,0.6343636453169,-0.7685873777248924,-0.4109397583861431,-1.3259284895922574,-0.2746446770053615,-1.3177671128297554,-0.9198094339051314,-0.3325285307608697,0.3067432080459878,1.7903359052972156
0.0467800702696549,-0.2103952591823486,0.2366506304068424,-0.0622324489753856,-0.4237315378794889,-0.1428550609578763,-0.4272871701503537,-0.3560770322580233,-0.2933908689927043,-0.2891049812852636,-0.2884544764532458,-0.270941980396344,-0.2043044681012397,0.5664303232379279,-0.0627660760128107,-0.3795476980988942,-0.401799133015577,-0.2060659448232713,0.0357134367779285,-0.451547347204844,-0.0350014816507189,-0.0388875052039043,-0.7455858218693301,-0.5035186629036696,-0.5559105747636038,0.7624832386602584,-0.2197233887191853,-0.4895699098765943,-0.193004984070965,0.5830634787096943,0.3489756529280555,-0.5288430888071284
0.1563744058565792,-0.0473135785659083,-0.437947221286496,0.0779235928882436,-0.3552896802750338,-0.0569389117557756,-0.1057964546760315,-0.2471085129295573,-0.1417601228386564,-0.1154023208721778,-0.0975742826787961,-0.0181070625941167,0.3543296910720463,-0.7932946046057785,-0.2453857091845438,-0.1902125193285793,1.4619925803114764,0.2582537084610392,0.3817667709642701,-0.3333836018088461,-0.2642288075705569,0.4078178993579289,-0.6476190236006003,-0.3836180708126383,-0.4759550769782965,1.162357007277984,0.1014171605667137,0.2698416903947453,-0.6985523288324258,-0.1443179207895172,0.1793802176413217,-0.3180086347976425
-0.146628175030077,-0.2247794030848548,0.159639443851783,0.0217310770682206,-0.4179719574252581,0.396919353180963,-0.4585407715421138,-0.4235569726939967,-0.4195386946653581,-0.4716462965312046,-0.4557055475343667,-0.415617459493911,0.3834618400441292,1.6947201316423053,1.224429902966411,-0.4775055142995487,0.5733935539831251,-0.4558204931889167,0.1255179781964903,-0.5347730235540413,0.1742642976740501,-0.2020494095453242,-0.5158164146917273,-0.7063836401374144,-0.5641261723582708,1.130617537610769,-0.4974024726721137,-0.4802841563456236,-0.489932151940465,1.8420303208297435,0.396288852094476,-0.3601755255995402
-0.5745285435202541,-0.7765144752564597,-0.5751992379864717,-0.7992163669001149,-0.8177027273657801,-0.7173467534721248,-0.8363325429639088,-0.5742131336839111,-0.7670382376434155,-0.8129573881966833,-0.849634610036974,-0.9636646275362928,-0.6491641260273081,-0.5630090297976348,-0.7783204582238338,-0.5310212490243545,-1.3119788098607317,-1.1852342400183145,-0.7323769559484979,-0.7533711653600882,1.728639284692384,2.0057202606112225,-0.457066428414523,-0.7523673389974166,-0.6158731373205782,-0.7800026368429093,2.0020214428128376,-0.6877906615052742,-0.4861249146876194,1.325394764457715,-0.5000077824441818,0.3144947272308149
-0.4500685351684177,-0.804042862736019,-0.7139282168888367,-0.930306686217439,-0.8417814167228792,-0.9412961675998722,-0.8945958108808976,-0.6072468517896545,-0.8453400129736358,-0.8061255971819612,-0.950228241082124,-1.0075650522649366,-0.3100345425861195,0.4251605404794366,1.7599757938048577,2.445125901191275,-1.2466466771042315,-0.9406411055746452,-0.5327513058913766,-0.3090525977770498,2.595611458894491,0.8526211087347361,0.6411049410763716,-0.7670990930407418,-0.602695077383831,-0.4067551124062425,1.9103887212058603,-0.5941725566649548,-0.4803804651485308,0.5786584910264272,-0.3485836582951384,0.6096629628440963
-1.8177405464271457,-1.4388532237668776,-1.5779689073350345,-1.3772264440160389,-1.0236197216622258,-1.23545571060844,-1.3434664861303764,-0.7805788028106154,-1.2419807890274004,-1.1699044204033835,-1.2573590539125477,-1.168628529208759,-0.984068320917424,-0.6958373282231305,-1.4899613287632438,0.379109735733439,-0.5452502511264901,-0.5013146448547088,-1.3827034257535251,-1.2390819756604323,-0.9246118952292148,-1.8309815957481423,0.6343636453169,-0.7685873777248924,-0.4109397583861431,-1.3259284895922574,-0.2746446770053615,-1.3177671128297554,-0.9198094339051314,-0.3325285307608697,0.3067432080459878,1.7903359052972156
-1.1835438141686836,-1.2672972490523928,-1.3382837405390793,-1.361657779495609,-1.0359365766518909,-1.3047603731743185,-1.0871217041057006,-0.7473253484052141,-1.098613012794483,-1.089975436264934,-1.1870895497629086,-1.0955161834252498,-1.099117760241202,-1.2715443130429729,-1.7867587834903431,-0.2201036644720352,-1.2367332728351137,-1.5428321347942515,-1.2211393461783508,-1.0250886522104603,-0.8020115316663434,-1.8961225690018508,0.0042499772884305,-0.4891875589007493,1.6294384206659,-1.6110429076946178,-0.9629010220759332,-1.1378527423274232,-0.4628332566757289,-0.4207629164363726,2.95634767709298,1.4530007788820396
-1.5780762767118544,-1.2853348071354005,-1.4890579459420763,-1.222049095906974,-0.995833489910634,-1.3752871343980937,-0.9106556014299652,-0.7676224166665411,-1.182741991337579,-1.1292218206044538,-1.2218892456038906,-1.1238214026959314,-1.078976541773571,-1.220572562616005,-1.4996104988353889,-0.2075688340426056,-1.0845366797339235,-1.195716734339504,-1.4169525199806638,-1.235145385985931,-0.8622252170476402,-1.9341062722645677,-0.203568452308037,-0.6024156062359433,4.1413003522225145,-0.9574999925953488,-0.4400345022290133,-1.2394731620678494,-0.875567537430426,0.2568046161466148,1.0172660559363758,1.6638352328915254
-0.8810783117396541,-1.0407688251149831,-0.9665990626702818,-1.1079743105460718,-0.9591641063766552,-1.178536870583221,-0.928220155359342,-0.6892353754491493,-1.0229030616193366,-0.958920492221353,-1.1456232424554982,-1.0867928378957792,-0.8712915654639134,-0.7991067990014123,-0.0885032282431639,0.716541283450604,-1.1660298459418963,-1.2739088465335198,-0.9740477199934728,-0.7889684315026569,0.6606857708229968,0.0344881661760446,0.0200004473130678,-0.7078372237712154,-0.6229471776811869,-1.422737771295585,-0.4064034053955426,-1.114733102527783,-0.5151758552056213,1.2156077646761765,0.0930767600510916,0.9891649800611702
-1.8177405464271457,-1.4388532237668776,-1.5779689073350345,-1.3772264440160389,-1.0236197216622258,-1.23545571060844,-1.3434664861303764,-0.7805788028106154,-1.2419807890274004,-1.1699044204033835,-1.2573590539125477,-1.168628529208759,-0.984068320917424,-0.6958373282231305,-1.4899613287632438,0.379109735733439,-0.5452502511264901,-0.5013146448547088,-1.3827034257535251,-1.2390819756604323,-0.9246118952292148,-1.8309815957481423,0.6343636453169,-0.7685873777248924,-0.4109397583861431,-1.3259284895922574,-0.2746446770053615,-1.3177671128297554,-0.9198094339051314,-0.3325285307608697,0.3067432080459878,1.7903359052972156
-1.5780762767118544,-1.2853348071354005,-1.4890579459420763,-1.222049095906974,-0.995833489910634,-1.3752871343980937,-0.9106556014299652,-0.7676224166665411,-1.182741991337579,-1.1292218206044538,-1.2218892456038906,-1.1238214026959314,-1.078976541773571,-1.220572562616005,-1.4996104988353889,-0.2075688340426056,-1.0845366797339235,-1.195716734339504,-1.4169525199806638,-1.235145385985931,-0.8622252170476402,-1.9341062722645677,-0.203568452308037,-0.6024156062359433,4.1413003522225145,-0.9574999925953488,-0.4400345022290133,-1.2394731620678494,-0.875567537430426,0.2568046161466148,1.0172660559363758,1.6638352328915254
0.3486991707981831,0.0604298290035889,-0.183196526397,0.2618393737592187,-0.2851436872885191,0.1131049340312856,-0.0803240088387822,-0.1728893374408338,0.028133890622587,0.0089414856021664,0.6859085015263725,0.2768306814866749,0.3951699368406582,-0.57585755080946,-0.3232355344338599,-0.5026836959138499,1.0218893610684427,1.1399372593216934,1.3311169245020198,-0.3459290330492845,0.6767404938824108,0.4281219188301969,-0.6687923776886063,0.1102849883193637,-0.4127541607790779,0.8230814669840182,0.213965676546782,-0.3369596968403866,-0.2499977967714217,0.239573742207419,-0.018715816854753,-0.6131768704109208
0.877859539983099,0.9284812210475348,0.8695048454908714,1.1220468862604986,0.9411444138574524,0.6760439097427877,0.6276174938085415,0.0598046366308749,0.8252688589657505,0.5874855905038561,0.8797209012396516,1.007382058710873,0.6686888185281938,1.6059747776803983,1.1706116992346778,-0.5161259044239899,1.358954168963903,0.6034181347459333,0.3532355328426836,0.6426350208803544,-0.4248538041891673,0.7743715572383858,0.0239135326109679,0.0973132383814232,0.2146750918637649,0.7784191204754152,-0.2122101786183744,0.7238115461235602,-0.2399088430746092,-0.3562735761340631,-1.7501404600112933,-0.3601755255995402
1.1539658311899037,1.4989383501797924,1.4303846071085575,1.260568463461363,1.6356166100434777,1.6797957828956886,1.6690842795081433,1.2624714635685748,1.7332414432264251,1.3725631888434169,1.6483515482868052,1.4549346928184888,-0.2131171915433764,-0.4599363731525088,0.339811365640069,-0.5254899116374125,-0.2149093127984561,0.5410515716045815,1.241568716212545,2.107191967468017,-0.8344005845872645,0.054826613740022,-0.4290034863380065,3.1018590378014115,-0.0806158680214567,-0.1825578565974858,-0.2989647123816893,1.4095265811869206,2.457521066973057,0.2026273363964781,0.3329919193191797,-0.9083451060242022
-1.5780762767118544,-1.2853348071354005,-1.4890579459420763,-1.222049095906974,-0.995833489910634,-1.3752871343980937,-0.9106556014299652,-0.7676224166665411,-1.182741991337579,-1.1292218206044538,-1.2218892456038906,-1.1238214026959314,-1.078976541773571,-1.220572562616005,-1.4996104988353889,-0.2075688340426056,-1.0845366797339235,-1.195716734339504,-1.4169525199806638,-1.235145385985931,-0.8622252170476402,-1.9341062722645677,-0.203568452308037,-0.6024156062359433,4.1413003522225145,-0.9574999925953488,-0.4400345022290133,-1.2394731620678494,-0.875567537430426,0.2568046161466148,1.0172660559363758,1.6638352328915254
-0.4341798853153589,-0.4004250316508307,-0.0375503801587199,-0.3977188486978522,-0.6006331912722908,-0.1025511655173693,-0.797484333670673,-0.484000772783895,-0.5539115124408525,-0.6040115577816981,-0.539057378007905,-0.6936583276988406,-0.0510777392111037,0.8674382845449476,0.7448703474644359,-0.18567312628524,1.875004098526412,-0.8919430264447064,-0.082730184407668,-0.0970463781413462,0.4341698387618963,-0.4809988547154174,-0.576064392910523,-0.9059851322747566,-0.4904676350080633,0.0054245586513399,-1.0090010060328958,-0.1650148978817457,-0.7920160130317723,-0.8694819753243683,-0.105026324874296,-0.1915079623919492
-2.049251818906184,-1.4635929427149093,-1.6649276531555992,-1.4865952568628196,-1.0718093845742451,-1.38010826948144,-1.5343806745373951,-0.7897148816589122,-1.2954099955327305,-1.2458967504700864,-1.2982376032005825,-1.1974835960832422,-1.082194364167608,-1.2346694123329596,-2.0913605913461977,3.567452208514911,-0.83148437929783,-1.3335130561407402,-1.5223491639851672,-1.3225103767929247,-1.2158505841827034,-2.0993382237308644,-0.1744423782199061,-0.8479379859169895,-0.5407959498009259,-1.5358284810537486,-0.8932423004808223,-1.4480044102094225,-0.6930246742878864,0.7295589439744146,-0.8762567137464611,1.916836577702909
-1.8177405464271457,-1.4388532237668776,-1.5779689073350345,-1.3772264440160389,-1.0236197216622258,-1.23545571060844,-1.3434664861303764,-0.7805788028106154,-1.2419807890274004,-1.1699044204033835,-1.2573590539125477,-1.168628529208759,-0.984068320917424,-0.6958373282231305,-1.4899613287632438,0.379109735733439,-0.5452502511264901,-0.5013146448547088,-1.3827034257535251,-1.2390819756604323,-0.9246118952292148,-1.8309815957481423,0.6343636453169,-0.7685873777248924,-0.4109397583861431,-1.3259284895922574,-0.2746446770053615,-1.3177671128297554,-0.9198094339051314,-0.3325285307608697,0.3067432080459878,1.7903359052972156
-0.4158133146423159,-0.5156390671485809,-0.2295942353051585,-0.6815363809908588,-0.7163691545333031,-0.4274225629755183,-0.3756286776941668,-0.5314860397178413,-0.6768909132909836,-0.7180812905286489,-0.765431845959188,-0.8778925704699463,-0.4054678106528978,0.3640384560203087,-0.3124881293313158,-0.1421738718599445,0.4229523066499563,-1.0770248218508114,-0.4331963329288399,-0.7846209831731128,0.4401315817357081,0.9416018848439526,-0.6388604429073655,-0.8922957301086583,-0.6013986095765457,-1.0709722209675492,-0.7549626350899222,-0.4241782666737269,-0.758050734182464,0.9797529926203732,0.5567370804615919,-0.0650072899862589
-1.5780762767118544,-1.2853348071354005,-1.4890579459420763,-1.222049095906974,-0.995833489910634,-1.3752871343980937,-0.9106556014299652,-0.7676224166665411,-1.182741991337579,-1.1292218206044538,-1.2218892456038906,-1.1238214026959314,-1.078976541773571,-1.220572562616005,-1.4996104988353889,-0.2075688340426056,-1.0845366797339235,-1.195716734339504,-1.4169525199806638,-1.235145385985931,-0.8622252170476402,-1.9341062722645677,-0.203568452308037,-0.6024156062359433,4.1413003522225145,-0.9574999925953488,-0.4400345022290133,-1.2394731620678494,-0.875567537430426,0.2568046161466148,1.0172660559363758,1.6638352328915254
0.8454443473218137,0.7381022156175336,0.5796812001431201,0.7313108388436499,0.7054309108730238,0.4866340486619413,0.5160805139967659,-0.0029068255092302,0.5962815848891619,0.5276195773344942,0.884432825403475,0.9033165414191816,0.5123490471310708,2.992705418500113,0.5297947709208016,-0.5080008764831284,0.1531029236826901,1.010383328234441,0.3544231545878422,1.5509766059338237,0.1874693934631434,0.6568616979769254,0.2801136527889268,0.3604771049024036,0.1567971170558511,0.5630680291182092,0.6241748931716812,0.634580306640837,0.2959382459719454,-1.985435199804674,0.2518669137017295,-0.3180086347976425
0.877859539983099,0.9284812210475348,0.8695048454908714,1.1220468862604986,0.9411444138574524,0.6760439097427877,0.6276174938085415,0.0598046366308749,0.8252688589657505,0.5874855905038561,0.8797209012396516,1.007382058710873,0.6686888185281938,1.6059747776803983,1.1706116992346778,-0.5161259044239899,1.358954168963903,0.6034181347459333,0.3532355328426836,0.6426350208803544,-0.4248538041891673,0.7743715572383858,0.0239135326109679,0.0973132383814232,0.2146750918637649,0.7784191204754152,-0.2122101786183744,0.7238115461235602,-0.2399088430746092,-0.3562735761340631,-1.7501404600112933,-0.3601755255995402
-0.8810783117396541,-1.0407688251149831,-0.9665990626702818,-1.1079743105460718,-0.9591641063766552,-1.178536870583221,-0.928220155359342,-0.6892353754491493,-1.0229030616193366,-0.958920492221353,-1.1456232424554982,-1.0867928378957792,-0.8712915654639134,-0.7991067990014123,-0.0885032282431639,0.716541283450604,-1.1660298459418963,-1.2739088465335198,-0.9740477199934728,-0.7889684315026569,0.6606857708229968,0.0344881661760446,0.0200004473130678,-0.7078372237712154,-0.6229471776811869,-1.422737771295585,-0.4064034053955426,-1.114733102527783,-0.5151758552056213,1.2156077646761765,0.0930767600510916,0.9891649800611702
0.983192792075464,1.1020824166112646,0.9226776199623192,1.640225002665529,1.2439880625355269,0.7174605080099606,0.8903608719760274,0.101166222600256,0.9278870679531032,0.7306315049228542,0.9126114247841016,1.0722955929186837,0.694464641299481,0.350609846104008,0.8214838740665491,-0.517517027943281,0.7417106811905301,1.218978238186035,0.4699147802429916,0.7814555286516912,-0.6273444023344623,0.6767095169977737,0.5140218403299434,0.185433001764305,0.2479964395158768,0.9804402356133564,-0.3293763887295823,1.1468193099008537,-0.2747586366040263,-0.1930318102188625,-1.378780271126029,-0.1071741807881566
1.0190986195252,1.152229774260814,1.2234559989115197,1.0786029702229474,1.5173653734828687,1.2036108872204596,1.589945736011296,0.8812873114244072,1.392264325118416,1.9422960355466707,0.7405739363996474,1.0487285024532569,-0.2289378251411196,-0.6559376924616619,-0.226884683361937,-0.5266215184504065,0.2941594300632261,0.587545374332367,-0.120069575345784,0.9664019692599876,-1.3513780949494387,-0.1002744644203224,-0.3331732445739862,1.5001210715395754,0.1292668204918369,-0.5550288043891176,-0.693519828453495,1.341305667426587,2.386187389251882,0.9424333069675356,1.7336297650420915,-0.5288430888071284
0.8454443473218137,0.7381022156175336,0.5796812001431201,0.7313108388436499,0.7054309108730238,0.4866340486619413,0.5160805139967659,-0.0029068255092302,0.5962815848891619,0.5276195773344942,0.884432825403475,0.9033165414191816,0.5123490471310708,2.992705418500113,0.5297947709208016,-0.5080008764831284,0.1531029236826901,1.010383328234441,0.3544231545878422,1.5509766059338237,0.1874693934631434,0.6568616979769254,0.2801136527889268,0.3604771049024036,0.1567971170558511,0.5630680291182092,0.6241748931716812,0.634580306640837,0.2959382459719454,-1.985435199804674,0.2518669137017295,-0.3180086347976425
1.634837858667418,1.7729882357505662,1.8674153333131327,1.429949083765116,1.6780429700525057,2.172059489357648,1.6790122866640376,1.993554659292163,2.0307562624302022,1.926835236337584,1.749884425785262,2.0449552248717784,3.960464505677201,-0.0660993604272626,-0.0850344002534402,-0.5319627099526829,-0.8752893993309534,1.608096101698883,3.0007239522968066,2.016740303458169,0.508079324123444,0.538860820390863,0.0201191075369981,2.118188870963328,-0.2228815478213706,1.413103926953087,-0.0111438755025325,1.601757481569292,2.576056716219592,0.2024393611413101,-1.303588717536631,-0.9926788876279976
1.0190986195252,1.152229774260814,1.2234559989115197,1.0786029702229474,1.5173653734828687,1.2036108872204596,1.589945736011296,0.8812873114244072,1.392264325118416,1.9422960355466707,0.7405739363996474,1.0487285024532569,-0.2289378251411196,-0.6559376924616619,-0.226884683361937,-0.5266215184504065,0.2941594300632261,0.587545374332367,-0.120069575345784,0.9664019692599876,-1.3513780949494387,-0.1002744644203224,-0.3331732445739862,1.5001210715395754,0.1292668204918369,-0.5550288043891176,-0.693519828453495,1.341305667426587,2.386187389251882,0.9424333069675356,1.7336297650420915,-0.5288430888071284
0.8454443473218137,0.7381022156175336,0.5796812001431201,0.7313108388436499,0.7054309108730238,0.4866340486619413,0.5160805139967659,-0.0029068255092302,0.5962815848891619,0.5276195773344942,0.884432825403475,0.9033165414191816,0.5123490471310708,2.992705418500113,0.5297947709208016,-0.5080008764831284,0.1531029236826901,1.010383328234441,0.3544231545878422,1.5509766059338237,0.1874693934631434,0.6568616979769254,0.2801136527889268,0.3604771049024036,0.1567971170558511,0.5630680291182092,0.6241748931716812,0.634580306640837,0.2959382459719454,-1.985435199804674,0.2518669137017295,-0.3180086347976425
-0.5745285435202541,-0.7765144752564597,-0.5751992379864717,-0.7992163669001149,-0.8177027273657801,-0.7173467534721248,-0.8363325429639088,-0.5742131336839111,-0.7670382376434155,-0.8129573881966833,-0.849634610036974,-0.9636646275362928,-0.6491641260273081,-0.5630090297976348,-0.7783204582238338,-0.5310212490243545,-1.3119788098607317,-1.1852342400183145,-0.7323769559484979,-0.7533711653600882,1.728639284692384,2.0057202606112225,-0.457066428414523,-0.7523673389974166,-0.6158731373205782,-0.7800026368429093,2.0020214428128376,-0.6877906615052742,-0.4861249146876194,1.325394764457715,-0.5000077824441818,0.3144947272308149
1.1539658311899037,1.4989383501797924,1.4303846071085575,1.260568463461363,1.6356166100434777,1.6797957828956886,1.6690842795081433,1.2624714635685748,1.7332414432264251,1.3725631888434169,1.6483515482868052,1.4549346928184888,-0.2131171915433764,-0.4599363731525088,0.339811365640069,-0.5254899116374125,-0.2149093127984561,0.5410515716045815,1.241568716212545,2.107191967468017,-0.8344005845872645,0.054826613740022,-0.4290034863380065,3.1018590378014115,-0.0806158680214567,-0.1825578565974858,-0.2989647123816893,1.4095265811869206,2.457521066973057,0.2026273363964781,0.3329919193191797,-0.9083451060242022
-0.4500685351684177,-0.804042862736019,-0.7139282168888367,-0.930306686217439,-0.8417814167228792,-0.9412961675998722,-0.8945958108808976,-0.6072468517896545,-0.8453400129736358,-0.8061255971819612,-0.950228241082124,-1.0075650522649366,-0.3100345425861195,0.4251605404794366,1.7599757938048577,2.445125901191275,-1.2466466771042315,-0.9406411055746452,-0.5327513058913766,-0.3090525977770498,2.595611458894491,0.8526211087347361,0.6411049410763716,-0.7670990930407418,-0.602695077383831,-0.4067551124062425,1.9103887212058603,-0.5941725566649548,-0.4803804651485308,0.5786584910264272,-0.3485836582951384,0.6096629628440963
0.6855375000446186,0.5272580087947287,0.4098700047171378,0.4149360157491202,-0.1124764204575749,0.287711358359782,0.8469526161559459,-0.0830397255905054,0.3913669592505734,0.3952702634056066,0.716172467117703,0.7633874694033113,0.3615136772853074,-0.4554484223565174,-0.2054542743730885,-0.5258944873819824,-0.4386598384342483,0.602432550074947,0.4915292035677548,1.2996195397750414,-0.5607289098646239,0.5019006534769035,-0.839863014655845,0.2692422846232749,0.0799380666697927,0.9628989866854089,1.5479796141648436,0.3094578220931296,0.0663305189442173,-2.081030763738692,0.0091132705609736,-0.9505119968261
1.634837858667418,1.7729882357505662,1.8674153333131327,1.429949083765116,1.6780429700525057,2.172059489357648,1.6790122866640376,1.993554659292163,2.0307562624302022,1.926835236337584,1.749884425785262,2.0449552248717784,3.960464505677201,-0.0660993604272626,-0.0850344002534402,-0.5319627099526829,-0.8752893993309534,1.608096101698883,3.0007239522968066,2.016740303458169,0.508079324123444,0.538860820390863,0.0201191075369981,2.118188870963328,-0.2228815478213706,1.413103926953087,-0.0111438755025325,1.601757481569292,2.576056716219592,0.2024393611413101,-1.303588717536631,-0.9926788876279976
-0.4500685351684177,-0.804042862736019,-0.7139282168888367,-0.930306686217439,-0.8417814167228792,-0.9412961675998722,-0.8945958108808976,-0.6072468517896545,-0.8453400129736358,-0.8061255971819612,-0.950228241082124,-1.0075650522649366,-0.3100345425861195,0.4251605404794366,1.7599757938048577,2.445125901191275,-1.2466466771042315,-0.9406411055746452,-0.5327513058913766,-0.3090525977770498,2.595611458894491,0.8526211087347361,0.6411049410763716,-0.7670990930407418,-0.602695077383831,-0.4067551124062425,1.9103887212058603,-0.5941725566649548,-0.4803804651485308,0.5786584910264272,-0.3485836582951384,0.6096629628440963
-0.4158133146423159,-0.5156390671485809,-0.2295942353051585,-0.6815363809908588,-0.7163691545333031,-0.4274225629755183,-0.3756286776941668,-0.5314860397178413,-0.6768909132909836,-0.7180812905286489,-0.765431845959188,-0.8778925704699463,-0.4054678106528978,0.3640384560203087,-0.3124881293313158,-0.1421738718599445,0.4229523066499563,-1.0770248218508114,-0.4331963329288399,-0.7846209831731128,0.4401315817357081,0.9416018848439526,-0.6388604429073655,-0.8922957301086583,-0.6013986095765457,-1.0709722209675492,-0.7549626350899222,-0.4241782666737269,-0.758050734182464,0.9797529926203732,0.5567370804615919,-0.0650072899862589
1.1539658311899037,1.4989383501797924,1.4303846071085575,1.260568463461363,1.6356166100434777,1.6797957828956886,1.6690842795081433,1.2624714635685748,1.7332414432264251,1.3725631888434169,1.6483515482868052,1.4549346928184888,-0.2131171915433764,-0.4599363731525088,0.339811365640069,-0.5254899116374125,-0.2149093127984561,0.5410515716045815,1.241568716212545,2.107191967468017,-0.8344005845872645,0.054826613740022,-0.4290034863380065,3.1018590378014115,-0.0806158680214567,-0.1825578565974858,-0.2989647123816893,1.4095265811869206,2.457521066973057,0.2026273363964781,0.3329919193191797,-0.9083451060242022
1.0190986195252,1.152229774260814,1.2234559989115197,1.0786029702229474,1.5173653734828687,1.2036108872204596,1.589945736011296,0.8812873114244072,1.392264325118416,1.9422960355466707,0.7405739363996474,1.0487285024532569,-0.2289378251411196,-0.6559376924616619,-0.226884683361937,-0.5266215184504065,0.2941594300632261,0.587545374332367,-0.120069575345784,0.9664019692599876,-1.3513780949494387,-0.1002744644203224,-0.3331732445739862,1.5001210715395754,0.1292668204918369,-0.5550288043891176,-0.693519828453495,1.341305667426587,2.386187389251882,0.9424333069675356,1.7336297650420915,-0.5288430888071284
1.114114137712036,1.26413809678729,1.1093930233168448,1.1551972307690133,1.5278651304857676,0.7984655912314208,0.9889519780990071,0.1751527931446096,1.0950223940505397,0.8695321188411641,0.9680255748336036,0.9959033956679466,0.0928106393058414,0.0450916862427815,0.2921560412127261,-0.5021636455647591,0.328571119854515,0.8765959889034596,0.5038223662591116,0.6150408187183574,-0.9049502736531188,0.1417344095987635,-0.2457642652961151,0.2360924541700465,0.5743406024128863,0.0998047498933392,-0.965468677948361,1.1759715707941651,-0.2002712978201468,-0.3924403201656704,-1.5004103977846484,-0.2758417439957447
1.114114137712036,1.26413809678729,1.1093930233168448,1.1551972307690133,1.5278651304857676,0.7984655912314208,0.9889519780990071,0.1751527931446096,1.0950223940505397,0.8695321188411641,0.9680255748336036,0.9959033956679466,0.0928106393058414,0.0450916862427815,0.2921560412127261,-0.5021636455647591,0.328571119854515,0.8765959889034596,0.5038223662591116,0.6150408187183574,-0.9049502736531188,0.1417344095987635,-0.2457642652961151,0.2360924541700465,0.5743406024128863,0.0998047498933392,-0.965468677948361,1.1759715707941651,-0.2002712978201468,-0.3924403201656704,-1.5004103977846484,-0.2758417439957447
-0.8810783117396541,-1.0407688251149831,-0.9665990626702818,-1.1079743105460718,-0.9591641063766552,-1.178536870583221,-0.928220155359342,-0.6892353754491493,-1.0229030616193366,-0.958920492221353,-1.1456232424554982,-1.0867928378957792,-0.8712915654639134,-0.7991067990014123,-0.0885032282431639,0.716541283450604,-1.1660298459418963,-1.2739088465335198,-0.9740477199934728,-0.7889684315026569,0.6606857708229968,0.0344881661760446,0.0200004473130678,-0.7078372237712154,-0.6229471776811869,-1.422737771295585,-0.4064034053955426,-1.114733102527783,-0.5151758552056213,1.2156077646761765,0.0930767600510916,0.9891649800611702
-0.146628175030077,-0.2247794030848548,0.159639443851783,0.0217310770682206,-0.4179719574252581,0.396919353180963,-0.4585407715421138,-0.4235569726939967,-0.4195386946653581,-0.4716462965312046,-0.4557055475343667,-0.415617459493911,0.3834618400441292,1.6947201316423053,1.224429902966411,-0.4775055142995487,0.5733935539831251,-0.4558204931889167,0.1255179781964903,-0.5347730235540413,0.1742642976740501,-0.2020494095453242,-0.5158164146917273,-0.7063836401374144,-0.5641261723582708,1.130617537610769,-0.4974024726721137,-0.4802841563456236,-0.489932151940465,1.8420303208297435,0.396288852094476,-0.3601755255995402
-0.146628175030077,-0.2247794030848548,0.159639443851783,0.0217310770682206,-0.4179719574252581,0.396919353180963,-0.4585407715421138,-0.4235569726939967,-0.4195386946653581,-0.4716462965312046,-0.4557055475343667,-0.415617459493911,0.3834618400441292,1.6947201316423053,1.224429902966411,-0.4775055142995487,0.5733935539831251,-0.4558204931889167,0.1255179781964903,-0.5347730235540413,0.1742642976740501,-0.2020494095453242,-0.5158164146917273,-0.7063836401374144,-0.5641261723582708,1.130617537610769,-0.4974024726721137,-0.4802841563456236,-0.489932151940465,1.8420303208297435,0.396288852094476,-0.3601755255995402
-1.5780762767118544,-1.2853348071354005,-1.4890579459420763,-1.222049095906974,-0.995833489910634,-1.3752871343980937,-0.9106556014299652,-0.7676224166665411,-1.182741991337579,-1.1292218206044538,-1.2218892456038906,-1.1238214026959314,-1.078976541773571,-1.220572562616005,-1.4996104988353889,-0.2075688340426056,-1.0845366797339235,-1.195716734339504,-1.4169525199806638,-1.235145385985931,-0.8622252170476402,-1.9341062722645677,-0.203568452308037,-0.6024156062359433,4.1413003522225145,-0.9574999925953488,-0.4400345022290133,-1.2394731620678494,-0.875567537430426,0.2568046161466148,1.0172660559363758,1.6638352328915254
0.4296372362189833,0.3144360034689937,0.0631139124110455,0.2818112417035271,-0.1596084768954652,0.1286493110363401,0.0826298504136378,-0.1084094268582554,0.2153096795984654,0.219414479573481,0.8632872757966125,0.5673065721753616,0.445187491183537,-0.3826161063402839,0.4980603834108756,-0.512976400137095,0.4426523410279722,1.379584434192952,0.4382499770522301,-0.3297721819531818,0.5288517262855869,0.7485461283830271,-0.6186785173422938,0.2876266488606367,-0.3098666532472835,1.7726602492833397,2.471734426718471,0.0824019382153033,0.1922279239834474,-0.6463810425440487,0.1358291421737789,-0.9083451060242022
0.4296372362189833,0.3144360034689937,0.0631139124110455,0.2818112417035271,-0.1596084768954652,0.1286493110363401,0.0826298504136378,-0.1084094268582554,0.2153096795984654,0.219414479573481,0.8632872757966125,0.5673065721753616,0.445187491183537,-0.3826161063402839,0.4980603834108756,-0.512976400137095,0.4426523410279722,1.379584434192952,0.4382499770522301,-0.3297721819531818,0.5288517262855869,0.7485461283830271,-0.6186785173422938,0.2876266488606367,-0.3098666532472835,1.7726602492833397,2.471734426718471,0.0824019382153033,0.1922279239834474,-0.6463810425440487,0.1358291421737789,-0.9083451060242022
-1.5780762767118544,-1.2853348071354005,-1.4890579459420763,-1.222049095906974,-0.995833489910634,-1.3752871343980937,-0.9106556014299652,-0.7676224166665411,-1.182741991337579,-1.1292218206044538,-1.2218892456038906,-1.1238214026959314,-1.078976541773571,-1.220572562616005,-1.4996104988353889,-0.2075688340426056,-1.0845366797339235,-1.195716734339504,-1.4169525199806638,-1.235145385985931,-0.8622252170476402,-1.9341062722645677,-0.203568452308037,-0.6024156062359433,4.1413003522225145,-0.9574999925953488,-0.4400345022290133,-1.2394731620678494,-0.875567537430426,0.2568046161466148,1.0172660559363758,1.6638352328915254
1.634837858667418,1.7729882357505662,1.8674153333131327,1.429949083765116,1.6780429700525057,2.172059489357648,1.6790122866640376,1.993554659292163,2.0307562624302022,1.926835236337584,1.749884425785262,2.0449552248717784,3.960464505677201,-0.0660993604272626,-0.0850344002534402,-0.5319627099526829,-0.8752893993309534,1.608096101698883,3.0007239522968066,2.016740303458169,0.508079324123444,0.538860820390863,0.0201191075369981,2.118188870963328,-0.2228815478213706,1.413103926953087,-0.0111438755025325,1.601757481569292,2.576056716219592,0.2024393611413101,-1.303588717536631,-0.9926788876279976
0.983192792075464,1.1020824166112646,0.9226776199623192,1.640225002665529,1.2439880625355269,0.7174605080099606,0.8903608719760274,0.101166222600256,0.9278870679531032,0.7306315049228542,0.9126114247841016,1.0722955929186837,0.694464641299481,0.350609846104008,0.8214838740665491,-0.517517027943281,0.7417106811905301,1.218978238186035,0.4699147802429916,0.7814555286516912,-0.6273444023344623,0.6767095169977737,0.5140218403299434,0.185433001764305,0.2479964395158768,0.9804402356133564,-0.3293763887295823,1.1468193099008537,-0.2747586366040263,-0.1930318102188625,-1.378780271126029,-0.1071741807881566
-0.7029019306446641,-1.0257794243251468,-0.8677667756119058,-1.0839827074462345,-0.8882969786261081,-1.0914740020068785,-0.6950027662446908,-0.6685160824158642,-0.9359900220491528,-0.8796152257153622,-1.076843502493566,-1.04002541427511,-0.4524985490577865,0.0442990391639978,1.74735073041983,0.9219796693900166,-1.119668381660177,-0.3998458052591225,-0.705423145487409,-0.6443974109225207,1.8494099182530264,-0.059090757393059,0.6884469036202724,-0.7307832436383805,-0.574874240527434,-0.4643174975093811,0.3500277542435302,-1.0529301402162157,-0.1355841172341096,0.3094723832560785,-0.0518429599688844,0.9048311984573746
0.0467800702696549,-0.2103952591823486,0.2366506304068424,-0.0622324489753856,-0.4237315378794889,-0.1428550609578763,-0.4272871701503537,-0.3560770322580233,-0.2933908689927043,-0.2891049812852636,-0.2884544764532458,-0.270941980396344,-0.2043044681012397,0.5664303232379279,-0.0627660760128107,-0.3795476980988942,-0.401799133015577,-0.2060659448232713,0.0357134367779285,-0.451547347204844,-0.0350014816507189,-0.0388875052039043,-0.7455858218693301,-0.5035186629036696,-0.5559105747636038,0.7624832386602584,-0.2197233887191853,-0.4895699098765943,-0.193004984070965,0.5830634787096943,0.3489756529280555,-0.5288430888071284
0.9382696426116536,1.1416519982126092,1.2102332836434913,1.0343545488989578,1.4559150365867248,1.2935778088026484,1.5842015315909932,3.560490452001116,1.23997676910106,1.7102740971459127,1.084159698008358,0.8246743121129014,-0.2381894834827992,0.2174610515513577,0.0672187867119359,-0.5269661429804581,1.7986034158173814,1.17758416406618,0.3961568823980797,0.2146267909512746,-0.97646750166389,-0.1223329843332899,4.267964212934988,0.791377963137693,-0.0916512712443571,-0.1416873362622927,-1.252710618095895,1.7932569016213578,0.490731179559206,-1.9857334464928411,-0.484893412407306,-2.215518720883015
-1.7961994962767516,-1.3317708437233546,-1.5982896581542652,-1.4028385804696157,-1.0643083580746198,-1.2046567394796652,-1.2870178714943319,-0.7862761756933592,-1.2839886128755267,-1.2111284811879455,-1.2248294145213126,-1.131465820648587,-0.9569106075021643,-0.7291128135875652,-1.4783532626099078,0.3849440261904754,-0.5343158212900394,-0.4577432059572993,-1.371523648314791,-1.2051362975068376,-0.9212329417547702,-1.816525625813643,0.665928056608827,-0.8414451687176757,-0.42692331920400817,-1.3494471223068971,-0.3065885694175286,-1.3315242253910897,-0.8450623683434115,-0.3425837634868112,0.362391502629001,1.7780828727376805
0.9382696426116536,1.1416519982126092,1.2102332836434913,1.0343545488989578,1.4559150365867248,1.2935778088026484,1.5842015315909932,3.560490452001116,1.23997676910106,1.7102740971459127,1.084159698008358,0.8246743121129014,-0.2381894834827992,0.2174610515513577,0.0672187867119359,-0.5269661429804581,1.7986034158173814,1.17758416406618,0.3961568823980797,0.2146267909512746,-0.97646750166389,-0.1223329843332899,4.267964212934988,0.791377963137693,-0.0916512712443571,-0.1416873362622927,-1.252710618095895,1.7932569016213578,0.490731179559206,-1.9857334464928411,-0.484893412407306,-2.215518720883015
-1.1835438141686836,-1.2672972490523928,-1.3382837405390793,-1.361657779495609,-1.0359365766518909,-1.3047603731743185,-1.0871217041057006,-0.7473253484052141,-1.098613012794483,-1.089975436264934,-1.1870895497629086,-1.0955161834252498,-1.099117760241202,-1.2715443130429729,-1.7867587834903431,-0.2201036644720352,-1.2367332728351137,-1.5428321347942515,-1.2211393461783508,-1.0250886522104603,-0.8020115316663434,-1.8961225690018508,0.0042499772884305,-0.4891875589007493,1.6294384206659,-1.6110429076946178,-0.9629010220759332,-1.1378527423274232,-0.4628332566757289,-0.4207629164363726,2.95634767709298,1.4530007788820396
0.8177735443216598,1.0838346151993425,1.1955443376358847,0.9807478978276148,1.4916348607182577,1.393442635340048,1.5253707956195282,3.518617281796856,1.2517491875165565,1.7908299045708937,1.0230409823813629,0.8371261182282486,-0.14712454094214375,0.13487309414239435,0.0031653263696442974,-0.5481464733035,1.772573995174611,1.2182142284538622,0.40823986838912163,0.12587868796916818,-0.9506969815188494,-0.15120992870107242,4.33168657378205,0.759998586315847,-0.12348203539946889,-0.11463075572206614,-1.214564293979048,1.815661869818168,0.40645131368996557,-2.0317759663832975,-0.44214244619244203,-2.18353740040812
-0.4341798853153589,-0.4004250316508307,-0.0375503801587199,-0.3977188486978522,-0.6006331912722908,-0.1025511655173693,-0.797484333670673,-0.484000772783895,-0.5539115124408525,-0.6040115577816981,-0.539057378007905,-0.6936583276988406,-0.0510777392111037,0.8674382845449476,0.7448703474644359,-0.18567312628524,1.875004098526412,-0.8919430264447064,-0.082730184407668,-0.0970463781413462,0.4341698387618963,-0.4809988547154174,-0.576064392910523,-0.9059851322747566,-0.4904676350080633,0.0054245586513399,-1.0090010060328958,-0.1650148978817457,-0.7920160130317723,-0.8694819753243683,-0.105026324874296,-0.1915079623919492
0.6855375000446186,0.5272580087947287,0.4098700047171378,0.4149360157491202,-0.1124764204575749,0.287711358359782,0.8469526161559459,-0.0830397255905054,0.3913669592505734,0.3952702634056066,0.716172467117703,0.7633874694033113,0.3615136772853074,-0.4554484223565174,-0.2054542743730885,-0.5258944873819824,-0.4386598384342483,0.602432550074947,0.4915292035677548,1.2996195397750414,-0.5607289098646239,0.5019006534769035,-0.839863014655845,0.2692422846232749,0.0799380666697927,0.9628989866854089,1.5479796141648436,0.3094578220931296,0.0663305189442173,-2.081030763738692,0.0091132705609736,-0.9505119968261
-1.8177405464271457,-1.4388532237668776,-1.5779689073350345,-1.3772264440160389,-1.0236197216622258,-1.23545571060844,-1.3434664861303764,-0.7805788028106154,-1.2419807890274004,-1.1699044204033835,-1.2573590539125477,-1.168628529208759,-0.984068320917424,-0.6958373282231305,-1.4899613287632438,0.379109735733439,-0.5452502511264901,-0.5013146448547088,-1.3827034257535251,-1.2390819756604323,-0.9246118952292148,-1.8309815957481423,0.6343636453169,-0.7685873777248924,-0.4109397583861431,-1.3259284895922574,-0.2746446770053615,-1.3177671128297554,-0.9198094339051314,-0.3325285307608697,0.3067432080459878,1.7903359052972156
-2.049251818906184,-1.4635929427149093,-1.6649276531555992,-1.4865952568628196,-1.0718093845742451,-1.38010826948144,-1.5343806745373951,-0.7897148816589122,-1.2954099955327305,-1.2458967504700864,-1.2982376032005825,-1.1974835960832422,-1.082194364167608,-1.2346694123329596,-2.0913605913461977,3.567452208514911,-0.83148437929783,-1.3335130561407402,-1.5223491639851672,-1.3225103767929247,-1.2158505841827034,-2.0993382237308644,-0.1744423782199061,-0.8479379859169895,-0.5407959498009259,-1.5358284810537486,-0.8932423004808223,-1.4480044102094225,-0.6930246742878864,0.7295589439744146,-0.8762567137464611,1.916836577702909
-1.1835438141686836,-1.2672972490523928,-1.3382837405390793,-1.361657779495609,-1.0359365766518909,-1.3047603731743185,-1.0871217041057006,-0.7473253484052141,-1.098613012794483,-1.089975436264934,-1.1870895497629086,-1.0955161834252498,-1.099117760241202,-1.2715443130429729,-1.7867587834903431,-0.2201036644720352,-1.2367332728351137,-1.5428321347942515,-1.2211393461783508,-1.0250886522104603,-0.8020115316663434,-1.8961225690018508,0.0042499772884305,-0.4891875589007493,1.6294384206659,-1.6110429076946178,-0.9629010220759332,-1.1378527423274232,-0.4628332566757289,-0.4207629164363726,2.95634767709298,1.4530007788820396
-2.049251818906184,-1.4635929427149093,-1.6649276531555992,-1.4865952568628196,-1.0718093845742451,-1.38010826948144,-1.5343806745373951,-0.7897148816589122,-1.2954099955327305,-1.2458967504700864,-1.2982376032005825,-1.1974835960832422,-1.082194364167608,-1.2346694123329596,-2.0913605913461977,3.567452208514911,-0.83148437929783,-1.3335130561407402,-1.5223491639851672,-1.3225103767929247,-1.2158505841827034,-2.0993382237308644,-0.1744423782199061,-0.8479379859169895,-0.5407959498009259,-1.5358284810537486,-0.8932423004808223,-1.4480044102094225,-0.6930246742878864,0.7295589439744146,-0.8762567137464611,1.916836577702909
0.6855375000446186,0.5272580087947287,0.4098700047171378,0.4149360157491202,-0.1124764204575749,0.287711358359782,0.8469526161559459,-0.0830397255905054,0.3913669592505734,0.3952702634056066,0.716172467117703,0.7633874694033113,0.3615136772853074,-0.4554484223565174,-0.2054542743730885,-0.5258944873819824,-0.4386598384342483,0.602432550074947,0.4915292035677548,1.2996195397750414,-0.5607289098646239,0.5019006534769035,-0.839863014655845,0.2692422846232749,0.0799380666697927,0.9628989866854089,1.5479796141648436,0.3094578220931296,0.0663305189442173,-2.081030763738692,0.0091132705609736,-0.9505119968261
-2.049251818906184,-1.4635929427149093,-1.6649276531555992,-1.4865952568628196,-1.0718093845742451,-1.38010826948144,-1.5343806745373951,-0.7897148816589122,-1.2954099955327305,-1.2458967504700864,-1.2982376032005825,-1.1974835960832422,-1.082194364167608,-1.2346694123329596,-2.0913605913461977,3.567452208514911,-0.83148437929783,-1.3335130561407402,-1.5223491639851672,-1.3225103767929247,-1.2158505841827034,-2.0993382237308644,-0.1744423782199061,-0.8479379859169895,-0.5407959498009259,-1.5358284810537486,-0.8932423004808223,-1.4480044102094225,-0.6930246742878864,0.7295589439744146,-0.8762567137464611,1.916836577702909
0.3486991707981831,0.0604298290035889,-0.183196526397,0.2618393737592187,-0.2851436872885191,0.1131049340312856,-0.0803240088387822,-0.1728893374408338,0.028133890622587,0.0089414856021664,0.6859085015263725,0.2768306814866749,0.3951699368406582,-0.57585755080946,-0.3232355344338599,-0.5026836959138499,1.0218893610684427,1.1399372593216934,1.3311169245020198,-0.3459290330492845,0.6767404938824108,0.4281219188301969,-0.6687923776886063,0.1102849883193637,-0.4127541607790779,0.8230814669840182,0.213965676546782,-0.3369596968403866,-0.2499977967714217,0.239573742207419,-0.018715816854753,-0.6131768704109208
-1.5780762767118544,-1.2853348071354005,-1.4890579459420763,-1.222049095906974,-0.995833489910634,-1.3752871343980937,-0.9106556014299652,-0.7676224166665411,-1.182741991337579,-1.1292218206044538,-1.2218892456038906,-1.1238214026959314,-1.078976541773571,-1.220572562616005,-1.4996104988353889,-0.2075688340426056,-1.0845366797339235,-1.195716734339504,-1.4169525199806638,-1.235145385985931,-0.8622252170476402,-1.9341062722645677,-0.203568452308037,-0.6024156062359433,4.1413003522225145,-0.9574999925953488,-0.4400345022290133,-1.2394731620678494,-0.875567537430426,0.2568046161466148,1.0172660559363758,1.6638352328915254
1.634837858667418,1.7729882357505662,1.8674153333131327,1.429949083765116,1.6780429700525057,2.172059489357648,1.6790122866640376,1.993554659292163,2.0307562624302022,1.926835236337584,1.749884425785262,2.0449552248717784,3.960464505677201,-0.0660993604272626,-0.0850344002534402,-0.5319627099526829,-0.8752893993309534,1.608096101698883,3.0007239522968066,2.016740303458169,0.508079324123444,0.538860820390863,0.0201191075369981,2.118188870963328,-0.2228815478213706,1.413103926953087,-0.0111438755025325,1.601757481569292,2.576056716219592,0.2024393611413101,-1.303588717536631,-0.9926788876279976
1.0190986195252,1.152229774260814,1.2234559989115197,1.0786029702229474,1.5173653734828687,1.2036108872204596,1.589945736011296,0.8812873114244072,1.392264325118416,1.9422960355466707,0.7405739363996474,1.0487285024532569,-0.2289378251411196,-0.6559376924616619,-0.226884683361937,-0.5266215184504065,0.2941594300632261,0.587545374332367,-0.120069575345784,0.9664019692599876,-1.3513780949494387,-0.1002744644203224,-0.3331732445739862,1.5001210715395754,0.1292668204918369,-0.5550288043891176,-0.693519828453495,1.341305667426587,2.386187389251882,0.9424333069675356,1.7336297650420915,-0.5288430888071284
0.3486991707981831,0.0604298290035889,-0.183196526397,0.2618393737592187,-0.2851436872885191,0.1131049340312856,-0.0803240088387822,-0.1728893374408338,0.028133890622587,0.0089414856021664,0.6859085015263725,0.2768306814866749,0.3951699368406582,-0.57585755080946,-0.3232355344338599,-0.5026836959138499,1.0218893610684427,1.1399372593216934,1.3311169245020198,-0.3459290330492845,0.6767404938824108,0.4281219188301969,-0.6687923776886063,0.1102849883193637,-0.4127541607790779,0.8230814669840182,0.213965676546782,-0.3369596968403866,-0.2499977967714217,0.239573742207419,-0.018715816854753,-0.6131768704109208
1.0190986195252,1.152229774260814,1.2234559989115197,1.0786029702229474,1.5173653734828687,1.2036108872204596,1.589945736011296,0.8812873114244072,1.392264325118416,1.9422960355466707,0.7405739363996474,1.0487285024532569,-0.2289378251411196,-0.6559376924616619,-0.226884683361937,-0.5266215184504065,0.2941594300632261,0.587545374332367,-0.120069575345784,0.9664019692599876,-1.3513780949494387,-0.1002744644203224,-0.3331732445739862,1.5001210715395754,0.1292668204918369,-0.5550288043891176,-0.693519828453495,1.341305667426587,2.386187389251882,0.9424333069675356,1.7336297650420915,-0.5288430888071284
0.1563744058565792,-0.0473135785659083,-0.437947221286496,0.0779235928882436,-0.3552896802750338,-0.0569389117557756,-0.1057964546760315,-0.2471085129295573,-0.1417601228386564,-0.1154023208721778,-0.0975742826787961,-0.0181070625941167,0.3543296910720463,-0.7932946046057785,-0.2453857091845438,-0.1902125193285793,1.4619925803114764,0.2582537084610392,0.3817667709642701,-0.3333836018088461,-0.2642288075705569,0.4078178993579289,-0.6476190236006003,-0.3836180708126383,-0.4759550769782965,1.162357007277984,0.1014171605667137,0.2698416903947453,-0.6985523288324258,-0.1443179207895172,0.1793802176413217,-0.3180086347976425
1.634837858667418,1.7729882357505662,1.8674153333131327,1.429949083765116,1.6780429700525057,2.172059489357648,1.6790122866640376,1.993554659292163,2.0307562624302022,1.926835236337584,1.749884425785262,2.0449552248717784,3.960464505677201,-0.0660993604272626,-0.0850344002534402,-0.5319627099526829,-0.8752893993309534,1.608096101698883,3.0007239522968066,2.016740303458169,0.508079324123444,0.538860820390863,0.0201191075369981,2.118188870963328,-0.2228815478213706,1.413103926953087,-0.0111438755025325,1.601757481569292,2.576056716219592,0.2024393611413101,-1.303588717536631,-0.9926788876279976
-1.8177405464271457,-1.4388532237668776,-1.5779689073350345,-1.3772264440160389,-1.0236197216622258,-1.23545571060844,-1.3434664861303764,-0.7805788028106154,-1.2419807890274004,-1.1699044204033835,-1.2573590539125477,-1.168628529208759,-0.984068320917424,-0.6958373282231305,-1.4899613287632438,0.379109735733439,-0.5452502511264901,-0.5013146448547088,-1.3827034257535251,-1.2390819756604323,-0.9246118952292148,-1.8309815957481423,0.6343636453169,-0.7685873777248924,-0.4109397583861431,-1.3259284895922574,-0.2746446770053615,-1.3177671128297554,-0.9198094339051314,-0.3325285307608697,0.3067432080459878,1.7903359052972156
-2.049251818906184,-1.4635929427149093,-1.6649276531555992,-1.4865952568628196,-1.0718093845742451,-1.38010826948144,-1.5343806745373951,-0.7897148816589122,-1.2954099955327305,-1.2458967504700864,-1.2982376032005825,-1.1974835960832422,-1.082194364167608,-1.2346694123329596,-2.0913605913461977,3.567452208514911,-0.83148437929783,-1.3335130561407402,-1.5223491639851672,-1.3225103767929247,-1.2158505841827034,-2.0993382237308644,-0.1744423782199061,-0.8479379859169895,-0.5407959498009259,-1.5358284810537486,-0.8932423004808223,-1.4480044102094225,-0.6930246742878864,0.7295589439744146,-0.8762567137464611,1.916836577702909
-1.1835438141686836,-1.2672972490523928,-1.3382837405390793,-1.361657779495609,-1.0359365766518909,-1.3047603731743185,-1.0871217041057006,-0.7473253484052141,-1.098613012794483,-1.089975436264934,-1.1870895497629086,-1.0955161834252498,-1.099117760241202,-1.2715443130429729,-1.7867587834903431,-0.2201036644720352,-1.2367332728351137,-1.5428321347942515,-1.2211393461783508,-1.0250886522104603,-0.8020115316663434,-1.8961225690018508,0.0042499772884305,-0.4891875589007493,1.6294384206659,-1.6110429076946178,-0.9629010220759332,-1.1378527423274232,-0.4628332566757289,-0.4207629164363726,2.95634767709298,1.4530007788820396
0.8454443473218137,0.7381022156175336,0.5796812001431201,0.7313108388436499,0.7054309108730238,0.4866340486619413,0.5160805139967659,-0.0029068255092302,0.5962815848891619,0.5276195773344942,0.884432825403475,0.9033165414191816,0.5123490471310708,2.992705418500113,0.5297947709208016,-0.5080008764831284,0.1531029236826901,1.010383328234441,0.3544231545878422,1.5509766059338237,0.1874693934631434,0.6568616979769254,0.2801136527889268,0.3604771049024036,0.1567971170558511,0.5630680291182092,0.6241748931716812,0.634580306640837,0.2959382459719454,-1.985435199804674,0.2518669137017295,-0.3180086347976425
0.1563744058565792,-0.0473135785659083,-0.437947221286496,0.0779235928882436,-0.3552896802750338,-0.0569389117557756,-0.1057964546760315,-0.2471085129295573,-0.1417601228386564,-0.1154023208721778,-0.0975742826787961,-0.0181070625941167,0.3543296910720463,-0.7932946046057785,-0.2453857091845438,-0.1902125193285793,1.4619925803114764,0.2582537084610392,0.3817667709642701,-0.3333836018088461,-0.2642288075705569,0.4078178993579289,-0.6476190236006003,-0.3836180708126383,-0.4759550769782965,1.162357007277984,0.1014171605667137,0.2698416903947453,-0.6985523288324258,-0.1443179207895172,0.1793802176413217,-0.3180086347976425
0.877859539983099,0.9284812210475348,0.8695048454908714,1.1220468862604986,0.9411444138574524,0.6760439097427877,0.6276174938085415,0.0598046366308749,0.8252688589657505,0.5874855905038561,0.8797209012396516,1.007382058710873,0.6686888185281938,1.6059747776803983,1.1706116992346778,-0.5161259044239899,1.358954168963903,0.6034181347459333,0.3532355328426836,0.6426350208803544,-0.4248538041891673,0.7743715572383858,0.0239135326109679,0.0973132383814232,0.2146750918637649,0.7784191204754152,-0.2122101786183744,0.7238115461235602,-0.2399088430746092,-0.3562735761340631,-1.7501404600112933,-0.3601755255995402
0.9382696426116536,1.1416519982126092,1.2102332836434913,1.0343545488989578,1.4559150365867248,1.2935778088026484,1.5842015315909932,3.560490452001116,1.23997676910106,1.7102740971459127,1.084159698008358,0.8246743121129014,-0.2381894834827992,0.2174610515513577,0.0672187867119359,-0.5269661429804581,1.7986034158173814,1.17758416406618,0.3961568823980797,0.2146267909512746,-0.97646750166389,-0.1223329843332899,4.267964212934988,0.791377963137693,-0.0916512712443571,-0.1416873362622927,-1.252710618095895,1.7932569016213578,0.490731179559206,-1.9857334464928411,-0.484893412407306,-2.215518720883015
-0.4341798853153589,-0.4004250316508307,-0.0375503801587199,-0.3977188486978522,-0.6006331912722908,-0.1025511655173693,-0.797484333670673,-0.484000772783895,-0.5539115124408525,-0.6040115577816981,-0.539057378007905,-0.6936583276988406,-0.0510777392111037,0.8674382845449476,0.7448703474644359,-0.18567312628524,1.875004098526412,-0.8919430264447064,-0.082730184407668,-0.0970463781413462,0.4341698387618963,-0.4809988547154174,-0.576064392910523,-0.9059851322747566,-0.4904676350080633,0.0054245586513399,-1.0090010060328958,-0.1650148978817457,-0.7920160130317723,-0.8694819753243683,-0.105026324874296,-0.1915079623919492
-0.4500685351684177,-0.804042862736019,-0.7139282168888367,-0.930306686217439,-0.8417814167228792,-0.9412961675998722,-0.8945958108808976,-0.6072468517896545,-0.8453400129736358,-0.8061255971819612,-0.950228241082124,-1.0075650522649366,-0.3100345425861195,0.4251605404794366,1.7599757938048577,2.445125901191275,-1.2466466771042315,-0.9406411055746452,-0.5327513058913766,-0.3090525977770498,2.595611458894491,0.8526211087347361,0.6411049410763716,-0.7670990930407418,-0.602695077383831,-0.4067551124062425,1.9103887212058603,-0.5941725566649548,-0.4803804651485308,0.5786584910264272,-0.3485836582951384,0.6096629628440963
0.9382696426116536,1.1416519982126092,1.2102332836434913,1.0343545488989578,1.4559150365867248,1.2935778088026484,1.5842015315909932,3.560490452001116,1.23997676910106,1.7102740971459127,1.084159698008358,0.8246743121129014,-0.2381894834827992,0.2174610515513577,0.0672187867119359,-0.5269661429804581,1.7986034158173814,1.17758416406618,0.3961568823980797,0.2146267909512746,-0.97646750166389,-0.1223329843332899,4.267964212934988,0.791377963137693,-0.0916512712443571,-0.1416873362622927,-1.252710618095895,1.7932569016213578,0.490731179559206,-1.9857334464928411,-0.484893412407306,-2.215518720883015
1.114114137712036,1.26413809678729,1.1093930233168448,1.1551972307690133,1.5278651304857676,0.7984655912314208,0.9889519780990071,0.1751527931446096,1.0950223940505397,0.8695321188411641,0.9680255748336036,0.9959033956679466,0.0928106393058414,0.0450916862427815,0.2921560412127261,-0.5021636455647591,0.328571119854515,0.8765959889034596,0.5038223662591116,0.6150408187183574,-0.9049502736531188,0.1417344095987635,-0.2457642652961151,0.2360924541700465,0.5743406024128863,0.0998047498933392,-0.965468677948361,1.1759715707941651,-0.2002712978201468,-0.3924403201656704,-1.5004103977846484,-0.2758417439957447
0.3486991707981831,0.0604298290035889,-0.183196526397,0.2618393737592187,-0.2851436872885191,0.1131049340312856,-0.0803240088387822,-0.1728893374408338,0.028133890622587,0.0089414856021664,0.6859085015263725,0.2768306814866749,0.3951699368406582,-0.57585755080946,-0.3232355344338599,-0.5026836959138499,1.0218893610684427,1.1399372593216934,1.3311169245020198,-0.3459290330492845,0.6767404938824108,0.4281219188301969,-0.6687923776886063,0.1102849883193637,-0.4127541607790779,0.8230814669840182,0.213965676546782,-0.3369596968403866,-0.2499977967714217,0.239573742207419,-0.018715816854753,-0.6131768704109208
-0.4500685351684177,-0.804042862736019,-0.7139282168888367,-0.930306686217439,-0.8417814167228792,-0.9412961675998722,-0.8945958108808976,-0.6072468517896545,-0.8453400129736358,-0.8061255971819612,-0.950228241082124,-1.0075650522649366,-0.3100345425861195,0.4251605404794366,1.7599757938048577,2.445125901191275,-1.2466466771042315,-0.9406411055746452,-0.5327513058913766,-0.3090525977770498,2.595611458894491,0.8526211087347361,0.6411049410763716,-0.7670990930407418,-0.602695077383831,-0.4067551124062425,1.9103887212058603,-0.5941725566649548,-0.4803804651485308,0.5786584910264272,-0.3485836582951384,0.6096629628440963
0.877859539983099,0.9284812210475348,0.8695048454908714,1.1220468862604986,0.9411444138574524,0.6760439097427877,0.6276174938085415,0.0598046366308749,0.8252688589657505,0.5874855905038561,0.8797209012396516,1.007382058710873,0.6686888185281938,1.6059747776803983,1.1706116992346778,-0.5161259044239899,1.358954168963903,0.6034181347459333,0.3532355328426836,0.6426350208803544,-0.4248538041891673,0.7743715572383858,0.0239135326109679,0.0973132383814232,0.2146750918637649,0.7784191204754152,-0.2122101786183744,0.7238115461235602,-0.2399088430746092,-0.3562735761340631,-1.7501404600112933,-0.3601755255995402
-1.8177405464271457,-1.4388532237668776,-1.5779689073350345,-1.3772264440160389,-1.0236197216622258,-1.23545571060844,-1.3434664861303764,-0.7805788028106154,-1.2419807890274004,-1.1699044204033835,-1.2573590539125477,-1.168628529208759,-0.984068320917424,-0.6958373282231305,-1.4899613287632438,0.379109735733439,-0.5452502511264901,-0.5013146448547088,-1.3827034257535251,-1.2390819756604323,-0.9246118952292148,-1.8309815957481423,0.6343636453169,-0.7685873777248924,-0.4109397583861431,-1.3259284895922574,-0.2746446770053615,-1.3177671128297554,-0.9198094339051314,-0.3325285307608697,0.3067432080459878,1.7903359052972156
-1.5780762767118544,-1.2853348071354005,-1.4890579459420763,-1.222049095906974,-0.995833489910634,-1.3752871343980937,-0.9106556014299652,-0.7676224166665411,-1.182741991337579,-1.1292218206044538,-1.2218892456038906,-1.1238214026959314,-1.078976541773571,-1.220572562616005,-1.4996104988353889,-0.2075688340426056,-1.0845366797339235,-1.195716734339504,-1.4169525199806638,-1.235145385985931,-0.8622252170476402,-1.9341062722645677,-0.203568452308037,-0.6024156062359433,4.1413003522225145,-0.9574999925953488,-0.4400345022290133,-1.2394731620678494,-0.875567537430426,0.2568046161466148,1.0172660559363758,1.6638352328915254
0.8454443473218137,0.7381022156175336,0.5796812001431201,0.7313108388436499,0.7054309108730238,0.4866340486619413,0.5160805139967659,-0.0029068255092302,0.5962815848891619,0.5276195773344942,0.884432825403475,0.9033165414191816,0.5123490471310708,2.992705418500113,0.5297947709208016,-0.5080008764831284,0.1531029236826901,1.010383328234441,0.3544231545878422,1.5509766059338237,0.1874693934631434,0.6568616979769254,0.2801136527889268,0.3604771049024036,0.1567971170558511,0.5630680291182092,0.6241748931716812,0.634580306640837,0.2959382459719454,-1.985435199804674,0.2518669137017295,-0.3180086347976425
-2.049251818906184,-1.4635929427149093,-1.6649276531555992,-1.4865952568628196,-1.0718093845742451,-1.38010826948144,-1.5343806745373951,-0.7897148816589122,-1.2954099955327305,-1.2458967504700864,-1.2982376032005825,-1.1974835960832422,-1.082194364167608,-1.2346694123329596,-2.0913605913461977,3.567452208514911,-0.83148437929783,-1.3335130561407402,-1.5223491639851672,-1.3225103767929247,-1.2158505841827034,-2.0993382237308644,-0.1744423782199061,-0.8479379859169895,-0.5407959498009259,-1.5358284810537486,-0.8932423004808223,-1.4480044102094225,-0.6930246742878864,0.7295589439744146,-0.8762567137464611,1.916836577702909
0.877859539983099,0.9284812210475348,0.8695048454908714,1.1220468862604986,0.9411444138574524,0.6760439097427877,0.6276174938085415,0.0598046366308749,0.8252688589657505,0.5874855905038561,0.8797209012396516,1.007382058710873,0.6686888185281938,1.6059747776803983,1.1706116992346778,-0.5161259044239899,1.358954168963903,0.6034181347459333,0.3532355328426836,0.6426350208803544,-0.4248538041891673,0.7743715572383858,0.0239135326109679,0.0973132383814232,0.2146750918637649,0.7784191204754152,-0.2122101786183744,0.7238115461235602,-0.2399088430746092,-0.3562735761340631,-1.7501404600112933,-0.3601755255995402
0.983192792075464,1.1020824166112646,0.9226776199623192,1.640225002665529,1.2439880625355269,0.7174605080099606,0.8903608719760274,0.101166222600256,0.9278870679531032,0.7306315049228542,0.9126114247841016,1.0722955929186837,0.694464641299481,0.350609846104008,0.8214838740665491,-0.517517027943281,0.7417106811905301,1.218978238186035,0.4699147802429916,0.7814555286516912,-0.6273444023344623,0.6767095169977737,0.5140218403299434,0.185433001764305,0.2479964395158768,0.9804402356133564,-0.3293763887295823,1.1468193099008537,-0.2747586366040263,-0.1930318102188625,-1.378780271126029,-0.1071741807881566
-2.049251818906184,-1.4635929427149093,-1.6649276531555992,-1.4865952568628196,-1.0718093845742451,-1.38010826948144,-1.5343806745373951,-0.7897148816589122,-1.2954099955327305,-1.2458967504700864,-1.2982376032005825,-1.1974835960832422,-1.082194364167608,-1.2346694123329596,-2.0913605913461977,3.567452208514911,-0.83148437929783,-1.3335130561407402,-1.5223491639851672,-1.3225103767929247,-1.2158505841827034,-2.0993382237308644,-0.1744423782199061,-0.8479379859169895,-0.5407959498009259,-1.5358284810537486,-0.8932423004808223,-1.4480044102094225,-0.6930246742878864,0.7295589439744146,-0.8762567137464611,1.916836577702909
-1.5780762767118544,-1.2853348071354005,-1.4890579459420763,-1.222049095906974,-0.995833489910634,-1.3752871343980937,-0.9106556014299652,-0.7676224166665411,-1.182741991337579,-1.1292218206044538,-1.2218892456038906,-1.1238214026959314,-1.078976541773571,-1.220572562616005,-1.4996104988353889,-0.2075688340426056,-1.0845366797339235,-1.195716734339504,-1.4169525199806638,-1.235145385985931,-0.8622252170476402,-1.9341062722645677,-0.203568452308037,-0.6024156062359433,4.1413003522225145,-0.9574999925953488,-0.4400345022290133,-1.2394731620678494,-0.875567537430426,0.2568046161466148,1.0172660559363758,1.6638352328915254
0.3486991707981831,0.0604298290035889,-0.183196526397,0.2618393737592187,-0.2851436872885191,0.1131049340312856,-0.0803240088387822,-0.1728893374408338,0.028133890622587,0.0089414856021664,0.6859085015263725,0.2768306814866749,0.3951699368406582,-0.57585755080946,-0.3232355344338599,-0.5026836959138499,1.0218893610684427,1.1399372593216934,1.3311169245020198,-0.3459290330492845,0.6767404938824108,0.4281219188301969,-0.6687923776886063,0.1102849883193637,-0.4127541607790779,0.8230814669840182,0.213965676546782,-0.3369596968403866,-0.2499977967714217,0.239573742207419,-0.018715816854753,-0.6131768704109208
1.1539658311899037,1.4989383501797924,1.4303846071085575,1.260568463461363,1.6356166100434777,1.6797957828956886,1.6690842795081433,1.2624714635685748,1.7332414432264251,1.3725631888434169,1.6483515482868052,1.4549346928184888,-0.2131171915433764,-0.4599363731525088,0.339811365640069,-0.5254899116374125,-0.2149093127984561,0.5410515716045815,1.241568716212545,2.107191967468017,-0.8344005845872645,0.054826613740022,-0.4290034863380065,3.1018590378014115,-0.0806158680214567,-0.1825578565974858,-0.2989647123816893,1.4095265811869206,2.457521066973057,0.2026273363964781,0.3329919193191797,-0.9083451060242022
1.0190986195252,1.152229774260814,1.2234559989115197,1.0786029702229474,1.5173653734828687,1.2036108872204596,1.589945736011296,0.8812873114244072,1.392264325118416,1.9422960355466707,0.7405739363996474,1.0487285024532569,-0.2289378251411196,-0.6559376924616619,-0.226884683361937,-0.5266215184504065,0.2941594300632261,0.587545374332367,-0.120069575345784,0.9664019692599876,-1.3513780949494387,-0.1002744644203224,-0.3331732445739862,1.5001210715395754,0.1292668204918369,-0.5550288043891176,-0.693519828453495,1.341305667426587,2.386187389251882,0.9424333069675356,1.7336297650420915,-0.5288430888071284
0.983192792075464,1.1020824166112646,0.9226776199623192,1.640225002665529,1.2439880625355269,0.7174605080099606,0.8903608719760274,0.101166222600256,0.9278870679531032,0.7306315049228542,0.9126114247841016,1.0722955929186837,0.694464641299481,0.350609846104008,0.8214838740665491,-0.517517027943281,0.7417106811905301,1.218978238186035,0.4699147802429916,0.7814555286516912,-0.6273444023344623,0.6767095169977737,0.5140218403299434,0.185433001764305,0.2479964395158768,0.9804402356133564,-0.3293763887295823,1.1468193099008537,-0.2747586366040263,-0.1930318102188625,-1.378780271126029,-0.1071741807881566
0.9382696426116536,1.1416519982126092,1.2102332836434913,1.0343545488989578,1.4559150365867248,1.2935778088026484,1.5842015315909932,3.560490452001116,1.23997676910106,1.7102740971459127,1.084159698008358,0.8246743121129014,-0.2381894834827992,0.2174610515513577,0.0672187867119359,-0.5269661429804581,1.7986034158173814,1.17758416406618,0.3961568823980797,0.2146267909512746,-0.97646750166389,-0.1223329843332899,4.267964212934988,0.791377963137693,-0.0916512712443571,-0.1416873362622927,-1.252710618095895,1.7932569016213578,0.490731179559206,-1.9857334464928411,-0.484893412407306,-2.215518720883015
0.4296372362189833,0.3144360034689937,0.0631139124110455,0.2818112417035271,-0.1596084768954652,0.1286493110363401,0.0826298504136378,-0.1084094268582554,0.2153096795984654,0.219414479573481,0.8632872757966125,0.5673065721753616,0.445187491183537,-0.3826161063402839,0.4980603834108756,-0.512976400137095,0.4426523410279722,1.379584434192952,0.4382499770522301,-0.3297721819531818,0.5288517262855869,0.7485461283830271,-0.6186785173422938,0.2876266488606367,-0.3098666532472835,1.7726602492833397,2.471734426718471,0.0824019382153033,0.1922279239834474,-0.6463810425440487,0.1358291421737789,-0.9083451060242022
-0.8810783117396541,-1.0407688251149831,-0.9665990626702818,-1.1079743105460718,-0.9591641063766552,-1.178536870583221,-0.928220155359342,-0.6892353754491493,-1.0229030616193366,-0.958920492221353,-1.1456232424554982,-1.0867928378957792,-0.8712915654639134,-0.7991067990014123,-0.0885032282431639,0.716541283450604,-1.1660298459418963,-1.2739088465335198,-0.9740477199934728,-0.7889684315026569,0.6606857708229968,0.0344881661760446,0.0200004473130678,-0.7078372237712154,-0.6229471776811869,-1.422737771295585,-0.4064034053955426,-1.114733102527783,-0.5151758552056213,1.2156077646761765,0.0930767600510916,0.9891649800611702
0.1563744058565792,-0.0473135785659083,-0.437947221286496,0.0779235928882436,-0.3552896802750338,-0.0569389117557756,-0.1057964546760315,-0.2471085129295573,-0.1417601228386564,-0.1154023208721778,-0.0975742826787961,-0.0181070625941167,0.3543296910720463,-0.7932946046057785,-0.2453857091845438,-0.1902125193285793,1.4619925803114764,0.2582537084610392,0.3817667709642701,-0.3333836018088461,-0.2642288075705569,0.4078178993579289,-0.6476190236006003,-0.3836180708126383,-0.4759550769782965,1.162357007277984,0.1014171605667137,0.2698416903947453,-0.6985523288324258,-0.1443179207895172,0.1793802176413217,-0.3180086347976425
1.634837858667418,1.7729882357505662,1.8674153333131327,1.429949083765116,1.6780429700525057,2.172059489357648,1.6790122866640376,1.993554659292163,2.0307562624302022,1.926835236337584,1.749884425785262,2.0449552248717784,3.960464505677201,-0.0660993604272626,-0.0850344002534402,-0.5319627099526829,-0.8752893993309534,1.608096101698883,3.0007239522968066,2.016740303458169,0.508079324123444,0.538860820390863,0.0201191075369981,2.118188870963328,-0.2228815478213706,1.413103926953087,-0.0111438755025325,1.601757481569292,2.576056716219592,0.2024393611413101,-1.303588717536631,-0.9926788876279976
1.634837858667418,1.7729882357505662,1.8674153333131327,1.429949083765116,1.6780429700525057,2.172059489357648,1.6790122866640376,1.993554659292163,2.0307562624302022,1.926835236337584,1.749884425785262,2.0449552248717784,3.960464505677201,-0.0660993604272626,-0.0850344002534402,-0.5319627099526829,-0.8752893993309534,1.608096101698883,3.0007239522968066,2.016740303458169,0.508079324123444,0.538860820390863,0.0201191075369981,2.118188870963328,-0.2228815478213706,1.413103926953087,-0.0111438755025325,1.601757481569292,2.576056716219592,0.2024393611413101,-1.303588717536631,-0.9926788876279976
0.4296372362189833,0.3144360034689937,0.0631139124110455,0.2818112417035271,-0.1596084768954652,0.1286493110363401,0.0826298504136378,-0.1084094268582554,0.2153096795984654,0.219414479573481,0.8632872757966125,0.5673065721753616,0.445187491183537,-0.3826161063402839,0.4980603834108756,-0.512976400137095,0.4426523410279722,1.379584434192952,0.4382499770522301,-0.3297721819531818,0.5288517262855869,0.7485461283830271,-0.6186785173422938,0.2876266488606367,-0.3098666532472835,1.7726602492833397,2.471734426718471,0.0824019382153033,0.1922279239834474,-0.6463810425440487,0.1358291421737789,-0.9083451060242022
-0.8810783117396541,-1.0407688251149831,-0.9665990626702818,-1.1079743105460718,-0.9591641063766552,-1.178536870583221,-0.928220155359342,-0.6892353754491493,-1.0229030616193366,-0.958920492221353,-1.1456232424554982,-1.0867928378957792,-0.8712915654639134,-0.7991067990014123,-0.0885032282431639,0.716541283450604,-1.1660298459418963,-1.2739088465335198,-0.9740477199934728,-0.7889684315026569,0.6606857708229968,0.0344881661760446,0.0200004473130678,-0.7078372237712154,-0.6229471776811869,-1.422737771295585,-0.4064034053955426,-1.114733102527783,-0.5151758552056213,1.2156077646761765,0.0930767600510916,0.9891649800611702
0.983192792075464,1.1020824166112646,0.9226776199623192,1.640225002665529,1.2439880625355269,0.7174605080099606,0.8903608719760274,0.101166222600256,0.9278870679531032,0.7306315049228542,0.9126114247841016,1.0722955929186837,0.694464641299481,0.350609846104008,0.8214838740665491,-0.517517027943281,0.7417106811905301,1.218978238186035,0.4699147802429916,0.7814555286516912,-0.6273444023344623,0.6767095169977737,0.5140218403299434,0.185433001764305,0.2479964395158768,0.9804402356133564,-0.3293763887295823,1.1468193099008537,-0.2747586366040263,-0.1930318102188625,-1.378780271126029,-0.1071741807881566
1.634837858667418,1.7729882357505662,1.8674153333131327,1.429949083765116,1.6780429700525057,2.172059489357648,1.6790122866640376,1.993554659292163,2.0307562624302022,1.926835236337584,1.749884425785262,2.0449552248717784,3.960464505677201,-0.0660993604272626,-0.0850344002534402,-0.5319627099526829,-0.8752893993309534,1.608096101698883,3.0007239522968066,2.016740303458169,0.508079324123444,0.538860820390863,0.0201191075369981,2.118188870963328,-0.2228815478213706,1.413103926953087,-0.0111438755025325,1.601757481569292,2.576056716219592,0.2024393611413101,-1.303588717536631,-0.9926788876279976
-0.7236697936536484,-1.0563842642781371,-0.8748063199327251,-1.0306836959068524,-0.8804445502538409,-1.099405743858813,-0.7467854538859814,-0.7522502296510821,-0.9603054175028194,-0.8823043532562782,-0.9884470068145719,-1.0335116882014657,-0.40336157350663365,0.019334259237040196,1.6881035420989787,0.873723831278398,-1.1559296848869645,-0.2934223186373643,-0.7464924794486283,-0.6024729507357034,1.804263559348675,-0.012512106749346795,0.7076944519255656,-0.738615138521285,-0.5769123668342057,-0.49705688228085065,0.37233136431763425,-1.0756793142332546,-0.19686440542247202,0.34455556566055684,-0.10359686567091644,0.9042269659179613
-1.8177405464271457,-1.4388532237668776,-1.5779689073350345,-1.3772264440160389,-1.0236197216622258,-1.23545571060844,-1.3434664861303764,-0.7805788028106154,-1.2419807890274004,-1.1699044204033835,-1.2573590539125477,-1.168628529208759,-0.984068320917424,-0.6958373282231305,-1.4899613287632438,0.379109735733439,-0.5452502511264901,-0.5013146448547088,-1.3827034257535251,-1.2390819756604323,-0.9246118952292148,-1.8309815957481423,0.6343636453169,-0.7685873777248924,-0.4109397583861431,-1.3259284895922574,-0.2746446770053615,-1.3177671128297554,-0.9198094339051314,-0.3325285307608697,0.3067432080459878,1.7903359052972156
0.8454443473218137,0.7381022156175336,0.5796812001431201,0.7313108388436499,0.7054309108730238,0.4866340486619413,0.5160805139967659,-0.0029068255092302,0.5962815848891619,0.5276195773344942,0.884432825403475,0.9033165414191816,0.5123490471310708,2.992705418500113,0.5297947709208016,-0.5080008764831284,0.1531029236826901,1.010383328234441,0.3544231545878422,1.5509766059338237,0.1874693934631434,0.6568616979769254,0.2801136527889268,0.3604771049024036,0.1567971170558511,0.5630680291182092,0.6241748931716812,0.634580306640837,0.2959382459719454,-1.985435199804674,0.2518669137017295,-0.3180086347976425
-1.1835438141686836,-1.2672972490523928,-1.3382837405390793,-1.361657779495609,-1.0359365766518909,-1.3047603731743185,-1.0871217041057006,-0.7473253484052141,-1.098613012794483,-1.089975436264934,-1.1870895497629086,-1.0955161834252498,-1.099117760241202,-1.2715443130429729,-1.7867587834903431,-0.2201036644720352,-1.2367332728351137,-1.5428321347942515,-1.2211393461783508,-1.0250886522104603,-0.8020115316663434,-1.8961225690018508,0.0042499772884305,-0.4891875589007493,1.6294384206659,-1.6110429076946178,-0.9629010220759332,-1.1378527423274232,-0.4628332566757289,-0.4207629164363726,2.95634767709298,1.4530007788820396
0.0467800702696549,-0.2103952591823486,0.2366506304068424,-0.0622324489753856,-0.4237315378794889,-0.1428550609578763,-0.4272871701503537,-0.3560770322580233,-0.2933908689927043,-0.2891049812852636,-0.2884544764532458,-0.270941980396344,-0.2043044681012397,0.5664303232379279,-0.0627660760128107,-0.3795476980988942,-0.401799133015577,-0.2060659448232713,0.0357134367779285,-0.451547347204844,-0.0350014816507189,-0.0388875052039043,-0.7455858218693301,-0.5035186629036696,-0.5559105747636038,0.7624832386602584,-0.2197233887191853,-0.4895699098765943,-0.193004984070965,0.5830634787096943,0.3489756529280555,-0.5288430888071284
0.9382696426116536,1.1416519982126092,1.2102332836434913,1.0343545488989578,1.4559150365867248,1.2935778088026484,1.5842015315909932,3.560490452001116,1.23997676910106,1.7102740971459127,1.084159698008358,0.8246743121129014,-0.2381894834827992,0.2174610515513577,0.0672187867119359,-0.5269661429804581,1.7986034158173814,1.17758416406618,0.3961568823980797,0.2146267909512746,-0.97646750166389,-0.1223329843332899,4.267964212934988,0.791377963137693,-0.0916512712443571,-0.1416873362622927,-1.252710618095895,1.7932569016213578,0.490731179559206,-1.9857334464928411,-0.484893412407306,-2.215518720883015
-1.5780762767118544,-1.2853348071354005,-1.4890579459420763,-1.222049095906974,-0.995833489910634,-1.3752871343980937,-0.9106556014299652,-0.7676224166665411,-1.182741991337579,-1.1292218206044538,-1.2218892456038906,-1.1238214026959314,-1.078976541773571,-1.220572562616005,-1.4996104988353889,-0.2075688340426056,-1.0845366797339235,-1.195716734339504,-1.4169525199806638,-1.235145385985931,-0.8622252170476402,-1.9341062722645677,-0.203568452308037,-0.6024156062359433,4.1413003522225145,-0.9574999925953488,-0.4400345022290133,-1.2394731620678494,-0.875567537430426,0.2568046161466148,1.0172660559363758,1.6638352328915254
-0.8810783117396541,-1.0407688251149831,-0.9665990626702818,-1.1079743105460718,-0.9591641063766552,-1.178536870583221,-0.928220155359342,-0.6892353754491493,-1.0229030616193366,-0.958920492221353,-1.1456232424554982,-1.0867928378957792,-0.8712915654639134,-0.7991067990014123,-0.0885032282431639,0.716541283450604,-1.1660298459418963,-1.2739088465335198,-0.9740477199934728,-0.7889684315026569,0.6606857708229968,0.0344881661760446,0.0200004473130678,-0.7078372237712154,-0.6229471776811869,-1.422737771295585,-0.4064034053955426,-1.114733102527783,-0.5151758552056213,1.2156077646761765,0.0930767600510916,0.9891649800611702
1.1539658311899037,1.4989383501797924,1.4303846071085575,1.260568463461363,1.6356166100434777,1.6797957828956886,1.6690842795081433,1.2624714635685748,1.7332414432264251,1.3725631888434169,1.6483515482868052,1.4549346928184888,-0.2131171915433764,-0.4599363731525088,0.339811365640069,-0.5254899116374125,-0.2149093127984561,0.5410515716045815,1.241568716212545,2.107191967468017,-0.8344005845872645,0.054826613740022,-0.4290034863380065,3.1018590378014115,-0.0806158680214567,-0.1825578565974858,-0.2989647123816893,1.4095265811869206,2.457521066973057,0.2026273363964781,0.3329919193191797,-0.9083451060242022
1.634837858667418,1.7729882357505662,1.8674153333131327,1.429949083765116,1.6780429700525057,2.172059489357648,1.6790122866640376,1.993554659292163,2.0307562624302022,1.926835236337584,1.749884425785262,2.0449552248717784,3.960464505677201,-0.0660993604272626,-0.0850344002534402,-0.5319627099526829,-0.8752893993309534,1.608096101698883,3.0007239522968066,2.016740303458169,0.508079324123444,0.538860820390863,0.0201191075369981,2.118188870963328,-0.2228815478213706,1.413103926953087,-0.0111438755025325,1.601757481569292,2.576056716219592,0.2024393611413101,-1.303588717536631,-0.9926788876279976
1.0190986195252,1.152229774260814,1.2234559989115197,1.0786029702229474,1.5173653734828687,1.2036108872204596,1.589945736011296,0.8812873114244072,1.392264325118416,1.9422960355466707,0.7405739363996474,1.0487285024532569,-0.2289378251411196,-0.6559376924616619,-0.226884683361937,-0.5266215184504065,0.2941594300632261,0.587545374332367,-0.120069575345784,0.9664019692599876,-1.3513780949494387,-0.1002744644203224,-0.3331732445739862,1.5001210715395754,0.1292668204918369,-0.5550288043891176,-0.693519828453495,1.341305667426587,2.386187389251882,0.9424333069675356,1.7336297650420915,-0.5288430888071284
1.634837858667418,1.7729882357505662,1.8674153333131327,1.429949083765116,1.6780429700525057,2.172059489357648,1.6790122866640376,1.993554659292163,2.0307562624302022,1.926835236337584,1.749884425785262,2.0449552248717784,3.960464505677201,-0.0660993604272626,-0.0850344002534402,-0.5319627099526829,-0.8752893993309534,1.608096101698883,3.0007239522968066,2.016740303458169,0.508079324123444,0.538860820390863,0.0201191075369981,2.118188870963328,-0.2228815478213706,1.413103926953087,-0.0111438755025325,1.601757481569292,2.576056716219592,0.2024393611413101,-1.303588717536631,-0.9926788876279976
-2.049251818906184,-1.4635929427149093,-1.6649276531555992,-1.4865952568628196,-1.0718093845742451,-1.38010826948144,-1.5343806745373951,-0.7897148816589122,-1.2954099955327305,-1.2458967504700864,-1.2982376032005825,-1.1974835960832422,-1.082194364167608,-1.2346694123329596,-2.0913605913461977,3.567452208514911,-0.83148437929783,-1.3335130561407402,-1.5223491639851672,-1.3225103767929247,-1.2158505841827034,-2.0993382237308644,-0.1744423782199061,-0.8479379859169895,-0.5407959498009259,-1.5358284810537486,-0.8932423004808223,-1.4480044102094225,-0.6930246742878864,0.7295589439744146,-0.8762567137464611,1.916836577702909
-1.8177405464271457,-1.4388532237668776,-1.5779689073350345,-1.3772264440160389,-1.0236197216622258,-1.23545571060844,-1.3434664861303764,-0.7805788028106154,-1.2419807890274004,-1.1699044204033835,-1.2573590539125477,-1.168628529208759,-0.984068320917424,-0.6958373282231305,-1.4899613287632438,0.379109735733439,-0.5452502511264901,-0.5013146448547088,-1.3827034257535251,-1.2390819756604323,-0.9246118952292148,-1.8309815957481423,0.6343636453169,-0.7685873777248924,-0.4109397583861431,-1.3259284895922574,-0.2746446770053615,-1.3177671128297554,-0.9198094339051314,-0.3325285307608697,0.3067432080459878,1.7903359052972156
-0.5745285435202541,-0.7765144752564597,-0.5751992379864717,-0.7992163669001149,-0.8177027273657801,-0.7173467534721248,-0.8363325429639088,-0.5742131336839111,-0.7670382376434155,-0.8129573881966833,-0.849634610036974,-0.9636646275362928,-0.6491641260273081,-0.5630090297976348,-0.7783204582238338,-0.5310212490243545,-1.3119788098607317,-1.1852342400183145,-0.7323769559484979,-0.7533711653600882,1.728639284692384,2.0057202606112225,-0.457066428414523,-0.7523673389974166,-0.6158731373205782,-0.7800026368429093,2.0020214428128376,-0.6877906615052742,-0.4861249146876194,1.325394764457715,-0.5000077824441818,0.3144947272308149
0.3486991707981831,0.0604298290035889,-0.183196526397,0.2618393737592187,-0.2851436872885191,0.1131049340312856,-0.0803240088387822,-0.1728893374408338,0.028133890622587,0.0089414856021664,0.6859085015263725,0.2768306814866749,0.3951699368406582,-0.57585755080946,-0.3232355344338599,-0.5026836959138499,1.0218893610684427,1.1399372593216934,1.3311169245020198,-0.3459290330492845,0.6767404938824108,0.4281219188301969,-0.6687923776886063,0.1102849883193637,-0.4127541607790779,0.8230814669840182,0.213965676546782,-0.3369596968403866,-0.2499977967714217,0.239573742207419,-0.018715816854753,-0.6131768704109208
-2.049251818906184,-1.4635929427149093,-1.6649276531555992,-1.4865952568628196,-1.0718093845742451,-1.38010826948144,-1.5343806745373951,-0.7897148816589122,-1.2954099955327305,-1.2458967504700864,-1.2982376032005825,-1.1974835960832422,-1.082194364167608,-1.2346694123329596,-2.0913605913461977,3.567452208514911,-0.83148437929783,-1.3335130561407402,-1.5223491639851672,-1.3225103767929247,-1.2158505841827034,-2.0993382237308644,-0.1744423782199061,-0.8479379859169895,-0.5407959498009259,-1.5358284810537486,-0.8932423004808223,-1.4480044102094225,-0.6930246742878864,0.7295589439744146,-0.8762567137464611,1.916836577702909
1.634837858667418,1.7729882357505662,1.8674153333131327,1.429949083765116,1.6780429700525057,2.172059489357648,1.6790122866640376,1.993554659292163,2.0307562624302022,1.926835236337584,1.749884425785262,2.0449552248717784,3.960464505677201,-0.0660993604272626,-0.0850344002534402,-0.5319627099526829,-0.8752893993309534,1.608096101698883,3.0007239522968066,2.016740303458169,0.508079324123444,0.538860820390863,0.0201191075369981,2.118188870963328,-0.2228815478213706,1.413103926953087,-0.0111438755025325,1.601757481569292,2.576056716219592,0.2024393611413101,-1.303588717536631,-0.9926788876279976
-1.5780762767118544,-1.2853348071354005,-1.4890579459420763,-1.222049095906974,-0.995833489910634,-1.3752871343980937,-0.9106556014299652,-0.7676224166665411,-1.182741991337579,-1.1292218206044538,-1.2218892456038906,-1.1238214026959314,-1.078976541773571,-1.220572562616005,-1.4996104988353889,-0.2075688340426056,-1.0845366797339235,-1.195716734339504,-1.4169525199806638,-1.235145385985931,-0.8622252170476402,-1.9341062722645677,-0.203568452308037,-0.6024156062359433,4.1413003522225145,-0.9574999925953488,-0.4400345022290133,-1.2394731620678494,-0.875567537430426,0.2568046161466148,1.0172660559363758,1.6638352328915254
0.0467800702696549,-0.2103952591823486,0.2366506304068424,-0.0622324489753856,-0.4237315378794889,-0.1428550609578763,-0.4272871701503537,-0.3560770322580233,-0.2933908689927043,-0.2891049812852636,-0.2884544764532458,-0.270941980396344,-0.2043044681012397,0.5664303232379279,-0.0627660760128107,-0.3795476980988942,-0.401799133015577,-0.2060659448232713,0.0357134367779285,-0.451547347204844,-0.0350014816507189,-0.0388875052039043,-0.7455858218693301,-0.5035186629036696,-0.5559105747636038,0.7624832386602584,-0.2197233887191853,-0.4895699098765943,-0.193004984070965,0.5830634787096943,0.3489756529280555,-0.5288430888071284
-0.4341798853153589,-0.4004250316508307,-0.0375503801587199,-0.3977188486978522,-0.6006331912722908,-0.1025511655173693,-0.797484333670673,-0.484000772783895,-0.5539115124408525,-0.6040115577816981,-0.539057378007905,-0.6936583276988406,-0.0510777392111037,0.8674382845449476,0.7448703474644359,-0.18567312628524,1.875004098526412,-0.8919430264447064,-0.082730184407668,-0.0970463781413462,0.4341698387618963,-0.4809988547154174,-0.576064392910523,-0.9059851322747566,-0.4904676350080633,0.0054245586513399,-1.0090010060328958,-0.1650148978817457,-0.7920160130317723,-0.8694819753243683,-0.105026324874296,-0.1915079623919492
-2.049251818906184,-1.4635929427149093,-1.6649276531555992,-1.4865952568628196,-1.0718093845742451,-1.38010826948144,-1.5343806745373951,-0.7897148816589122,-1.2954099955327305,-1.2458967504700864,-1.2982376032005825,-1.1974835960832422,-1.082194364167608,-1.2346694123329596,-2.0913605913461977,3.567452208514911,-0.83148437929783,-1.3335130561407402,-1.5223491639851672,-1.3225103767929247,-1.2158505841827034,-2.0993382237308644,-0.1744423782199061,-0.8479379859169895,-0.5407959498009259,-1.5358284810537486,-0.8932423004808223,-1.4480044102094225,-0.6930246742878864,0.7295589439744146,-0.8762567137464611,1.916836577702909
-0.4158133146423159,-0.5156390671485809,-0.2295942353051585,-0.6815363809908588,-0.7163691545333031,-0.4274225629755183,-0.3756286776941668,-0.5314860397178413,-0.6768909132909836,-0.7180812905286489,-0.765431845959188,-0.8778925704699463,-0.4054678106528978,0.3640384560203087,-0.3124881293313158,-0.1421738718599445,0.4229523066499563,-1.0770248218508114,-0.4331963329288399,-0.7846209831731128,0.4401315817357081,0.9416018848439526,-0.6388604429073655,-0.8922957301086583,-0.6013986095765457,-1.0709722209675492,-0.7549626350899222,-0.4241782666737269,-0.758050734182464,0.9797529926203732,0.5567370804615919,-0.0650072899862589
-1.5780762767118544,-1.2853348071354005,-1.4890579459420763,-1.222049095906974,-0.995833489910634,-1.3752871343980937,-0.9106556014299652,-0.7676224166665411,-1.182741991337579,-1.1292218206044538,-1.2218892456038906,-1.1238214026959314,-1.078976541773571,-1.220572562616005,-1.4996104988353889,-0.2075688340426056,-1.0845366797339235,-1.195716734339504,-1.4169525199806638,-1.235145385985931,-0.8622252170476402,-1.9341062722645677,-0.203568452308037,-0.6024156062359433,4.1413003522225145,-0.9574999925953488,-0.4400345022290133,-1.2394731620678494,-0.875567537430426,0.2568046161466148,1.0172660559363758,1.6638352328915254
-0.8810783117396541,-1.0407688251149831,-0.9665990626702818,-1.1079743105460718,-0.9591641063766552,-1.178536870583221,-0.928220155359342,-0.6892353754491493,-1.0229030616193366,-0.958920492221353,-1.1456232424554982,-1.0867928378957792,-0.8712915654639134,-0.7991067990014123,-0.0885032282431639,0.716541283450604,-1.1660298459418963,-1.2739088465335198,-0.9740477199934728,-0.7889684315026569,0.6606857708229968,0.0344881661760446,0.0200004473130678,-0.7078372237712154,-0.6229471776811869,-1.422737771295585,-0.4064034053955426,-1.114733102527783,-0.5151758552056213,1.2156077646761765,0.0930767600510916,0.9891649800611702
0.8454443473218137,0.7381022156175336,0.5796812001431201,0.7313108388436499,0.7054309108730238,0.4866340486619413,0.5160805139967659,-0.0029068255092302,0.5962815848891619,0.5276195773344942,0.884432825403475,0.9033165414191816,0.5123490471310708,2.992705418500113,0.5297947709208016,-0.5080008764831284,0.1531029236826901,1.010383328234441,0.3544231545878422,1.5509766059338237,0.1874693934631434,0.6568616979769254,0.2801136527889268,0.3604771049024036,0.1567971170558511,0.5630680291182092,0.6241748931716812,0.634580306640837,0.2959382459719454,-1.985435199804674,0.2518669137017295,-0.3180086347976425
0.4296372362189833,0.3144360034689937,0.0631139124110455,0.2818112417035271,-0.1596084768954652,0.1286493110363401,0.0826298504136378,-0.1084094268582554,0.2153096795984654,0.219414479573481,0.8632872757966125,0.5673065721753616,0.445187491183537,-0.3826161063402839,0.4980603834108756,-0.512976400137095,0.4426523410279722,1.379584434192952,0.4382499770522301,-0.3297721819531818,0.5288517262855869,0.7485461283830271,-0.6186785173422938,0.2876266488606367,-0.3098666532472835,1.7726602492833397,2.471734426718471,0.0824019382153033,0.1922279239834474,-0.6463810425440487,0.1358291421737789,-0.9083451060242022
-1.8177405464271457,-1.4388532237668776,-1.5779689073350345,-1.3772264440160389,-1.0236197216622258,-1.23545571060844,-1.3434664861303764,-0.7805788028106154,-1.2419807890274004,-1.1699044204033835,-1.2573590539125477,-1.168628529208759,-0.984068320917424,-0.6958373282231305,-1.4899613287632438,0.379109735733439,-0.5452502511264901,-0.5013146448547088,-1.3827034257535251,-1.2390819756604323,-0.9246118952292148,-1.8309815957481423,0.6343636453169,-0.7685873777248924,-0.4109397583861431,-1.3259284895922574,-0.2746446770053615,-1.3177671128297554,-0.9198094339051314,-0.3325285307608697,0.3067432080459878,1.7903359052972156
-1.1835438141686836,-1.2672972490523928,-1.3382837405390793,-1.361657779495609,-1.0359365766518909,-1.3047603731743185,-1.0871217041057006,-0.7473253484052141,-1.098613012794483,-1.089975436264934,-1.1870895497629086,-1.0955161834252498,-1.099117760241202,-1.2715443130429729,-1.7867587834903431,-0.2201036644720352,-1.2367332728351137,-1.5428321347942515,-1.2211393461783508,-1.0250886522104603,-0.8020115316663434,-1.8961225690018508,0.0042499772884305,-0.4891875589007493,1.6294384206659,-1.6110429076946178,-0.9629010220759332,-1.1378527423274232,-0.4628332566757289,-0.4207629164363726,2.95634767709298,1.4530007788820396
-0.4474992598158066,-0.3888165371695179,-0.0653167410996707,-0.3741419225705952,-0.5499974003812993,-0.094779699133946,-0.7798965132507127,-0.4813430054050016,-0.5539072927862817,-0.6400894594588405,-0.5232326649242396,-0.698522657619515,0.05358067623542605,0.9461060296687098,0.764162675092261,-0.22382598676997836,1.8193835249272412,-0.8323858787902632,-0.06959272315031106,-0.07303920797176566,0.34694053941318664,-0.4346269306375084,-0.5533433759998049,-0.9615066664954806,-0.5140438753805607,0.01861041886916588,-1.0063776661150836,-0.17962345717192346,-0.7971904264350703,-0.9443139098195347,-0.15117064696905938,-0.11844901905593275
0.983192792075464,1.1020824166112646,0.9226776199623192,1.640225002665529,1.2439880625355269,0.7174605080099606,0.8903608719760274,0.101166222600256,0.9278870679531032,0.7306315049228542,0.9126114247841016,1.0722955929186837,0.694464641299481,0.350609846104008,0.8214838740665491,-0.517517027943281,0.7417106811905301,1.218978238186035,0.4699147802429916,0.7814555286516912,-0.6273444023344623,0.6767095169977737,0.5140218403299434,0.185433001764305,0.2479964395158768,0.9804402356133564,-0.3293763887295823,1.1468193099008537,-0.2747586366040263,-0.1930318102188625,-1.378780271126029,-0.1071741807881566
-2.049251818906184,-1.4635929427149093,-1.6649276531555992,-1.4865952568628196,-1.0718093845742451,-1.38010826948144,-1.5343806745373951,-0.7897148816589122,-1.2954099955327305,-1.2458967504700864,-1.2982376032005825,-1.1974835960832422,-1.082194364167608,-1.2346694123329596,-2.0913605913461977,3.567452208514911,-0.83148437929783,-1.3335130561407402,-1.5223491639851672,-1.3225103767929247,-1.2158505841827034,-2.0993382237308644,-0.1744423782199061,-0.8479379859169895,-0.5407959498009259,-1.5358284810537486,-0.8932423004808223,-1.4480044102094225,-0.6930246742878864,0.7295589439744146,-0.8762567137464611,1.916836577702909
-1.1835438141686836,-1.2672972490523928,-1.3382837405390793,-1.361657779495609,-1.0359365766518909,-1.3047603731743185,-1.0871217041057006,-0.7473253484052141,-1.098613012794483,-1.089975436264934,-1.1870895497629086,-1.0955161834252498,-1.099117760241202,-1.2715443130429729,-1.7867587834903431,-0.2201036644720352,-1.2367332728351137,-1.5428321347942515,-1.2211393461783508,-1.0250886522104603,-0.8020115316663434,-1.8961225690018508,0.0042499772884305,-0.4891875589007493,1.6294384206659,-1.6110429076946178,-0.9629010220759332,-1.1378527423274232,-0.4628332566757289,-0.4207629164363726,2.95634767709298,1.4530007788820396
0.6855375000446186,0.5272580087947287,0.4098700047171378,0.4149360157491202,-0.1124764204575749,0.287711358359782,0.8469526161559459,-0.0830397255905054,0.3913669592505734,0.3952702634056066,0.716172467117703,0.7633874694033113,0.3615136772853074,-0.4554484223565174,-0.2054542743730885,-0.5258944873819824,-0.4386598384342483,0.602432550074947,0.4915292035677548,1.2996195397750414,-0.5607289098646239,0.5019006534769035,-0.839863014655845,0.2692422846232749,0.0799380666697927,0.9628989866854089,1.5479796141648436,0.3094578220931296,0.0663305189442173,-2.081030763738692,0.0091132705609736,-0.9505119968261
-0.4500685351684177,-0.804042862736019,-0.7139282168888367,-0.930306686217439,-0.8417814167228792,-0.9412961675998722,-0.8945958108808976,-0.6072468517896545,-0.8453400129736358,-0.8061255971819612,-0.950228241082124,-1.0075650522649366,-0.3100345425861195,0.4251605404794366,1.7599757938048577,2.445125901191275,-1.2466466771042315,-0.9406411055746452,-0.5327513058913766,-0.3090525977770498,2.595611458894491,0.8526211087347361,0.6411049410763716,-0.7670990930407418,-0.602695077383831,-0.4067551124062425,1.9103887212058603,-0.5941725566649548,-0.4803804651485308,0.5786584910264272,-0.3485836582951384,0.6096629628440963
-0.146628175030077,-0.2247794030848548,0.159639443851783,0.0217310770682206,-0.4179719574252581,0.396919353180963,-0.4585407715421138,-0.4235569726939967,-0.4195386946653581,-0.4716462965312046,-0.4557055475343667,-0.415617459493911,0.3834618400441292,1.6947201316423053,1.224429902966411,-0.4775055142995487,0.5733935539831251,-0.4558204931889167,0.1255179781964903,-0.5347730235540413,0.1742642976740501,-0.2020494095453242,-0.5158164146917273,-0.7063836401374144,-0.5641261723582708,1.130617537610769,-0.4974024726721137,-0.4802841563456236,-0.489932151940465,1.8420303208297435,0.396288852094476,-0.3601755255995402
0.8454443473218137,0.7381022156175336,0.5796812001431201,0.7313108388436499,0.7054309108730238,0.4866340486619413,0.5160805139967659,-0.0029068255092302,0.5962815848891619,0.5276195773344942,0.884432825403475,0.9033165414191816,0.5123490471310708,2.992705418500113,0.5297947709208016,-0.5080008764831284,0.1531029236826901,1.010383328234441,0.3544231545878422,1.5509766059338237,0.1874693934631434,0.6568616979769254,0.2801136527889268,0.3604771049024036,0.1567971170558511,0.5630680291182092,0.6241748931716812,0.634580306640837,0.2959382459719454,-1.985435199804674,0.2518669137017295,-0.3180086347976425
1.1539658311899037,1.4989383501797924,1.4303846071085575,1.260568463461363,1.6356166100434777,1.6797957828956886,1.6690842795081433,1.2624714635685748,1.7332414432264251,1.3725631888434169,1.6483515482868052,1.4549346928184888,-0.2131171915433764,-0.4599363731525088,0.339811365640069,-0.5254899116374125,-0.2149093127984561,0.5410515716045815,1.241568716212545,2.107191967468017,-0.8344005845872645,0.054826613740022,-0.4290034863380065,3.1018590378014115,-0.0806158680214567,-0.1825578565974858,-0.2989647123816893,1.4095265811869206,2.457521066973057,0.2026273363964781,0.3329919193191797,-0.9083451060242022
0.3486991707981831,0.0604298290035889,-0.183196526397,0.2618393737592187,-0.2851436872885191,0.1131049340312856,-0.0803240088387822,-0.1728893374408338,0.028133890622587,0.0089414856021664,0.6859085015263725,0.2768306814866749,0.3951699368406582,-0.57585755080946,-0.3232355344338599,-0.5026836959138499,1.0218893610684427,1.1399372593216934,1.3311169245020198,-0.3459290330492845,0.6767404938824108,0.4281219188301969,-0.6687923776886063,0.1102849883193637,-0.4127541607790779,0.8230814669840182,0.213965676546782,-0.3369596968403866,-0.2499977967714217,0.239573742207419,-0.018715816854753,-0.6131768704109208
0.983192792075464,1.1020824166112646,0.9226776199623192,1.640225002665529,1.2439880625355269,0.7174605080099606,0.8903608719760274,0.101166222600256,0.9278870679531032,0.7306315049228542,0.9126114247841016,1.0722955929186837,0.694464641299481,0.350609846104008,0.8214838740665491,-0.517517027943281,0.7417106811905301,1.218978238186035,0.4699147802429916,0.7814555286516912,-0.6273444023344623,0.6767095169977737,0.5140218403299434,0.185433001764305,0.2479964395158768,0.9804402356133564,-0.3293763887295823,1.1468193099008537,-0.2747586366040263,-0.1930318102188625,-1.378780271126029,-0.1071741807881566
1.1539658311899037,1.4989383501797924,1.4303846071085575,1.260568463461363,1.6356166100434777,1.6797957828956886,1.6690842795081433,1.2624714635685748,1.7332414432264251,1.3725631888434169,1.6483515482868052,1.4549346928184888,-0.2131171915433764,-0.4599363731525088,0.339811365640069,-0.5254899116374125,-0.2149093127984561,0.5410515716045815,1.241568716212545,2.107191967468017,-0.8344005845872645,0.054826613740022,-0.4290034863380065,3.1018590378014115,-0.0806158680214567,-0.1825578565974858,-0.2989647123816893,1.4095265811869206,2.457521066973057,0.2026273363964781,0.3329919193191797,-0.9083451060242022
1.114114137712036,1.26413809678729,1.1093930233168448,1.1551972307690133,1.5278651304857676,0.7984655912314208,0.9889519780990071,0.1751527931446096,1.0950223940505397,0.8695321188411641,0.9680255748336036,0.9959033956679466,0.0928106393058414,0.0450916862427815,0.2921560412127261,-0.5021636455647591,0.328571119854515,0.8765959889034596,0.5038223662591116,0.6150408187183574,-0.9049502736531188,0.1417344095987635,-0.2457642652961151,0.2360924541700465,0.5743406024128863,0.0998047498933392,-0.965468677948361,1.1759715707941651,-0.2002712978201468,-0.3924403201656704,-1.5004103977846484,-0.2758417439957447
-0.8810783117396541,-1.0407688251149831,-0.9665990626702818,-1.1079743105460718,-0.9591641063766552,-1.178536870583221,-0.928220155359342,-0.6892353754491493,-1.0229030616193366,-0.958920492221353,-1.1456232424554982,-1.0867928378957792,-0.8712915654639134,-0.7991067990014123,-0.0885032282431639,0.716541283450604,-1.1660298459418963,-1.2739088465335198,-0.9740477199934728,-0.7889684315026569,0.6606857708229968,0.0344881661760446,0.0200004473130678,-0.7078372237712154,-0.6229471776811869,-1.422737771295585,-0.4064034053955426,-1.114733102527783,-0.5151758552056213,1.2156077646761765,0.0930767600510916,0.9891649800611702
0.9382696426116536,1.1416519982126092,1.2102332836434913,1.0343545488989578,1.4559150365867248,1.2935778088026484,1.5842015315909932,3.560490452001116,1.23997676910106,1.7102740971459127,1.084159698008358,0.8246743121129014,-0.2381894834827992,0.2174610515513577,0.0672187867119359,-0.5269661429804581,1.7986034158173814,1.17758416406618,0.3961568823980797,0.2146267909512746,-0.97646750166389,-0.1223329843332899,4.267964212934988,0.791377963137693,-0.0916512712443571,-0.1416873362622927,-1.252710618095895,1.7932569016213578,0.490731179559206,-1.9857334464928411,-0.484893412407306,-2.215518720883015
0.3486991707981831,0.0604298290035889,-0.183196526397,0.2618393737592187,-0.2851436872885191,0.1131049340312856,-0.0803240088387822,-0.1728893374408338,0.028133890622587,0.0089414856021664,0.6859085015263725,0.2768306814866749,0.3951699368406582,-0.57585755080946,-0.3232355344338599,-0.5026836959138499,1.0218893610684427,1.1399372593216934,1.3311169245020198,-0.3459290330492845,0.6767404938824108,0.4281219188301969,-0.6687923776886063,0.1102849883193637,-0.4127541607790779,0.8230814669840182,0.213965676546782,-0.3369596968403866,-0.2499977967714217,0.239573742207419,-0.018715816854753,-0.6131768704109208
1.634837858667418,1.7729882357505662,1.8674153333131327,1.429949083765116,1.6780429700525057,2.172059489357648,1.6790122866640376,1.993554659292163,2.0307562624302022,1.926835236337584,1.749884425785262,2.0449552248717784,3.960464505677201,-0.0660993604272626,-0.0850344002534402,-0.5319627099526829,-0.8752893993309534,1.608096101698883,3.0007239522968066,2.016740303458169,0.508079324123444,0.538860820390863,0.0201191075369981,2.118188870963328,-0.2228815478213706,1.413103926953087,-0.0111438755025325,1.601757481569292,2.576056716219592,0.2024393611413101,-1.303588717536631,-0.9926788876279976
-0.4500685351684177,-0.804042862736019,-0.7139282168888367,-0.930306686217439,-0.8417814167228792,-0.9412961675998722,-0.8945958108808976,-0.6072468517896545,-0.8453400129736358,-0.8061255971819612,-0.950228241082124,-1.0075650522649366,-0.3100345425861195,0.4251605404794366,1.7599757938048577,2.445125901191275,-1.2466466771042315,-0.9406411055746452,-0.5327513058913766,-0.3090525977770498,2.595611458894491,0.8526211087347361,0.6411049410763716,-0.7670990930407418,-0.602695077383831,-0.4067551124062425,1.9103887212058603,-0.5941725566649548,-0.4803804651485308,0.5786584910264272,-0.3485836582951384,0.6096629628440963
-0.7029019306446641,-1.0257794243251468,-0.8677667756119058,-1.0839827074462345,-0.8882969786261081,-1.0914740020068785,-0.6950027662446908,-0.6685160824158642,-0.9359900220491528,-0.8796152257153622,-1.076843502493566,-1.04002541427511,-0.4524985490577865,0.0442990391639978,1.74735073041983,0.9219796693900166,-1.119668381660177,-0.3998458052591225,-0.705423145487409,-0.6443974109225207,1.8494099182530264,-0.059090757393059,0.6884469036202724,-0.7307832436383805,-0.574874240527434,-0.4643174975093811,0.3500277542435302,-1.0529301402162157,-0.1355841172341096,0.3094723832560785,-0.0518429599688844,0.9048311984573746
1.114114137712036,1.26413809678729,1.1093930233168448,1.1551972307690133,1.5278651304857676,0.7984655912314208,0.9889519780990071,0.1751527931446096,1.0950223940505397,0.8695321188411641,0.9680255748336036,0.9959033956679466,0.0928106393058414,0.0450916862427815,0.2921560412127261,-0.5021636455647591,0.328571119854515,0.8765959889034596,0.5038223662591116,0.6150408187183574,-0.9049502736531188,0.1417344095987635,-0.2457642652961151,0.2360924541700465,0.5743406024128863,0.0998047498933392,-0.965468677948361,1.1759715707941651,-0.2002712978201468,-0.3924403201656704,-1.5004103977846484,-0.2758417439957447
0.1563744058565792,-0.0473135785659083,-0.437947221286496,0.0779235928882436,-0.3552896802750338,-0.0569389117557756,-0.1057964546760315,-0.2471085129295573,-0.1417601228386564,-0.1154023208721778,-0.0975742826787961,-0.0181070625941167,0.3543296910720463,-0.7932946046057785,-0.2453857091845438,-0.1902125193285793,1.4619925803114764,0.2582537084610392,0.3817667709642701,-0.3333836018088461,-0.2642288075705569,0.4078178993579289,-0.6476190236006003,-0.3836180708126383,-0.4759550769782965,1.162357007277984,0.1014171605667137,0.2698416903947453,-0.6985523288324258,-0.1443179207895172,0.1793802176413217,-0.3180086347976425
-0.5745285435202541,-0.7765144752564597,-0.5751992379864717,-0.7992163669001149,-0.8177027273657801,-0.7173467534721248,-0.8363325429639088,-0.5742131336839111,-0.7670382376434155,-0.8129573881966833,-0.849634610036974,-0.9636646275362928,-0.6491641260273081,-0.5630090297976348,-0.7783204582238338,-0.5310212490243545,-1.3119788098607317,-1.1852342400183145,-0.7323769559484979,-0.7533711653600882,1.728639284692384,2.0057202606112225,-0.457066428414523,-0.7523673389974166,-0.6158731373205782,-0.7800026368429093,2.0020214428128376,-0.6877906615052742,-0.4861249146876194,1.325394764457715,-0.5000077824441818,0.3144947272308149
-0.4158133146423159,-0.5156390671485809,-0.2295942353051585,-0.6815363809908588,-0.7163691545333031,-0.4274225629755183,-0.3756286776941668,-0.5314860397178413,-0.6768909132909836,-0.7180812905286489,-0.765431845959188,-0.8778925704699463,-0.4054678106528978,0.3640384560203087,-0.3124881293313158,-0.1421738718599445,0.4229523066499563,-1.0770248218508114,-0.4331963329288399,-0.7846209831731128,0.4401315817357081,0.9416018848439526,-0.6388604429073655,-0.8922957301086583,-0.6013986095765457,-1.0709722209675492,-0.7549626350899222,-0.4241782666737269,-0.758050734182464,0.9797529926203732,0.5567370804615919,-0.0650072899862589
0.0467800702696549,-0.2103952591823486,0.2366506304068424,-0.0622324489753856,-0.4237315378794889,-0.1428550609578763,-0.4272871701503537,-0.3560770322580233,-0.2933908689927043,-0.2891049812852636,-0.2884544764532458,-0.270941980396344,-0.2043044681012397,0.5664303232379279,-0.0627660760128107,-0.3795476980988942,-0.401799133015577,-0.2060659448232713,0.0357134367779285,-0.451547347204844,-0.0350014816507189,-0.0388875052039043,-0.7455858218693301,-0.5035186629036696,-0.5559105747636038,0.7624832386602584,-0.2197233887191853,-0.4895699098765943,-0.193004984070965,0.5830634787096943,0.3489756529280555,-0.5288430888071284
-0.5745285435202541,-0.7765144752564597,-0.5751992379864717,-0.7992163669001149,-0.8177027273657801,-0.7173467534721248,-0.8363325429639088,-0.5742131336839111,-0.7670382376434155,-0.8129573881966833,-0.849634610036974,-0.9636646275362928,-0.6491641260273081,-0.5630090297976348,-0.7783204582238338,-0.5310212490243545,-1.3119788098607317,-1.1852342400183145,-0.7323769559484979,-0.7533711653600882,1.728639284692384,2.0057202606112225,-0.457066428414523,-0.7523673389974166,-0.6158731373205782,-0.7800026368429093,2.0020214428128376,-0.6877906615052742,-0.4861249146876194,1.325394764457715,-0.5000077824441818,0.3144947272308149
0.6855375000446186,0.5272580087947287,0.4098700047171378,0.4149360157491202,-0.1124764204575749,0.287711358359782,0.8469526161559459,-0.0830397255905054,0.3913669592505734,0.3952702634056066,0.716172467117703,0.7633874694033113,0.3615136772853074,-0.4554484223565174,-0.2054542743730885,-0.5258944873819824,-0.4386598384342483,0.602432550074947,0.4915292035677548,1.2996195397750414,-0.5607289098646239,0.5019006534769035,-0.839863014655845,0.2692422846232749,0.0799380666697927,0.9628989866854089,1.5479796141648436,0.3094578220931296,0.0663305189442173,-2.081030763738692,0.0091132705609736,-0.9505119968261
0.0467800702696549,-0.2103952591823486,0.2366506304068424,-0.0622324489753856,-0.4237315378794889,-0.1428550609578763,-0.4272871701503537,-0.3560770322580233,-0.2933908689927043,-0.2891049812852636,-0.2884544764532458,-0.270941980396344,-0.2043044681012397,0.5664303232379279,-0.0627660760128107,-0.3795476980988942,-0.401799133015577,-0.2060659448232713,0.0357134367779285,-0.451547347204844,-0.0350014816507189,-0.0388875052039043,-0.7455858218693301,-0.5035186629036696,-0.5559105747636038,0.7624832386602584,-0.2197233887191853,-0.4895699098765943,-0.193004984070965,0.5830634787096943,0.3489756529280555,-0.5288430888071284
-2.049251818906184,-1.4635929427149093,-1.6649276531555992,-1.4865952568628196,-1.0718093845742451,-1.38010826948144,-1.5343806745373951,-0.7897148816589122,-1.2954099955327305,-1.2458967504700864,-1.2982376032005825,-1.1974835960832422,-1.082194364167608,-1.2346694123329596,-2.0913605913461977,3.567452208514911,-0.83148437929783,-1.3335130561407402,-1.5223491639851672,-1.3225103767929247,-1.2158505841827034,-2.0993382237308644,-0.1744423782199061,-0.8479379859169895,-0.5407959498009259,-1.5358284810537486,-0.8932423004808223,-1.4480044102094225,-0.6930246742878864,0.7295589439744146,-0.8762567137464611,1.916836577702909
-1.5780762767118544,-1.2853348071354005,-1.4890579459420763,-1.222049095906974,-0.995833489910634,-1.3752871343980937,-0.9106556014299652,-0.7676224166665411,-1.182741991337579,-1.1292218206044538,-1.2218892456038906,-1.1238214026959314,-1.078976541773571,-1.220572562616005,-1.4996104988353889,-0.2075688340426056,-1.0845366797339235,-1.195716734339504,-1.4169525199806638,-1.235145385985931,-0.8622252170476402,-1.9341062722645677,-0.203568452308037,-0.6024156062359433,4.1413003522225145,-0.9574999925953488,-0.4400345022290133,-1.2394731620678494,-0.875567537430426,0.2568046161466148,1.0172660559363758,1.6638352328915254
0.6855375000446186,0.5272580087947287,0.4098700047171378,0.4149360157491202,-0.1124764204575749,0.287711358359782,0.8469526161559459,-0.0830397255905054,0.3913669592505734,0.3952702634056066,0.716172467117703,0.7633874694033113,0.3615136772853074,-0.4554484223565174,-0.2054542743730885,-0.5258944873819824,-0.4386598384342483,0.602432550074947,0.4915292035677548,1.2996195397750414,-0.5607289098646239,0.5019006534769035,-0.839863014655845,0.2692422846232749,0.0799380666697927,0.9628989866854089,1.5479796141648436,0.3094578220931296,0.0663305189442173,-2.081030763738692,0.0091132705609736,-0.9505119968261
-1.1835438141686836,-1.2672972490523928,-1.3382837405390793,-1.361657779495609,-1.0359365766518909,-1.3047603731743185,-1.0871217041057006,-0.7473253484052141,-1.098613012794483,-1.089975436264934,-1.1870895497629086,-1.0955161834252498,-1.099117760241202,-1.2715443130429729,-1.7867587834903431,-0.2201036644720352,-1.2367332728351137,-1.5428321347942515,-1.2211393461783508,-1.0250886522104603,-0.8020115316663434,-1.8961225690018508,0.0042499772884305,-0.4891875589007493,1.6294384206659,-1.6110429076946178,-0.9629010220759332,-1.1378527423274232,-0.4628332566757289,-0.4207629164363726,2.95634767709298,1.4530007788820396
1.1539658311899037,1.4989383501797924,1.4303846071085575,1.260568463461363,1.6356166100434777,1.6797957828956886,1.6690842795081433,1.2624714635685748,1.7332414432264251,1.3725631888434169,1.6483515482868052,1.4549346928184888,-0.2131171915433764,-0.4599363731525088,0.339811365640069,-0.5254899116374125,-0.2149093127984561,0.5410515716045815,1.241568716212545,2.107191967468017,-0.8344005845872645,0.054826613740022,-0.4290034863380065,3.1018590378014115,-0.0806158680214567,-0.1825578565974858,-0.2989647123816893,1.4095265811869206,2.457521066973057,0.2026273363964781,0.3329919193191797,-0.9083451060242022
-2.049251818906184,-1.4635929427149093,-1.6649276531555992,-1.4865952568628196,-1.0718093845742451,-1.38010826948144,-1.5343806745373951,-0.7897148816589122,-1.2954099955327305,-1.2458967504700864,-1.2982376032005825,-1.1974835960832422,-1.082194364167608,-1.2346694123329596,-2.0913605913461977,3.567452208514911,-0.83148437929783,-1.3335130561407402,-1.5223491639851672,-1.3225103767929247,-1.2158505841827034,-2.0993382237308644,-0.1744423782199061,-0.8479379859169895,-0.5407959498009259,-1.5358284810537486,-0.8932423004808223,-1.4480044102094225,-0.6930246742878864,0.7295589439744146,-0.8762567137464611,1.916836577702909
0.0467800702696549,-0.2103952591823486,0.2366506304068424,-0.0622324489753856,-0.4237315378794889,-0.1428550609578763,-0.4272871701503537,-0.3560770322580233,-0.2933908689927043,-0.2891049812852636,-0.2884544764532458,-0.270941980396344,-0.2043044681012397,0.5664303232379279,-0.0627660760128107,-0.3795476980988942,-0.401799133015577,-0.2060659448232713,0.0357134367779285,-0.451547347204844,-0.0350014816507189,-0.0388875052039043,-0.7455858218693301,-0.5035186629036696,-0.5559105747636038,0.7624832386602584,-0.2197233887191853,-0.4895699098765943,-0.193004984070965,0.5830634787096943,0.3489756529280555,-0.5288430888071284
1.0190986195252,1.152229774260814,1.2234559989115197,1.0786029702229474,1.5173653734828687,1.2036108872204596,1.589945736011296,0.8812873114244072,1.392264325118416,1.9422960355466707,0.7405739363996474,1.0487285024532569,-0.2289378251411196,-0.6559376924616619,-0.226884683361937,-0.5266215184504065,0.2941594300632261,0.587545374332367,-0.120069575345784,0.9664019692599876,-1.3513780949494387,-0.1002744644203224,-0.3331732445739862,1.5001210715395754,0.1292668204918369,-0.5550288043891176,-0.693519828453495,1.341305667426587,2.386187389251882,0.9424333069675356,1.7336297650420915,-0.5288430888071284
0.9382696426116536,1.1416519982126092,1.2102332836434913,1.0343545488989578,1.4559150365867248,1.2935778088026484,1.5842015315909932,3.560490452001116,1.23997676910106,1.7102740971459127,1.084159698008358,0.8246743121129014,-0.2381894834827992,0.2174610515513577,0.0672187867119359,-0.5269661429804581,1.7986034158173814,1.17758416406618,0.3961568823980797,0.2146267909512746,-0.97646750166389,-0.1223329843332899,4.267964212934988,0.791377963137693,-0.0916512712443571,-0.1416873362622927,-1.252710618095895,1.7932569016213578,0.490731179559206,-1.9857334464928411,-0.484893412407306,-2.215518720883015
-1.8177405464271457,-1.4388532237668776,-1.5779689073350345,-1.3772264440160389,-1.0236197216622258,-1.23545571060844,-1.3434664861303764,-0.7805788028106154,-1.2419807890274004,-1.1699044204033835,-1.2573590539125477,-1.168628529208759,-0.984068320917424,-0.6958373282231305,-1.4899613287632438,0.379109735733439,-0.5452502511264901,-0.5013146448547088,-1.3827034257535251,-1.2390819756604323,-0.9246118952292148,-1.8309815957481423,0.6343636453169,-0.7685873777248924,-0.4109397583861431,-1.3259284895922574,-0.2746446770053615,-1.3177671128297554,-0.9198094339051314,-0.3325285307608697,0.3067432080459878,1.7903359052972156
-0.146628175030077,-0.2247794030848548,0.159639443851783,0.0217310770682206,-0.4179719574252581,0.396919353180963,-0.4585407715421138,-0.4235569726939967,-0.4195386946653581,-0.4716462965312046,-0.4557055475343667,-0.415617459493911,0.3834618400441292,1.6947201316423053,1.224429902966411,-0.4775055142995487,0.5733935539831251,-0.4558204931889167,0.1255179781964903,-0.5347730235540413,0.1742642976740501,-0.2020494095453242,-0.5158164146917273,-0.7063836401374144,-0.5641261723582708,1.130617537610769,-0.4974024726721137,-0.4802841563456236,-0.489932151940465,1.8420303208297435,0.396288852094476,-0.3601755255995402
1.0190986195252,1.152229774260814,1.2234559989115197,1.0786029702229474,1.5173653734828687,1.2036108872204596,1.589945736011296,0.8812873114244072,1.392264325118416,1.9422960355466707,0.7405739363996474,1.0487285024532569,-0.2289378251411196,-0.6559376924616619,-0.226884683361937,-0.5266215184504065,0.2941594300632261,0.587545374332367,-0.120069575345784,0.9664019692599876,-1.3513780949494387,-0.1002744644203224,-0.3331732445739862,1.5001210715395754,0.1292668204918369,-0.5550288043891176,-0.693519828453495,1.341305667426587,2.386187389251882,0.9424333069675356,1.7336297650420915,-0.5288430888071284
0.4296372362189833,0.3144360034689937,0.0631139124110455,0.2818112417035271,-0.1596084768954652,0.1286493110363401,0.0826298504136378,-0.1084094268582554,0.2153096795984654,0.219414479573481,0.8632872757966125,0.5673065721753616,0.445187491183537,-0.3826161063402839,0.4980603834108756,-0.512976400137095,0.4426523410279722,1.379584434192952,0.4382499770522301,-0.3297721819531818,0.5288517262855869,0.7485461283830271,-0.6186785173422938,0.2876266488606367,-0.3098666532472835,1.7726602492833397,2.471734426718471,0.0824019382153033,0.1922279239834474,-0.6463810425440487,0.1358291421737789,-0.9083451060242022
0.8454443473218137,0.7381022156175336,0.5796812001431201,0.7313108388436499,0.7054309108730238,0.4866340486619413,0.5160805139967659,-0.0029068255092302,0.5962815848891619,0.5276195773344942,0.884432825403475,0.9033165414191816,0.5123490471310708,2.992705418500113,0.5297947709208016,-0.5080008764831284,0.1531029236826901,1.010383328234441,0.3544231545878422,1.5509766059338237,0.1874693934631434,0.6568616979769254,0.2801136527889268,0.3604771049024036,0.1567971170558511,0.5630680291182092,0.6241748931716812,0.634580306640837,0.2959382459719454,-1.985435199804674,0.2518669137017295,-0.3180086347976425
0.0467800702696549,-0.2103952591823486,0.2366506304068424,-0.0622324489753856,-0.4237315378794889,-0.1428550609578763,-0.4272871701503537,-0.3560770322580233,-0.2933908689927043,-0.2891049812852636,-0.2884544764532458,-0.270941980396344,-0.2043044681012397,0.5664303232379279,-0.0627660760128107,-0.3795476980988942,-0.401799133015577,-0.2060659448232713,0.0357134367779285,-0.451547347204844,-0.0350014816507189,-0.0388875052039043,-0.7455858218693301,-0.5035186629036696,-0.5559105747636038,0.7624832386602584,-0.2197233887191853,-0.4895699098765943,-0.193004984070965,0.5830634787096943,0.3489756529280555,-0.5288430888071284
0.6855375000446186,0.5272580087947287,0.4098700047171378,0.4149360157491202,-0.1124764204575749,0.287711358359782,0.8469526161559459,-0.0830397255905054,0.3913669592505734,0.3952702634056066,0.716172467117703,0.7633874694033113,0.3615136772853074,-0.4554484223565174,-0.2054542743730885,-0.5258944873819824,-0.4386598384342483,0.602432550074947,0.4915292035677548,1.2996195397750414,-0.5607289098646239,0.5019006534769035,-0.839863014655845,0.2692422846232749,0.0799380666697927,0.9628989866854089,1.5479796141648436,0.3094578220931296,0.0663305189442173,-2.081030763738692,0.0091132705609736,-0.9505119968261
0.6855375000446186,0.5272580087947287,0.4098700047171378,0.4149360157491202,-0.1124764204575749,0.287711358359782,0.8469526161559459,-0.0830397255905054,0.3913669592505734,0.3952702634056066,0.716172467117703,0.7633874694033113,0.3615136772853074,-0.4554484223565174,-0.2054542743730885,-0.5258944873819824,-0.4386598384342483,0.602432550074947,0.4915292035677548,1.2996195397750414,-0.5607289098646239,0.5019006534769035,-0.839863014655845,0.2692422846232749,0.0799380666697927,0.9628989866854089,1.5479796141648436,0.3094578220931296,0.0663305189442173,-2.081030763738692,0.0091132705609736,-0.9505119968261
-0.4341798853153589,-0.4004250316508307,-0.0375503801587199,-0.3977188486978522,-0.6006331912722908,-0.1025511655173693,-0.797484333670673,-0.484000772783895,-0.5539115124408525,-0.6040115577816981,-0.539057378007905,-0.6936583276988406,-0.0510777392111037,0.8674382845449476,0.7448703474644359,-0.18567312628524,1.875004098526412,-0.8919430264447064,-0.082730184407668,-0.0970463781413462,0.4341698387618963,-0.4809988547154174,-0.576064392910523,-0.9059851322747566,-0.4904676350080633,0.0054245586513399,-1.0090010060328958,-0.1650148978817457,-0.7920160130317723,-0.8694819753243683,-0.105026324874296,-0.1915079623919492
0.4296372362189833,0.3144360034689937,0.0631139124110455,0.2818112417035271,-0.1596084768954652,0.1286493110363401,0.0826298504136378,-0.1084094268582554,0.2153096795984654,0.219414479573481,0.8632872757966125,0.5673065721753616,0.445187491183537,-0.3826161063402839,0.4980603834108756,-0.512976400137095,0.4426523410279722,1.379584434192952,0.4382499770522301,-0.3297721819531818,0.5288517262855869,0.7485461283830271,-0.6186785173422938,0.2876266488606367,-0.3098666532472835,1.7726602492833397,2.471734426718471,0.0824019382153033,0.1922279239834474,-0.6463810425440487,0.1358291421737789,-0.9083451060242022
1.114114137712036,1.26413809678729,1.1093930233168448,1.1551972307690133,1.5278651304857676,0.7984655912314208,0.9889519780990071,0.1751527931446096,1.0950223940505397,0.8695321188411641,0.9680255748336036,0.9959033956679466,0.0928106393058414,0.0450916862427815,0.2921560412127261,-0.5021636455647591,0.328571119854515,0.8765959889034596,0.5038223662591116,0.6150408187183574,-0.9049502736531188,0.1417344095987635,-0.2457642652961151,0.2360924541700465,0.5743406024128863,0.0998047498933392,-0.965468677948361,1.1759715707941651,-0.2002712978201468,-0.3924403201656704,-1.5004103977846484,-0.2758417439957447
-1.8177405464271457,-1.4388532237668776,-1.5779689073350345,-1.3772264440160389,-1.0236197216622258,-1.23545571060844,-1.3434664861303764,-0.7805788028106154,-1.2419807890274004,-1.1699044204033835,-1.2573590539125477,-1.168628529208759,-0.984068320917424,-0.6958373282231305,-1.4899613287632438,0.379109735733439,-0.5452502511264901,-0.5013146448547088,-1.3827034257535251,-1.2390819756604323,-0.9246118952292148,-1.8309815957481423,0.6343636453169,-0.7685873777248924,-0.4109397583861431,-1.3259284895922574,-0.2746446770053615,-1.3177671128297554,-0.9198094339051314,-0.3325285307608697,0.3067432080459878,1.7903359052972156
0.4296372362189833,0.3144360034689937,0.0631139124110455,0.2818112417035271,-0.1596084768954652,0.1286493110363401,0.0826298504136378,-0.1084094268582554,0.2153096795984654,0.219414479573481,0.8632872757966125,0.5673065721753616,0.445187491183537,-0.3826161063402839,0.4980603834108756,-0.512976400137095,0.4426523410279722,1.379584434192952,0.4382499770522301,-0.3297721819531818,0.5288517262855869,0.7485461283830271,-0.6186785173422938,0.2876266488606367,-0.3098666532472835,1.7726602492833397,2.471734426718471,0.0824019382153033,0.1922279239834474,-0.6463810425440487,0.1358291421737789,-0.9083451060242022
0.1563744058565792,-0.0473135785659083,-0.437947221286496,0.0779235928882436,-0.3552896802750338,-0.0569389117557756,-0.1057964546760315,-0.2471085129295573,-0.1417601228386564,-0.1154023208721778,-0.0975742826787961,-0.0181070625941167,0.3543296910720463,-0.7932946046057785,-0.2453857091845438,-0.1902125193285793,1.4619925803114764,0.2582537084610392,0.3817667709642701,-0.3333836018088461,-0.2642288075705569,0.4078178993579289,-0.6476190236006003,-0.3836180708126383,-0.4759550769782965,1.162357007277984,0.1014171605667137,0.2698416903947453,-0.6985523288324258,-0.1443179207895172,0.1793802176413217,-0.3180086347976425
-2.049251818906184,-1.4635929427149093,-1.6649276531555992,-1.4865952568628196,-1.0718093845742451,-1.38010826948144,-1.5343806745373951,-0.7897148816589122,-1.2954099955327305,-1.2458967504700864,-1.2982376032005825,-1.1974835960832422,-1.082194364167608,-1.2346694123329596,-2.0913605913461977,3.567452208514911,-0.83148437929783,-1.3335130561407402,-1.5223491639851672,-1.3225103767929247,-1.2158505841827034,-2.0993382237308644,-0.1744423782199061,-0.8479379859169895,-0.5407959498009259,-1.5358284810537486,-0.8932423004808223,-1.4480044102094225,-0.6930246742878864,0.7295589439744146,-0.8762567137464611,1.916836577702909
-0.02007593959569931,-0.025141919031739235,-0.012407897040247917,-0.029611272737383842,0.003959842026233673,0.038251981139183044,-0.015202600508928299,-0.0219144057482481,0.031153079122304916,-0.006035677157342434,0.046551935374736786,0.05922693759202957,0.0503261499106884,-0.03892688825726509,-0.022737115621566772,0.008156056515872478,-0.02626323699951172,-0.01479791197925806,0.03307119011878967,-0.04446876421570778,0.05375675484538078,-0.033846162259578705,-0.045207731425762177,-0.002846815623342991,-0.024006091058254242,0.013106100261211395,0.1123962551355362,-0.06721033900976181,0.021765122190117836,0.2568046161466148,1.0172660559363758,1.6638352328915254
-0.4158133146423159,-0.5156390671485809,-0.2295942353051585,-0.6815363809908588,-0.7163691545333031,-0.4274225629755183,-0.3756286776941668,-0.5314860397178413,-0.6768909132909836,-0.7180812905286489,-0.765431845959188,-0.8778925704699463,-0.4054678106528978,0.3640384560203087,-0.3124881293313158,-0.1421738718599445,0.4229523066499563,-1.0770248218508114,-0.4331963329288399,-0.7846209831731128,0.4401315817357081,0.9416018848439526,-0.6388604429073655,-0.8922957301086583,-0.6013986095765457,-1.0709722209675492,-0.7549626350899222,-0.4241782666737269,-0.758050734182464,0.9797529926203732,0.5567370804615919,-0.0650072899862589
0.9382696426116536,1.1416519982126092,1.2102332836434913,1.0343545488989578,1.4559150365867248,1.2935778088026484,1.5842015315909932,3.560490452001116,1.23997676910106,1.7102740971459127,1.084159698008358,0.8246743121129014,-0.2381894834827992,0.2174610515513577,0.0672187867119359,-0.5269661429804581,1.7986034158173814,1.17758416406618,0.3961568823980797,0.2146267909512746,-0.97646750166389,-0.1223329843332899,4.267964212934988,0.791377963137693,-0.0916512712443571,-0.1416873362622927,-1.252710618095895,1.7932569016213578,0.490731179559206,-1.9857334464928411,-0.484893412407306,-2.215518720883015
0.1563744058565792,-0.0473135785659083,-0.437947221286496,0.0779235928882436,-0.3552896802750338,-0.0569389117557756,-0.1057964546760315,-0.2471085129295573,-0.1417601228386564,-0.1154023208721778,-0.0975742826787961,-0.0181070625941167,0.3543296910720463,-0.7932946046057785,-0.2453857091845438,-0.1902125193285793,1.4619925803114764,0.2582537084610392,0.3817667709642701,-0.3333836018088461,-0.2642288075705569,0.4078178993579289,-0.6476190236006003,-0.3836180708126383,-0.4759550769782965,1.162357007277984,0.1014171605667137,0.2698416903947453,-0.6985523288324258,-0.1443179207895172,0.1793802176413217,-0.3180086347976425
-0.8810783117396541,-1.0407688251149831,-0.9665990626702818,-1.1079743105460718,-0.9591641063766552,-1.178536870583221,-0.928220155359342,-0.6892353754491493,-1.0229030616193366,-0.958920492221353,-1.1456232424554982,-1.0867928378957792,-0.8712915654639134,-0.7991067990014123,-0.0885032282431639,0.716541283450604,-1.1660298459418963,-1.2739088465335198,-0.9740477199934728,-0.7889684315026569,0.6606857708229968,0.0344881661760446,0.0200004473130678,-0.7078372237712154,-0.6229471776811869,-1.422737771295585,-0.4064034053955426,-1.114733102527783,-0.5151758552056213,1.2156077646761765,0.0930767600510916,0.9891649800611702
-0.013217040337622166,-0.06506695598363876,-0.06008180230855942,-0.0734335333108902,-0.01813940331339836,-0.06383021920919418,-0.04861466959118843,-0.019010372459888458,-0.023820389062166214,-0.0798729807138443,-0.0015309941954910755,0.017510399222373962,-0.06876705586910248,0.02463521622121334,0.04484042897820473,0.08201663941144943,-0.06584415584802628,-0.010362601839005947,-0.05088359862565994,-0.009083659388124943,0.06813564896583557,-0.04783736914396286,-0.011816773563623428,-0.045506998896598816,0.02254987694323063,-0.06202087923884392,0.08589936792850494,-0.04339349642395973,-0.03447333350777626,-1.9857334464928411,-0.484893412407306,-2.215518720883015
0.1563744058565792,-0.0473135785659083,-0.437947221286496,0.0779235928882436,-0.3552896802750338,-0.0569389117557756,-0.1057964546760315,-0.2471085129295573,-0.1417601228386564,-0.1154023208721778,-0.0975742826787961,-0.0181070625941167,0.3543296910720463,-0.7932946046057785,-0.2453857091845438,-0.1902125193285793,1.4619925803114764,0.2582537084610392,0.3817667709642701,-0.3333836018088461,-0.2642288075705569,0.4078178993579289,-0.6476190236006003,-0.3836180708126383,-0.4759550769782965,1.162357007277984,0.1014171605667137,0.2698416903947453,-0.6985523288324258,-0.1443179207895172,0.1793802176413217,-0.3180086347976425
-0.7029019306446641,-1.0257794243251468,-0.8677667756119058,-1.0839827074462345,-0.8882969786261081,-1.0914740020068785,-0.6950027662446908,-0.6685160824158642,-0.9359900220491528,-0.8796152257153622,-1.076843502493566,-1.04002541427511,-0.4524985490577865,0.0442990391639978,1.74735073041983,0.9219796693900166,-1.119668381660177,-0.3998458052591225,-0.705423145487409,-0.6443974109225207,1.8494099182530264,-0.059090757393059,0.6884469036202724,-0.7307832436383805,-0.574874240527434,-0.4643174975093811,0.3500277542435302,-1.0529301402162157,-0.1355841172341096,0.3094723832560785,-0.0518429599688844,0.9048311984573746
-0.8810783117396541,-1.0407688251149831,-0.9665990626702818,-1.1079743105460718,-0.9591641063766552,-1.178536870583221,-0.928220155359342,-0.6892353754491493,-1.0229030616193366,-0.958920492221353,-1.1456232424554982,-1.0867928378957792,-0.8712915654639134,-0.7991067990014123,-0.0885032282431639,0.716541283450604,-1.1660298459418963,-1.2739088465335198,-0.9740477199934728,-0.7889684315026569,0.6606857708229968,0.0344881661760446,0.0200004473130678,-0.7078372237712154,-0.6229471776811869,-1.422737771295585,-0.4064034053955426,-1.114733102527783,-0.5151758552056213,1.2156077646761765,0.0930767600510916,0.9891649800611702
-0.4158133146423159,-0.5156390671485809,-0.2295942353051585,-0.6815363809908588,-0.7163691545333031,-0.4274225629755183,-0.3756286776941668,-0.5314860397178413,-0.6768909132909836,-0.7180812905286489,-0.765431845959188,-0.8778925704699463,-0.4054678106528978,0.3640384560203087,-0.3124881293313158,-0.1421738718599445,0.4229523066499563,-1.0770248218508114,-0.4331963329288399,-0.7846209831731128,0.4401315817357081,0.9416018848439526,-0.6388604429073655,-0.8922957301086583,-0.6013986095765457,-1.0709722209675492,-0.7549626350899222,-0.4241782666737269,-0.758050734182464,0.9797529926203732,0.5567370804615919,-0.0650072899862589
0.4296372362189833,0.3144360034689937,0.0631139124110455,0.2818112417035271,-0.1596084768954652,0.1286493110363401,0.0826298504136378,-0.1084094268582554,0.2153096795984654,0.219414479573481,0.8632872757966125,0.5673065721753616,0.445187491183537,-0.3826161063402839,0.4980603834108756,-0.512976400137095,0.4426523410279722,1.379584434192952,0.4382499770522301,-0.3297721819531818,0.5288517262855869,0.7485461283830271,-0.6186785173422938,0.2876266488606367,-0.3098666532472835,1.7726602492833397,2.471734426718471,0.0824019382153033,0.1922279239834474,-0.6463810425440487,0.1358291421737789,-0.9083451060242022
0.6855375000446186,0.5272580087947287,0.4098700047171378,0.4149360157491202,-0.1124764204575749,0.287711358359782,0.8469526161559459,-0.0830397255905054,0.3913669592505734,0.3952702634056066,0.716172467117703,0.7633874694033113,0.3615136772853074,-0.4554484223565174,-0.2054542743730885,-0.5258944873819824,-0.4386598384342483,0.602432550074947,0.4915292035677548,1.2996195397750414,-0.5607289098646239,0.5019006534769035,-0.839863014655845,0.2692422846232749,0.0799380666697927,0.9628989866854089,1.5479796141648436,0.3094578220931296,0.0663305189442173,-2.081030763738692,0.0091132705609736,-0.9505119968261
-2.049251818906184,-1.4635929427149093,-1.6649276531555992,-1.4865952568628196,-1.0718093845742451,-1.38010826948144,-1.5343806745373951,-0.7897148816589122,-1.2954099955327305,-1.2458967504700864,-1.2982376032005825,-1.1974835960832422,-1.082194364167608,-1.2346694123329596,-2.0913605913461977,3.567452208514911,-0.83148437929783,-1.3335130561407402,-1.5223491639851672,-1.3225103767929247,-1.2158505841827034,-2.0993382237308644,-0.1744423782199061,-0.8479379859169895,-0.5407959498009259,-1.5358284810537486,-0.8932423004808223,-1.4480044102094225,-0.6930246742878864,0.7295589439744146,-0.8762567137464611,1.916836577702909
0.1563744058565792,-0.0473135785659083,-0.437947221286496,0.0779235928882436,-0.3552896802750338,-0.0569389117557756,-0.1057964546760315,-0.2471085129295573,-0.1417601228386564,-0.1154023208721778,-0.0975742826787961,-0.0181070625941167,0.3543296910720463,-0.7932946046057785,-0.2453857091845438,-0.1902125193285793,1.4619925803114764,0.2582537084610392,0.3817667709642701,-0.3333836018088461,-0.2642288075705569,0.4078178993579289,-0.6476190236006003,-0.3836180708126383,-0.4759550769782965,1.162357007277984,0.1014171605667137,0.2698416903947453,-0.6985523288324258,-0.1443179207895172,0.1793802176413217,-0.3180086347976425
-1.1835438141686836,-1.2672972490523928,-1.3382837405390793,-1.361657779495609,-1.0359365766518909,-1.3047603731743185,-1.0871217041057006,-0.7473253484052141,-1.098613012794483,-1.089975436264934,-1.1870895497629086,-1.0955161834252498,-1.099117760241202,-1.2715443130429729,-1.7867587834903431,-0.2201036644720352,-1.2367332728351137,-1.5428321347942515,-1.2211393461783508,-1.0250886522104603,-0.8020115316663434,-1.8961225690018508,0.0042499772884305,-0.4891875589007493,1.6294384206659,-1.6110429076946178,-0.9629010220759332,-1.1378527423274232,-0.4628332566757289,-0.4207629164363726,2.95634767709298,1.4530007788820396
-0.7029019306446641,-1.0257794243251468,-0.8677667756119058,-1.0839827074462345,-0.8882969786261081,-1.0914740020068785,-0.6950027662446908,-0.6685160824158642,-0.9359900220491528,-0.8796152257153622,-1.076843502493566,-1.04002541427511,-0.4524985490577865,0.0442990391639978,1.74735073041983,0.9219796693900166,-1.119668381660177,-0.3998458052591225,-0.705423145487409,-0.6443974109225207,1.8494099182530264,-0.059090757393059,0.6884469036202724,-0.7307832436383805,-0.574874240527434,-0.4643174975093811,0.3500277542435302,-1.0529301402162157,-0.1355841172341096,0.3094723832560785,-0.0518429599688844,0.9048311984573746
-1.1835438141686836,-1.2672972490523928,-1.3382837405390793,-1.361657779495609,-1.0359365766518909,-1.3047603731743185,-1.0871217041057006,-0.7473253484052141,-1.098613012794483,-1.089975436264934,-1.1870895497629086,-1.0955161834252498,-1.099117760241202,-1.2715443130429729,-1.7867587834903431,-0.2201036644720352,-1.2367332728351137,-1.5428321347942515,-1.2211393461783508,-1.0250886522104603,-0.8020115316663434,-1.8961225690018508,0.0042499772884305,-0.4891875589007493,1.6294384206659,-1.6110429076946178,-0.9629010220759332,-1.1378527423274232,-0.4628332566757289,-0.4207629164363726,2.95634767709298,1.4530007788820396
-0.4341798853153589,-0.4004250316508307,-0.0375503801587199,-0.3977188486978522,-0.6006331912722908,-0.1025511655173693,-0.797484333670673,-0.484000772783895,-0.5539115124408525,-0.6040115577816981,-0.539057378007905,-0.6936583276988406,-0.0510777392111037,0.8674382845449476,0.7448703474644359,-0.18567312628524,1.875004098526412,-0.8919430264447064,-0.082730184407668,-0.0970463781413462,0.4341698387618963,-0.4809988547154174,-0.576064392910523,-0.9059851322747566,-0.4904676350080633,0.0054245586513399,-1.0090010060328958,-0.1650148978817457,-0.7920160130317723,-0.8694819753243683,-0.105026324874296,-0.1915079623919492
1.114114137712036,1.26413809678729,1.1093930233168448,1.1551972307690133,1.5278651304857676,0.7984655912314208,0.9889519780990071,0.1751527931446096,1.0950223940505397,0.8695321188411641,0.9680255748336036,0.9959033956679466,0.0928106393058414,0.0450916862427815,0.2921560412127261,-0.5021636455647591,0.328571119854515,0.8765959889034596,0.5038223662591116,0.6150408187183574,-0.9049502736531188,0.1417344095987635,-0.2457642652961151,0.2360924541700465,0.5743406024128863,0.0998047498933392,-0.965468677948361,1.1759715707941651,-0.2002712978201468,-0.3924403201656704,-1.5004103977846484,-0.2758417439957447
1.1539658311899037,1.4989383501797924,1.4303846071085575,1.260568463461363,1.6356166100434777,1.6797957828956886,1.6690842795081433,1.2624714635685748,1.7332414432264251,1.3725631888434169,1.6483515482868052,1.4549346928184888,-0.2131171915433764,-0.4599363731525088,0.339811365640069,-0.5254899116374125,-0.2149093127984561,0.5410515716045815,1.241568716212545,2.107191967468017,-0.8344005845872645,0.054826613740022,-0.4290034863380065,3.1018590378014115,-0.0806158680214567,-0.1825578565974858,-0.2989647123816893,1.4095265811869206,2.457521066973057,0.2026273363964781,0.3329919193191797,-0.9083451060242022
-0.5745285435202541,-0.7765144752564597,-0.5751992379864717,-0.7992163669001149,-0.8177027273657801,-0.7173467534721248,-0.8363325429639088,-0.5742131336839111,-0.7670382376434155,-0.8129573881966833,-0.849634610036974,-0.9636646275362928,-0.6491641260273081,-0.5630090297976348,-0.7783204582238338,-0.5310212490243545,-1.3119788098607317,-1.1852342400183145,-0.7323769559484979,-0.7533711653600882,1.728639284692384,2.0057202606112225,-0.457066428414523,-0.7523673389974166,-0.6158731373205782,-0.7800026368429093,2.0020214428128376,-0.6877906615052742,-0.4861249146876194,1.325394764457715,-0.5000077824441818,0.3144947272308149
0.8454443473218137,0.7381022156175336,0.5796812001431201,0.7313108388436499,0.7054309108730238,0.4866340486619413,0.5160805139967659,-0.0029068255092302,0.5962815848891619,0.5276195773344942,0.884432825403475,0.9033165414191816,0.5123490471310708,2.992705418500113,0.5297947709208016,-0.5080008764831284,0.1531029236826901,1.010383328234441,0.3544231545878422,1.5509766059338237,0.1874693934631434,0.6568616979769254,0.2801136527889268,0.3604771049024036,0.1567971170558511,0.5630680291182092,0.6241748931716812,0.634580306640837,0.2959382459719454,-1.985435199804674,0.2518669137017295,-0.3180086347976425
-1.5780762767118544,-1.2853348071354005,-1.4890579459420763,-1.222049095906974,-0.995833489910634,-1.3752871343980937,-0.9106556014299652,-0.7676224166665411,-1.182741991337579,-1.1292218206044538,-1.2218892456038906,-1.1238214026959314,-1.078976541773571,-1.220572562616005,-1.4996104988353889,-0.2075688340426056,-1.0845366797339235,-1.195716734339504,-1.4169525199806638,-1.235145385985931,-0.8622252170476402,-1.9341062722645677,-0.203568452308037,-0.6024156062359433,4.1413003522225145,-0.9574999925953488,-0.4400345022290133,-1.2394731620678494,-0.875567537430426,0.2568046161466148,1.0172660559363758,1.6638352328915254
0.6855375000446186,0.5272580087947287,0.4098700047171378,0.4149360157491202,-0.1124764204575749,0.287711358359782,0.8469526161559459,-0.0830397255905054,0.3913669592505734,0.3952702634056066,0.716172467117703,0.7633874694033113,0.3615136772853074,-0.4554484223565174,-0.2054542743730885,-0.5258944873819824,-0.4386598384342483,0.602432550074947,0.4915292035677548,1.2996195397750414,-0.5607289098646239,0.5019006534769035,-0.839863014655845,0.2692422846232749,0.0799380666697927,0.9628989866854089,1.5479796141648436,0.3094578220931296,0.0663305189442173,-2.081030763738692,0.0091132705609736,-0.9505119968261
0.3486991707981831,0.0604298290035889,-0.183196526397,0.2618393737592187,-0.2851436872885191,0.1131049340312856,-0.0803240088387822,-0.1728893374408338,0.028133890622587,0.0089414856021664,0.6859085015263725,0.2768306814866749,0.3951699368406582,-0.57585755080946,-0.3232355344338599,-0.5026836959138499,1.0218893610684427,1.1399372593216934,1.3311169245020198,-0.3459290330492845,0.6767404938824108,0.4281219188301969,-0.6687923776886063,0.1102849883193637,-0.4127541607790779,0.8230814669840182,0.213965676546782,-0.3369596968403866,-0.2499977967714217,0.239573742207419,-0.018715816854753,-0.6131768704109208
0.1563744058565792,-0.0473135785659083,-0.437947221286496,0.0779235928882436,-0.3552896802750338,-0.0569389117557756,-0.1057964546760315,-0.2471085129295573,-0.1417601228386564,-0.1154023208721778,-0.0975742826787961,-0.0181070625941167,0.3543296910720463,-0.7932946046057785,-0.2453857091845438,-0.1902125193285793,1.4619925803114764,0.2582537084610392,0.3817667709642701,-0.3333836018088461,-0.2642288075705569,0.4078178993579289,-0.6476190236006003,-0.3836180708126383,-0.4759550769782965,1.162357007277984,0.1014171605667137,0.2698416903947453,-0.6985523288324258,-0.1443179207895172,0.1793802176413217,-0.3180086347976425
1.634837858667418,1.7729882357505662,1.8674153333131327,1.429949083765116,1.6780429700525057,2.172059489357648,1.6790122866640376,1.993554659292163,2.0307562624302022,1.926835236337584,1.749884425785262,2.0449552248717784,3.960464505677201,-0.0660993604272626,-0.0850344002534402,-0.5319627099526829,-0.8752893993309534,1.608096101698883,3.0007239522968066,2.016740303458169,0.508079324123444,0.538860820390863,0.0201191075369981,2.118188870963328,-0.2228815478213706,1.413103926953087,-0.0111438755025325,1.601757481569292,2.576056716219592,0.2024393611413101,-1.303588717536631,-0.9926788876279976
0.0467800702696549,-0.2103952591823486,0.2366506304068424,-0.0622324489753856,-0.4237315378794889,-0.1428550609578763,-0.4272871701503537,-0.3560770322580233,-0.2933908689927043,-0.2891049812852636,-0.2884544764532458,-0.270941980396344,-0.2043044681012397,0.5664303232379279,-0.0627660760128107,-0.3795476980988942,-0.401799133015577,-0.2060659448232713,0.0357134367779285,-0.451547347204844,-0.0350014816507189,-0.0388875052039043,-0.7455858218693301,-0.5035186629036696,-0.5559105747636038,0.7624832386602584,-0.2197233887191853,-0.4895699098765943,-0.193004984070965,0.5830634787096943,0.3489756529280555,-0.5288430888071284
0.877859539983099,0.9284812210475348,0.8695048454908714,1.1220468862604986,0.9411444138574524,0.6760439097427877,0.6276174938085415,0.0598046366308749,0.8252688589657505,0.5874855905038561,0.8797209012396516,1.007382058710873,0.6686888185281938,1.6059747776803983,1.1706116992346778,-0.5161259044239899,1.358954168963903,0.6034181347459333,0.3532355328426836,0.6426350208803544,-0.4248538041891673,0.7743715572383858,0.0239135326109679,0.0973132383814232,0.2146750918637649,0.7784191204754152,-0.2122101786183744,0.7238115461235602,-0.2399088430746092,-0.3562735761340631,-1.7501404600112933,-0.3601755255995402
1.114114137712036,1.26413809678729,1.1093930233168448,1.1551972307690133,1.5278651304857676,0.7984655912314208,0.9889519780990071,0.1751527931446096,1.0950223940505397,0.8695321188411641,0.9680255748336036,0.9959033956679466,0.0928106393058414,0.0450916862427815,0.2921560412127261,-0.5021636455647591,0.328571119854515,0.8765959889034596,0.5038223662591116,0.6150408187183574,-0.9049502736531188,0.1417344095987635,-0.2457642652961151,0.2360924541700465,0.5743406024128863,0.0998047498933392,-0.965468677948361,1.1759715707941651,-0.2002712978201468,-0.3924403201656704,-1.5004103977846484,-0.2758417439957447
-0.4341798853153589,-0.4004250316508307,-0.0375503801587199,-0.3977188486978522,-0.6006331912722908,-0.1025511655173693,-0.797484333670673,-0.484000772783895,-0.5539115124408525,-0.6040115577816981,-0.539057378007905,-0.6936583276988406,-0.0510777392111037,0.8674382845449476,0.7448703474644359,-0.18567312628524,1.875004098526412,-0.8919430264447064,-0.082730184407668,-0.0970463781413462,0.4341698387618963,-0.4809988547154174,-0.576064392910523,-0.9059851322747566,-0.4904676350080633,0.0054245586513399,-1.0090010060328958,-0.1650148978817457,-0.7920160130317723,-0.8694819753243683,-0.105026324874296,-0.1915079623919492
0.1563744058565792,-0.0473135785659083,-0.437947221286496,0.0779235928882436,-0.3552896802750338,-0.0569389117557756,-0.1057964546760315,-0.2471085129295573,-0.1417601228386564,-0.1154023208721778,-0.0975742826787961,-0.0181070625941167,0.3543296910720463,-0.7932946046057785,-0.2453857091845438,-0.1902125193285793,1.4619925803114764,0.2582537084610392,0.3817667709642701,-0.3333836018088461,-0.2642288075705569,0.4078178993579289,-0.6476190236006003,-0.3836180708126383,-0.4759550769782965,1.162357007277984,0.1014171605667137,0.2698416903947453,-0.6985523288324258,-0.1443179207895172,0.1793802176413217,-0.3180086347976425
1.1539658311899037,1.4989383501797924,1.4303846071085575,1.260568463461363,1.6356166100434777,1.6797957828956886,1.6690842795081433,1.2624714635685748,1.7332414432264251,1.3725631888434169,1.6483515482868052,1.4549346928184888,-0.2131171915433764,-0.4599363731525088,0.339811365640069,-0.5254899116374125,-0.2149093127984561,0.5410515716045815,1.241568716212545,2.107191967468017,-0.8344005845872645,0.054826613740022,-0.4290034863380065,3.1018590378014115,-0.0806158680214567,-0.1825578565974858,-0.2989647123816893,1.4095265811869206,2.457521066973057,0.2026273363964781,0.3329919193191797,-0.9083451060242022
0.1563744058565792,-0.0473135785659083,-0.437947221286496,0.0779235928882436,-0.3552896802750338,-0.0569389117557756,-0.1057964546760315,-0.2471085129295573,-0.1417601228386564,-0.1154023208721778,-0.0975742826787961,-0.0181070625941167,0.3543296910720463,-0.7932946046057785,-0.2453857091845438,-0.1902125193285793,1.4619925803114764,0.2582537084610392,0.3817667709642701,-0.3333836018088461,-0.2642288075705569,0.4078178993579289,-0.6476190236006003,-0.3836180708126383,-0.4759550769782965,1.162357007277984,0.1014171605667137,0.2698416903947453,-0.6985523288324258,-0.1443179207895172,0.1793802176413217,-0.3180086347976425
-1.5780762767118544,-1.2853348071354005,-1.4890579459420763,-1.222049095906974,-0.995833489910634,-1.3752871343980937,-0.9106556014299652,-0.7676224166665411,-1.182741991337579,-1.1292218206044538,-1.2218892456038906,-1.1238214026959314,-1.078976541773571,-1.220572562616005,-1.4996104988353889,-0.2075688340426056,-1.0845366797339235,-1.195716734339504,-1.4169525199806638,-1.235145385985931,-0.8622252170476402,-1.9341062722645677,-0.203568452308037,-0.6024156062359433,4.1413003522225145,-0.9574999925953488,-0.4400345022290133,-1.2394731620678494,-0.875567537430426,0.2568046161466148,1.0172660559363758,1.6638352328915254
0.983192792075464,1.1020824166112646,0.9226776199623192,1.640225002665529,1.2439880625355269,0.7174605080099606,0.8903608719760274,0.101166222600256,0.9278870679531032,0.7306315049228542,0.9126114247841016,1.0722955929186837,0.694464641299481,0.350609846104008,0.8214838740665491,-0.517517027943281,0.7417106811905301,1.218978238186035,0.4699147802429916,0.7814555286516912,-0.6273444023344623,0.6767095169977737,0.5140218403299434,0.185433001764305,0.2479964395158768,0.9804402356133564,-0.3293763887295823,1.1468193099008537,-0.2747586366040263,-0.1930318102188625,-1.378780271126029,-0.1071741807881566
0.9382696426116536,1.1416519982126092,1.2102332836434913,1.0343545488989578,1.4559150365867248,1.2935778088026484,1.5842015315909932,3.560490452001116,1.23997676910106,1.7102740971459127,1.084159698008358,0.8246743121129014,-0.2381894834827992,0.2174610515513577,0.0672187867119359,-0.5269661429804581,1.7986034158173814,1.17758416406618,0.3961568823980797,0.2146267909512746,-0.97646750166389,-0.1223329843332899,4.267964212934988,0.791377963137693,-0.0916512712443571,-0.1416873362622927,-1.252710618095895,1.7932569016213578,0.490731179559206,-1.9857334464928411,-0.484893412407306,-2.215518720883015
0.9382696426116536,1.1416519982126092,1.2102332836434913,1.0343545488989578,1.4559150365867248,1.2935778088026484,1.5842015315909932,3.560490452001116,1.23997676910106,1.7102740971459127,1.084159698008358,0.8246743121129014,-0.2381894834827992,0.2174610515513577,0.0672187867119359,-0.5269661429804581,1.7986034158173814,1.17758416406618,0.3961568823980797,0.2146267909512746,-0.97646750166389,-0.1223329843332899,4.267964212934988,0.791377963137693,-0.0916512712443571,-0.1416873362622927,-1.252710618095895,1.7932569016213578,0.490731179559206,-1.9857334464928411,-0.484893412407306,-2.215518720883015
-1.5780762767118544,-1.2853348071354005,-1.4890579459420763,-1.222049095906974,-0.995833489910634,-1.3752871343980937,-0.9106556014299652,-0.7676224166665411,-1.182741991337579,-1.1292218206044538,-1.2218892456038906,-1.1238214026959314,-1.078976541773571,-1.220572562616005,-1.4996104988353889,-0.2075688340426056,-1.0845366797339235,-1.195716734339504,-1.4169525199806638,-1.235145385985931,-0.8622252170476402,-1.9341062722645677,-0.203568452308037,-0.6024156062359433,4.1413003522225145,-0.9574999925953488,-0.4400345022290133,-1.2394731620678494,-0.875567537430426,0.2568046161466148,1.0172660559363758,1.6638352328915254
-0.8810783117396541,-1.0407688251149831,-0.9665990626702818,-1.1079743105460718,-0.9591641063766552,-1.178536870583221,-0.928220155359342,-0.6892353754491493,-1.0229030616193366,-0.958920492221353,-1.1456232424554982,-1.0867928378957792,-0.8712915654639134,-0.7991067990014123,-0.0885032282431639,0.716541283450604,-1.1660298459418963,-1.2739088465335198,-0.9740477199934728,-0.7889684315026569,0.6606857708229968,0.0344881661760446,0.0200004473130678,-0.7078372237712154,-0.6229471776811869,-1.422737771295585,-0.4064034053955426,-1.114733102527783,-0.5151758552056213,1.2156077646761765,0.0930767600510916,0.9891649800611702
0.8454443473218137,0.7381022156175336,0.5796812001431201,0.7313108388436499,0.7054309108730238,0.4866340486619413,0.5160805139967659,-0.0029068255092302,0.5962815848891619,0.5276195773344942,0.884432825403475,0.9033165414191816,0.5123490471310708,2.992705418500113,0.5297947709208016,-0.5080008764831284,0.1531029236826901,1.010383328234441,0.3544231545878422,1.5509766059338237,0.1874693934631434,0.6568616979769254,0.2801136527889268,0.3604771049024036,0.1567971170558511,0.5630680291182092,0.6241748931716812,0.634580306640837,0.2959382459719454,-1.985435199804674,0.2518669137017295,-0.3180086347976425
0.6855375000446186,0.5272580087947287,0.4098700047171378,0.4149360157491202,-0.1124764204575749,0.287711358359782,0.8469526161559459,-0.0830397255905054,0.3913669592505734,0.3952702634056066,0.716172467117703,0.7633874694033113,0.3615136772853074,-0.4554484223565174,-0.2054542743730885,-0.5258944873819824,-0.4386598384342483,0.602432550074947,0.4915292035677548,1.2996195397750414,-0.5607289098646239,0.5019006534769035,-0.839863014655845,0.2692422846232749,0.0799380666697927,0.9628989866854089,1.5479796141648436,0.3094578220931296,0.0663305189442173,-2.081030763738692,0.0091132705609736,-0.9505119968261
0.983192792075464,1.1020824166112646,0.9226776199623192,1.640225002665529,1.2439880625355269,0.7174605080099606,0.8903608719760274,0.101166222600256,0.9278870679531032,0.7306315049228542,0.9126114247841016,1.0722955929186837,0.694464641299481,0.350609846104008,0.8214838740665491,-0.517517027943281,0.7417106811905301,1.218978238186035,0.4699147802429916,0.7814555286516912,-0.6273444023344623,0.6767095169977737,0.5140218403299434,0.185433001764305,0.2479964395158768,0.9804402356133564,-0.3293763887295823,1.1468193099008537,-0.2747586366040263,-0.1930318102188625,-1.378780271126029,-0.1071741807881566
-0.5745285435202541,-0.7765144752564597,-0.5751992379864717,-0.7992163669001149,-0.8177027273657801,-0.7173467534721248,-0.8363325429639088,-0.5742131336839111,-0.7670382376434155,-0.8129573881966833,-0.849634610036974,-0.9636646275362928,-0.6491641260273081,-0.5630090297976348,-0.7783204582238338,-0.5310212490243545,-1.3119788098607317,-1.1852342400183145,-0.7323769559484979,-0.7533711653600882,1.728639284692384,2.0057202606112225,-0.457066428414523,-0.7523673389974166,-0.6158731373205782,-0.7800026368429093,2.0020214428128376,-0.6877906615052742,-0.4861249146876194,1.325394764457715,-0.5000077824441818,0.3144947272308149
-0.5745285435202541,-0.7765144752564597,-0.5751992379864717,-0.7992163669001149,-0.8177027273657801,-0.7173467534721248,-0.8363325429639088,-0.5742131336839111,-0.7670382376434155,-0.8129573881966833,-0.849634610036974,-0.9636646275362928,-0.6491641260273081,-0.5630090297976348,-0.7783204582238338,-0.5310212490243545,-1.3119788098607317,-1.1852342400183145,-0.7323769559484979,-0.7533711653600882,1.728639284692384,2.0057202606112225,-0.457066428414523,-0.7523673389974166,-0.6158731373205782,-0.7800026368429093,2.0020214428128376,-0.6877906615052742,-0.4861249146876194,1.325394764457715,-0.5000077824441818,0.3144947272308149
-0.4158133146423159,-0.5156390671485809,-0.2295942353051585,-0.6815363809908588,-0.7163691545333031,-0.4274225629755183,-0.3756286776941668,-0.5314860397178413,-0.6768909132909836,-0.7180812905286489,-0.765431845959188,-0.8778925704699463,-0.4054678106528978,0.3640384560203087,-0.3124881293313158,-0.1421738718599445,0.4229523066499563,-1.0770248218508114,-0.4331963329288399,-0.7846209831731128,0.4401315817357081,0.9416018848439526,-0.6388604429073655,-0.8922957301086583,-0.6013986095765457,-1.0709722209675492,-0.7549626350899222,-0.4241782666737269,-0.758050734182464,0.9797529926203732,0.5567370804615919,-0.0650072899862589
-0.7029019306446641,-1.0257794243251468,-0.8677667756119058,-1.0839827074462345,-0.8882969786261081,-1.0914740020068785,-0.6950027662446908,-0.6685160824158642,-0.9359900220491528,-0.8796152257153622,-1.076843502493566,-1.04002541427511,-0.4524985490577865,0.0442990391639978,1.74735073041983,0.9219796693900166,-1.119668381660177,-0.3998458052591225,-0.705423145487409,-0.6443974109225207,1.8494099182530264,-0.059090757393059,0.6884469036202724,-0.7307832436383805,-0.574874240527434,-0.4643174975093811,0.3500277542435302,-1.0529301402162157,-0.1355841172341096,0.3094723832560785,-0.0518429599688844,0.9048311984573746
0.9382696426116536,1.1416519982126092,1.2102332836434913,1.0343545488989578,1.4559150365867248,1.2935778088026484,1.5842015315909932,3.560490452001116,1.23997676910106,1.7102740971459127,1.084159698008358,0.8246743121129014,-0.2381894834827992,0.2174610515513577,0.0672187867119359,-0.5269661429804581,1.7986034158173814,1.17758416406618,0.3961568823980797,0.2146267909512746,-0.97646750166389,-0.1223329843332899,4.267964212934988,0.791377963137693,-0.0916512712443571,-0.1416873362622927,-1.252710618095895,1.7932569016213578,0.490731179559206,-1.9857334464928411,-0.484893412407306,-2.215518720883015
-2.049251818906184,-1.4635929427149093,-1.6649276531555992,-1.4865952568628196,-1.0718093845742451,-1.38010826948144,-1.5343806745373951,-0.7897148816589122,-1.2954099955327305,-1.2458967504700864,-1.2982376032005825,-1.1974835960832422,-1.082194364167608,-1.2346694123329596,-2.0913605913461977,3.567452208514911,-0.83148437929783,-1.3335130561407402,-1.5223491639851672,-1.3225103767929247,-1.2158505841827034,-2.0993382237308644,-0.1744423782199061,-0.8479379859169895,-0.5407959498009259,-1.5358284810537486,-0.8932423004808223,-1.4480044102094225,-0.6930246742878864,0.7295589439744146,-0.8762567137464611,1.916836577702909
0.6855375000446186,0.5272580087947287,0.4098700047171378,0.4149360157491202,-0.1124764204575749,0.287711358359782,0.8469526161559459,-0.0830397255905054,0.3913669592505734,0.3952702634056066,0.716172467117703,0.7633874694033113,0.3615136772853074,-0.4554484223565174,-0.2054542743730885,-0.5258944873819824,-0.4386598384342483,0.602432550074947,0.4915292035677548,1.2996195397750414,-0.5607289098646239,0.5019006534769035,-0.839863014655845,0.2692422846232749,0.0799380666697927,0.9628989866854089,1.5479796141648436,0.3094578220931296,0.0663305189442173,-2.081030763738692,0.0091132705609736,-0.9505119968261
-0.5745285435202541,-0.7765144752564597,-0.5751992379864717,-0.7992163669001149,-0.8177027273657801,-0.7173467534721248,-0.8363325429639088,-0.5742131336839111,-0.7670382376434155,-0.8129573881966833,-0.849634610036974,-0.9636646275362928,-0.6491641260273081,-0.5630090297976348,-0.7783204582238338,-0.5310212490243545,-1.3119788098607317,-1.1852342400183145,-0.7323769559484979,-0.7533711653600882,1.728639284692384,2.0057202606112225,-0.457066428414523,-0.7523673389974166,-0.6158731373205782,-0.7800026368429093,2.0020214428128376,-0.6877906615052742,-0.4861249146876194,1.325394764457715,-0.5000077824441818,0.3144947272308149
-0.146628175030077,-0.2247794030848548,0.159639443851783,0.0217310770682206,-0.4179719574252581,0.396919353180963,-0.4585407715421138,-0.4235569726939967,-0.4195386946653581,-0.4716462965312046,-0.4557055475343667,-0.415617459493911,0.3834618400441292,1.6947201316423053,1.224429902966411,-0.4775055142995487,0.5733935539831251,-0.4558204931889167,0.1255179781964903,-0.5347730235540413,0.1742642976740501,-0.2020494095453242,-0.5158164146917273,-0.7063836401374144,-0.5641261723582708,1.130617537610769,-0.4974024726721137,-0.4802841563456236,-0.489932151940465,1.8420303208297435,0.396288852094476,-0.3601755255995402
1.114114137712036,1.26413809678729,1.1093930233168448,1.1551972307690133,1.5278651304857676,0.7984655912314208,0.9889519780990071,0.1751527931446096,1.0950223940505397,0.8695321188411641,0.9680255748336036,0.9959033956679466,0.0928106393058414,0.0450916862427815,0.2921560412127261,-0.5021636455647591,0.328571119854515,0.8765959889034596,0.5038223662591116,0.6150408187183574,-0.9049502736531188,0.1417344095987635,-0.2457642652961151,0.2360924541700465,0.5743406024128863,0.0998047498933392,-0.965468677948361,1.1759715707941651,-0.2002712978201468,-0.3924403201656704,-1.5004103977846484,-0.2758417439957447
1.1539658311899037,1.4989383501797924,1.4303846071085575,1.260568463461363,1.6356166100434777,1.6797957828956886,1.6690842795081433,1.2624714635685748,1.7332414432264251,1.3725631888434169,1.6483515482868052,1.4549346928184888,-0.2131171915433764,-0.4599363731525088,0.339811365640069,-0.5254899116374125,-0.2149093127984561,0.5410515716045815,1.241568716212545,2.107191967468017,-0.8344005845872645,0.054826613740022,-0.4290034863380065,3.1018590378014115,-0.0806158680214567,-0.1825578565974858,-0.2989647123816893,1.4095265811869206,2.457521066973057,0.2026273363964781,0.3329919193191797,-0.9083451060242022
-1.8177405464271457,-1.4388532237668776,-1.5779689073350345,-1.3772264440160389,-1.0236197216622258,-1.23545571060844,-1.3434664861303764,-0.7805788028106154,-1.2419807890274004,-1.1699044204033835,-1.2573590539125477,-1.168628529208759,-0.984068320917424,-0.6958373282231305,-1.4899613287632438,0.379109735733439,-0.5452502511264901,-0.5013146448547088,-1.3827034257535251,-1.2390819756604323,-0.9246118952292148,-1.8309815957481423,0.6343636453169,-0.7685873777248924,-0.4109397583861431,-1.3259284895922574,-0.2746446770053615,-1.3177671128297554,-0.9198094339051314,-0.3325285307608697,0.3067432080459878,1.7903359052972156
1.114114137712036,1.26413809678729,1.1093930233168448,1.1551972307690133,1.5278651304857676,0.7984655912314208,0.9889519780990071,0.1751527931446096,1.0950223940505397,0.8695321188411641,0.9680255748336036,0.9959033956679466,0.0928106393058414,0.0450916862427815,0.2921560412127261,-0.5021636455647591,0.328571119854515,0.8765959889034596,0.5038223662591116,0.6150408187183574,-0.9049502736531188,0.1417344095987635,-0.2457642652961151,0.2360924541700465,0.5743406024128863,0.0998047498933392,-0.965468677948361,1.1759715707941651,-0.2002712978201468,-0.3924403201656704,-1.5004103977846484,-0.2758417439957447
1.1419408098495991,1.2789589968277228,1.2111466884533981,1.1508425222163878,1.5125109695690386,0.7607892122135519,0.9373388445701153,0.11292920376455584,1.0505825283889938,0.8659980997585606,0.9847403312584894,0.9984604985955547,0.05453387543435574,0.09010091444377967,0.32912667482777347,-0.51014606093586,0.29592531262127936,0.9040173849449495,0.5132210456334169,0.5426344557476049,-0.908349286452339,0.15483620020248254,-0.2907490046205028,0.24558462381191867,0.5015994781499968,0.16661405489394776,-0.9030711786953894,1.163345704079017,-0.18209858092819314,-0.29000253762250605,-1.4111519776810417,-0.21903930981797326
-0.146628175030077,-0.2247794030848548,0.159639443851783,0.0217310770682206,-0.4179719574252581,0.396919353180963,-0.4585407715421138,-0.4235569726939967,-0.4195386946653581,-0.4716462965312046,-0.4557055475343667,-0.415617459493911,0.3834618400441292,1.6947201316423053,1.224429902966411,-0.4775055142995487,0.5733935539831251,-0.4558204931889167,0.1255179781964903,-0.5347730235540413,0.1742642976740501,-0.2020494095453242,-0.5158164146917273,-0.7063836401374144,-0.5641261723582708,1.130617537610769,-0.4974024726721137,-0.4802841563456236,-0.489932151940465,1.8420303208297435,0.396288852094476,-0.3601755255995402
0.1563744058565792,-0.0473135785659083,-0.437947221286496,0.0779235928882436,-0.3552896802750338,-0.0569389117557756,-0.1057964546760315,-0.2471085129295573,-0.1417601228386564,-0.1154023208721778,-0.0975742826787961,-0.0181070625941167,0.3543296910720463,-0.7932946046057785,-0.2453857091845438,-0.1902125193285793,1.4619925803114764,0.2582537084610392,0.3817667709642701,-0.3333836018088461,-0.2642288075705569,0.4078178993579289,-0.6476190236006003,-0.3836180708126383,-0.4759550769782965,1.162357007277984,0.1014171605667137,0.2698416903947453,-0.6985523288324258,-0.1443179207895172,0.1793802176413217,-0.3180086347976425
0.1563744058565792,-0.0473135785659083,-0.437947221286496,0.0779235928882436,-0.3552896802750338,-0.0569389117557756,-0.1057964546760315,-0.2471085129295573,-0.1417601228386564,-0.1154023208721778,-0.0975742826787961,-0.0181070625941167,0.3543296910720463,-0.7932946046057785,-0.2453857091845438,-0.1902125193285793,1.4619925803114764,0.2582537084610392,0.3817667709642701,-0.3333836018088461,-0.2642288075705569,0.4078178993579289,-0.6476190236006003,-0.3836180708126383,-0.4759550769782965,1.162357007277984,0.1014171605667137,0.2698416903947453,-0.6985523288324258,-0.1443179207895172,0.1793802176413217,-0.3180086347976425
-2.049251818906184,-1.4635929427149093,-1.6649276531555992,-1.4865952568628196,-1.0718093845742451,-1.38010826948144,-1.5343806745373951,-0.7897148816589122,-1.2954099955327305,-1.2458967504700864,-1.2982376032005825,-1.1974835960832422,-1.082194364167608,-1.2346694123329596,-2.0913605913461977,3.567452208514911,-0.83148437929783,-1.3335130561407402,-1.5223491639851672,-1.3225103767929247,-1.2158505841827034,-2.0993382237308644,-0.1744423782199061,-0.8479379859169895,-0.5407959498009259,-1.5358284810537486,-0.8932423004808223,-1.4480044102094225,-0.6930246742878864,0.7295589439744146,-0.8762567137464611,1.916836577702909
-0.146628175030077,-0.2247794030848548,0.159639443851783,0.0217310770682206,-0.4179719574252581,0.396919353180963,-0.4585407715421138,-0.4235569726939967,-0.4195386946653581,-0.4716462965312046,-0.4557055475343667,-0.415617459493911,0.3834618400441292,1.6947201316423053,1.224429902966411,-0.4775055142995487,0.5733935539831251,-0.4558204931889167,0.1255179781964903,-0.5347730235540413,0.1742642976740501,-0.2020494095453242,-0.5158164146917273,-0.7063836401374144,-0.5641261723582708,1.130617537610769,-0.4974024726721137,-0.4802841563456236,-0.489932151940465,1.8420303208297435,0.396288852094476,-0.3601755255995402
0.8454443473218137,0.7381022156175336,0.5796812001431201,0.7313108388436499,0.7054309108730238,0.4866340486619413,0.5160805139967659,-0.0029068255092302,0.5962815848891619,0.5276195773344942,0.884432825403475,0.9033165414191816,0.5123490471310708,2.992705418500113,0.5297947709208016,-0.5080008764831284,0.1531029236826901,1.010383328234441,0.3544231545878422,1.5509766059338237,0.1874693934631434,0.6568616979769254,0.2801136527889268,0.3604771049024036,0.1567971170558511,0.5630680291182092,0.6241748931716812,0.634580306640837,0.2959382459719454,-1.985435199804674,0.2518669137017295,-0.3180086347976425
0.877859539983099,0.9284812210475348,0.8695048454908714,1.1220468862604986,0.9411444138574524,0.6760439097427877,0.6276174938085415,0.0598046366308749,0.8252688589657505,0.5874855905038561,0.8797209012396516,1.007382058710873,0.6686888185281938,1.6059747776803983,1.1706116992346778,-0.5161259044239899,1.358954168963903,0.6034181347459333,0.3532355328426836,0.6426350208803544,-0.4248538041891673,0.7743715572383858,0.0239135326109679,0.0973132383814232,0.2146750918637649,0.7784191204754152,-0.2122101786183744,0.7238115461235602,-0.2399088430746092,-0.3562735761340631,-1.7501404600112933,-0.3601755255995402
-0.4341798853153589,-0.4004250316508307,-0.0375503801587199,-0.3977188486978522,-0.6006331912722908,-0.1025511655173693,-0.797484333670673,-0.484000772783895,-0.5539115124408525,-0.6040115577816981,-0.539057378007905,-0.6936583276988406,-0.0510777392111037,0.8674382845449476,0.7448703474644359,-0.18567312628524,1.875004098526412,-0.8919430264447064,-0.082730184407668,-0.0970463781413462,0.4341698387618963,-0.4809988547154174,-0.576064392910523,-0.9059851322747566,-0.4904676350080633,0.0054245586513399,-1.0090010060328958,-0.1650148978817457,-0.7920160130317723,-0.8694819753243683,-0.105026324874296,-0.1915079623919492
0.8454443473218137,0.7381022156175336,0.5796812001431201,0.7313108388436499,0.7054309108730238,0.4866340486619413,0.5160805139967659,-0.0029068255092302,0.5962815848891619,0.5276195773344942,0.884432825403475,0.9033165414191816,0.5123490471310708,2.992705418500113,0.5297947709208016,-0.5080008764831284,0.1531029236826901,1.010383328234441,0.3544231545878422,1.5509766059338237,0.1874693934631434,0.6568616979769254,0.2801136527889268,0.3604771049024036,0.1567971170558511,0.5630680291182092,0.6241748931716812,0.634580306640837,0.2959382459719454,-1.985435199804674,0.2518669137017295,-0.3180086347976425
1.0190986195252,1.152229774260814,1.2234559989115197,1.0786029702229474,1.5173653734828687,1.2036108872204596,1.589945736011296,0.8812873114244072,1.392264325118416,1.9422960355466707,0.7405739363996474,1.0487285024532569,-0.2289378251411196,-0.6559376924616619,-0.226884683361937,-0.5266215184504065,0.2941594300632261,0.587545374332367,-0.120069575345784,0.9664019692599876,-1.3513780949494387,-0.1002744644203224,-0.3331732445739862,1.5001210715395754,0.1292668204918369,-0.5550288043891176,-0.693519828453495,1.341305667426587,2.386187389251882,0.9424333069675356,1.7336297650420915,-0.5288430888071284
-0.146628175030077,-0.2247794030848548,0.159639443851783,0.0217310770682206,-0.4179719574252581,0.396919353180963,-0.4585407715421138,-0.4235569726939967,-0.4195386946653581,-0.4716462965312046,-0.4557055475343667,-0.415617459493911,0.3834618400441292,1.6947201316423053,1.224429902966411,-0.4775055142995487,0.5733935539831251,-0.4558204931889167,0.1255179781964903,-0.5347730235540413,0.1742642976740501,-0.2020494095453242,-0.5158164146917273,-0.7063836401374144,-0.5641261723582708,1.130617537610769,-0.4974024726721137,-0.4802841563456236,-0.489932151940465,1.8420303208297435,0.396288852094476,-0.3601755255995402
-1.8177405464271457,-1.4388532237668776,-1.5779689073350345,-1.3772264440160389,-1.0236197216622258,-1.23545571060844,-1.3434664861303764,-0.7805788028106154,-1.2419807890274004,-1.1699044204033835,-1.2573590539125477,-1.168628529208759,-0.984068320917424,-0.6958373282231305,-1.4899613287632438,0.379109735733439,-0.5452502511264901,-0.5013146448547088,-1.3827034257535251,-1.2390819756604323,-0.9246118952292148,-1.8309815957481423,0.6343636453169,-0.7685873777248924,-0.4109397583861431,-1.3259284895922574,-0.2746446770053615,-1.3177671128297554,-0.9198094339051314,-0.3325285307608697,0.3067432080459878,1.7903359052972156
-2.049251818906184,-1.4635929427149093,-1.6649276531555992,-1.4865952568628196,-1.0718093845742451,-1.38010826948144,-1.5343806745373951,-0.7897148816589122,-1.2954099955327305,-1.2458967504700864,-1.2982376032005825,-1.1974835960832422,-1.082194364167608,-1.2346694123329596,-2.0913605913461977,3.567452208514911,-0.83148437929783,-1.3335130561407402,-1.5223491639851672,-1.3225103767929247,-1.2158505841827034,-2.0993382237308644,-0.1744423782199061,-0.8479379859169895,-0.5407959498009259,-1.5358284810537486,-0.8932423004808223,-1.4480044102094225,-0.6930246742878864,0.7295589439744146,-0.8762567137464611,1.916836577702909
-2.049251818906184,-1.4635929427149093,-1.6649276531555992,-1.4865952568628196,-1.0718093845742451,-1.38010826948144,-1.5343806745373951,-0.7897148816589122,-1.2954099955327305,-1.2458967504700864,-1.2982376032005825,-1.1974835960832422,-1.082194364167608,-1.2346694123329596,-2.0913605913461977,3.567452208514911,-0.83148437929783,-1.3335130561407402,-1.5223491639851672,-1.3225103767929247,-1.2158505841827034,-2.0993382237308644,-0.1744423782199061,-0.8479379859169895,-0.5407959498009259,-1.5358284810537486,-0.8932423004808223,-1.4480044102094225,-0.6930246742878864,0.7295589439744146,-0.8762567137464611,1.916836577702909
-0.5745285435202541,-0.7765144752564597,-0.5751992379864717,-0.7992163669001149,-0.8177027273657801,-0.7173467534721248,-0.8363325429639088,-0.5742131336839111,-0.7670382376434155,-0.8129573881966833,-0.849634610036974,-0.9636646275362928,-0.6491641260273081,-0.5630090297976348,-0.7783204582238338,-0.5310212490243545,-1.3119788098607317,-1.1852342400183145,-0.7323769559484979,-0.7533711653600882,1.728639284692384,2.0057202606112225,-0.457066428414523,-0.7523673389974166,-0.6158731373205782,-0.7800026368429093,2.0020214428128376,-0.6877906615052742,-0.4861249146876194,1.325394764457715,-0.5000077824441818,0.3144947272308149
-2.049251818906184,-1.4635929427149093,-1.6649276531555992,-1.4865952568628196,-1.0718093845742451,-1.38010826948144,-1.5343806745373951,-0.7897148816589122,-1.2954099955327305,-1.2458967504700864,-1.2982376032005825,-1.1974835960832422,-1.082194364167608,-1.2346694123329596,-2.0913605913461977,3.567452208514911,-0.83148437929783,-1.3335130561407402,-1.5223491639851672,-1.3225103767929247,-1.2158505841827034,-2.0993382237308644,-0.1744423782199061,-0.8479379859169895,-0.5407959498009259,-1.5358284810537486,-0.8932423004808223,-1.4480044102094225,-0.6930246742878864,0.7295589439744146,-0.8762567137464611,1.916836577702909
-0.8810783117396541,-1.0407688251149831,-0.9665990626702818,-1.1079743105460718,-0.9591641063766552,-1.178536870583221,-0.928220155359342,-0.6892353754491493,-1.0229030616193366,-0.958920492221353,-1.1456232424554982,-1.0867928378957792,-0.8712915654639134,-0.7991067990014123,-0.0885032282431639,0.716541283450604,-1.1660298459418963,-1.2739088465335198,-0.9740477199934728,-0.7889684315026569,0.6606857708229968,0.0344881661760446,0.0200004473130678,-0.7078372237712154,-0.6229471776811869,-1.422737771295585,-0.4064034053955426,-1.114733102527783,-0.5151758552056213,1.2156077646761765,0.0930767600510916,0.9891649800611702
-0.5745285435202541,-0.7765144752564597,-0.5751992379864717,-0.7992163669001149,-0.8177027273657801,-0.7173467534721248,-0.8363325429639088,-0.5742131336839111,-0.7670382376434155,-0.8129573881966833,-0.849634610036974,-0.9636646275362928,-0.6491641260273081,-0.5630090297976348,-0.7783204582238338,-0.5310212490243545,-1.3119788098607317,-1.1852342400183145,-0.7323769559484979,-0.7533711653600882,1.728639284692384,2.0057202606112225,-0.457066428414523,-0.7523673389974166,-0.6158731373205782,-0.7800026368429093,2.0020214428128376,-0.6877906615052742,-0.4861249146876194,1.325394764457715,-0.5000077824441818,0.3144947272308149
1.114114137712036,1.26413809678729,1.1093930233168448,1.1551972307690133,1.5278651304857676,0.7984655912314208,0.9889519780990071,0.1751527931446096,1.0950223940505397,0.8695321188411641,0.9680255748336036,0.9959033956679466,0.0928106393058414,0.0450916862427815,0.2921560412127261,-0.5021636455647591,0.328571119854515,0.8765959889034596,0.5038223662591116,0.6150408187183574,-0.9049502736531188,0.1417344095987635,-0.2457642652961151,0.2360924541700465,0.5743406024128863,0.0998047498933392,-0.965468677948361,1.1759715707941651,-0.2002712978201468,-0.3924403201656704,-1.5004103977846484,-0.2758417439957447
1.1539658311899037,1.4989383501797924,1.4303846071085575,1.260568463461363,1.6356166100434777,1.6797957828956886,1.6690842795081433,1.2624714635685748,1.7332414432264251,1.3725631888434169,1.6483515482868052,1.4549346928184888,-0.2131171915433764,-0.4599363731525088,0.339811365640069,-0.5254899116374125,-0.2149093127984561,0.5410515716045815,1.241568716212545,2.107191967468017,-0.8344005845872645,0.054826613740022,-0.4290034863380065,3.1018590378014115,-0.0806158680214567,-0.1825578565974858,-0.2989647123816893,1.4095265811869206,2.457521066973057,0.2026273363964781,0.3329919193191797,-0.9083451060242022
-1.5780762767118544,-1.2853348071354005,-1.4890579459420763,-1.222049095906974,-0.995833489910634,-1.3752871343980937,-0.9106556014299652,-0.7676224166665411,-1.182741991337579,-1.1292218206044538,-1.2218892456038906,-1.1238214026959314,-1.078976541773571,-1.220572562616005,-1.4996104988353889,-0.2075688340426056,-1.0845366797339235,-1.195716734339504,-1.4169525199806638,-1.235145385985931,-0.8622252170476402,-1.9341062722645677,-0.203568452308037,-0.6024156062359433,4.1413003522225145,-0.9574999925953488,-0.4400345022290133,-1.2394731620678494,-0.875567537430426,0.2568046161466148,1.0172660559363758,1.6638352328915254
-0.5745285435202541,-0.7765144752564597,-0.5751992379864717,-0.7992163669001149,-0.8177027273657801,-0.7173467534721248,-0.8363325429639088,-0.5742131336839111,-0.7670382376434155,-0.8129573881966833,-0.849634610036974,-0.9636646275362928,-0.6491641260273081,-0.5630090297976348,-0.7783204582238338,-0.5310212490243545,-1.3119788098607317,-1.1852342400183145,-0.7323769559484979,-0.7533711653600882,1.728639284692384,2.0057202606112225,-0.457066428414523,-0.7523673389974166,-0.6158731373205782,-0.7800026368429093,2.0020214428128376,-0.6877906615052742,-0.4861249146876194,1.325394764457715,-0.5000077824441818,0.3144947272308149
0.983192792075464,1.1020824166112646,0.9226776199623192,1.640225002665529,1.2439880625355269,0.7174605080099606,0.8903608719760274,0.101166222600256,0.9278870679531032,0.7306315049228542,0.9126114247841016,1.0722955929186837,0.694464641299481,0.350609846104008,0.8214838740665491,-0.517517027943281,0.7417106811905301,1.218978238186035,0.4699147802429916,0.7814555286516912,-0.6273444023344623,0.6767095169977737,0.5140218403299434,0.185433001764305,0.2479964395158768,0.9804402356133564,-0.3293763887295823,1.1468193099008537,-0.2747586366040263,-0.1930318102188625,-1.378780271126029,-0.1071741807881566
-1.5780762767118544,-1.2853348071354005,-1.4890579459420763,-1.222049095906974,-0.995833489910634,-1.3752871343980937,-0.9106556014299652,-0.7676224166665411,-1.182741991337579,-1.1292218206044538,-1.2218892456038906,-1.1238214026959314,-1.078976541773571,-1.220572562616005,-1.4996104988353889,-0.2075688340426056,-1.0845366797339235,-1.195716734339504,-1.4169525199806638,-1.235145385985931,-0.8622252170476402,-1.9341062722645677,-0.203568452308037,-0.6024156062359433,4.1413003522225145,-0.9574999925953488,-0.4400345022290133,-1.2394731620678494,-0.875567537430426,0.2568046161466148,1.0172660559363758,1.6638352328915254
0.6855375000446186,0.5272580087947287,0.4098700047171378,0.4149360157491202,-0.1124764204575749,0.287711358359782,0.8469526161559459,-0.0830397255905054,0.3913669592505734,0.3952702634056066,0.716172467117703,0.7633874694033113,0.3615136772853074,-0.4554484223565174,-0.2054542743730885,-0.5258944873819824,-0.4386598384342483,0.602432550074947,0.4915292035677548,1.2996195397750414,-0.5607289098646239,0.5019006534769035,-0.839863014655845,0.2692422846232749,0.0799380666697927,0.9628989866854089,1.5479796141648436,0.3094578220931296,0.0663305189442173,-2.081030763738692,0.0091132705609736,-0.9505119968261
-1.1835438141686836,-1.2672972490523928,-1.3382837405390793,-1.361657779495609,-1.0359365766518909,-1.3047603731743185,-1.0871217041057006,-0.7473253484052141,-1.098613012794483,-1.089975436264934,-1.1870895497629086,-1.0955161834252498,-1.099117760241202,-1.2715443130429729,-1.7867587834903431,-0.2201036644720352,-1.2367332728351137,-1.5428321347942515,-1.2211393461783508,-1.0250886522104603,-0.8020115316663434,-1.8961225690018508,0.0042499772884305,-0.4891875589007493,1.6294384206659,-1.6110429076946178,-0.9629010220759332,-1.1378527423274232,-0.4628332566757289,-0.4207629164363726,2.95634767709298,1.4530007788820396
-0.8810783117396541,-1.0407688251149831,-0.9665990626702818,-1.1079743105460718,-0.9591641063766552,-1.178536870583221,-0.928220155359342,-0.6892353754491493,-1.0229030616193366,-0.958920492221353,-1.1456232424554982,-1.0867928378957792,-0.8712915654639134,-0.7991067990014123,-0.0885032282431639,0.716541283450604,-1.1660298459418963,-1.2739088465335198,-0.9740477199934728,-0.7889684315026569,0.6606857708229968,0.0344881661760446,0.0200004473130678,-0.7078372237712154,-0.6229471776811869,-1.422737771295585,-0.4064034053955426,-1.114733102527783,-0.5151758552056213,1.2156077646761765,0.0930767600510916,0.9891649800611702
0.8454443473218137,0.7381022156175336,0.5796812001431201,0.7313108388436499,0.7054309108730238,0.4866340486619413,0.5160805139967659,-0.0029068255092302,0.5962815848891619,0.5276195773344942,0.884432825403475,0.9033165414191816,0.5123490471310708,2.992705418500113,0.5297947709208016,-0.5080008764831284,0.1531029236826901,1.010383328234441,0.3544231545878422,1.5509766059338237,0.1874693934631434,0.6568616979769254,0.2801136527889268,0.3604771049024036,0.1567971170558511,0.5630680291182092,0.6241748931716812,0.634580306640837,0.2959382459719454,-1.985435199804674,0.2518669137017295,-0.3180086347976425
1.1539658311899037,1.4989383501797924,1.4303846071085575,1.260568463461363,1.6356166100434777,1.6797957828956886,1.6690842795081433,1.2624714635685748,1.7332414432264251,1.3725631888434169,1.6483515482868052,1.4549346928184888,-0.2131171915433764,-0.4599363731525088,0.339811365640069,-0.5254899116374125,-0.2149093127984561,0.5410515716045815,1.241568716212545,2.107191967468017,-0.8344005845872645,0.054826613740022,-0.4290034863380065,3.1018590378014115,-0.0806158680214567,-0.1825578565974858,-0.2989647123816893,1.4095265811869206,2.457521066973057,0.2026273363964781,0.3329919193191797,-0.9083451060242022
0.9382696426116536,1.1416519982126092,1.2102332836434913,1.0343545488989578,1.4559150365867248,1.2935778088026484,1.5842015315909932,3.560490452001116,1.23997676910106,1.7102740971459127,1.084159698008358,0.8246743121129014,-0.2381894834827992,0.2174610515513577,0.0672187867119359,-0.5269661429804581,1.7986034158173814,1.17758416406618,0.3961568823980797,0.2146267909512746,-0.97646750166389,-0.1223329843332899,4.267964212934988,0.791377963137693,-0.0916512712443571,-0.1416873362622927,-1.252710618095895,1.7932569016213578,0.490731179559206,-1.9857334464928411,-0.484893412407306,-2.215518720883015
-0.7029019306446641,-1.0257794243251468,-0.8677667756119058,-1.0839827074462345,-0.8882969786261081,-1.0914740020068785,-0.6950027662446908,-0.6685160824158642,-0.9359900220491528,-0.8796152257153622,-1.076843502493566,-1.04002541427511,-0.4524985490577865,0.0442990391639978,1.74735073041983,0.9219796693900166,-1.119668381660177,-0.3998458052591225,-0.705423145487409,-0.6443974109225207,1.8494099182530264,-0.059090757393059,0.6884469036202724,-0.7307832436383805,-0.574874240527434,-0.4643174975093811,0.3500277542435302,-1.0529301402162157,-0.1355841172341096,0.3094723832560785,-0.0518429599688844,0.9048311984573746
0.3486991707981831,0.0604298290035889,-0.183196526397,0.2618393737592187,-0.2851436872885191,0.1131049340312856,-0.0803240088387822,-0.1728893374408338,0.028133890622587,0.0089414856021664,0.6859085015263725,0.2768306814866749,0.3951699368406582,-0.57585755080946,-0.3232355344338599,-0.5026836959138499,1.0218893610684427,1.1399372593216934,1.3311169245020198,-0.3459290330492845,0.6767404938824108,0.4281219188301969,-0.6687923776886063,0.1102849883193637,-0.4127541607790779,0.8230814669840182,0.213965676546782,-0.3369596968403866,-0.2499977967714217,0.239573742207419,-0.018715816854753,-0.6131768704109208
0.8454443473218137,0.7381022156175336,0.5796812001431201,0.7313108388436499,0.7054309108730238,0.4866340486619413,0.5160805139967659,-0.0029068255092302,0.5962815848891619,0.5276195773344942,0.884432825403475,0.9033165414191816,0.5123490471310708,2.992705418500113,0.5297947709208016,-0.5080008764831284,0.1531029236826901,1.010383328234441,0.3544231545878422,1.5509766059338237,0.1874693934631434,0.6568616979769254,0.2801136527889268,0.3604771049024036,0.1567971170558511,0.5630680291182092,0.6241748931716812,0.634580306640837,0.2959382459719454,-1.985435199804674,0.2518669137017295,-0.3180086347976425
-0.4500685351684177,-0.804042862736019,-0.7139282168888367,-0.930306686217439,-0.8417814167228792,-0.9412961675998722,-0.8945958108808976,-0.6072468517896545,-0.8453400129736358,-0.8061255971819612,-0.950228241082124,-1.0075650522649366,-0.3100345425861195,0.4251605404794366,1.7599757938048577,2.445125901191275,-1.2466466771042315,-0.9406411055746452,-0.5327513058913766,-0.3090525977770498,2.595611458894491,0.8526211087347361,0.6411049410763716,-0.7670990930407418,-0.602695077383831,-0.4067551124062425,1.9103887212058603,-0.5941725566649548,-0.4803804651485308,0.5786584910264272,-0.3485836582951384,0.6096629628440963
-0.8810783117396541,-1.0407688251149831,-0.9665990626702818,-1.1079743105460718,-0.9591641063766552,-1.178536870583221,-0.928220155359342,-0.6892353754491493,-1.0229030616193366,-0.958920492221353,-1.1456232424554982,-1.0867928378957792,-0.8712915654639134,-0.7991067990014123,-0.0885032282431639,0.716541283450604,-1.1660298459418963,-1.2739088465335198,-0.9740477199934728,-0.7889684315026569,0.6606857708229968,0.0344881661760446,0.0200004473130678,-0.7078372237712154,-0.6229471776811869,-1.422737771295585,-0.4064034053955426,-1.114733102527783,-0.5151758552056213,1.2156077646761765,0.0930767600510916,0.9891649800611702
-0.146628175030077,-0.2247794030848548,0.159639443851783,0.0217310770682206,-0.4179719574252581,0.396919353180963,-0.4585407715421138,-0.4235569726939967,-0.4195386946653581,-0.4716462965312046,-0.4557055475343667,-0.415617459493911,0.3834618400441292,1.6947201316423053,1.224429902966411,-0.4775055142995487,0.5733935539831251,-0.4558204931889167,0.1255179781964903,-0.5347730235540413,0.1742642976740501,-0.2020494095453242,-0.5158164146917273,-0.7063836401374144,-0.5641261723582708,1.130617537610769,-0.4974024726721137,-0.4802841563456236,-0.489932151940465,1.8420303208297435,0.396288852094476,-0.3601755255995402
0.9382696426116536,1.1416519982126092,1.2102332836434913,1.0343545488989578,1.4559150365867248,1.2935778088026484,1.5842015315909932,3.560490452001116,1.23997676910106,1.7102740971459127,1.084159698008358,0.8246743121129014,-0.2381894834827992,0.2174610515513577,0.0672187867119359,-0.5269661429804581,1.7986034158173814,1.17758416406618,0.3961568823980797,0.2146267909512746,-0.97646750166389,-0.1223329843332899,4.267964212934988,0.791377963137693,-0.0916512712443571,-0.1416873362622927,-1.252710618095895,1.7932569016213578,0.490731179559206,-1.9857334464928411,-0.484893412407306,-2.215518720883015
0.0467800702696549,-0.2103952591823486,0.2366506304068424,-0.0622324489753856,-0.4237315378794889,-0.1428550609578763,-0.4272871701503537,-0.3560770322580233,-0.2933908689927043,-0.2891049812852636,-0.2884544764532458,-0.270941980396344,-0.2043044681012397,0.5664303232379279,-0.0627660760128107,-0.3795476980988942,-0.401799133015577,-0.2060659448232713,0.0357134367779285,-0.451547347204844,-0.0350014816507189,-0.0388875052039043,-0.7455858218693301,-0.5035186629036696,-0.5559105747636038,0.7624832386602584,-0.2197233887191853,-0.4895699098765943,-0.193004984070965,0.5830634787096943,0.3489756529280555,-0.5288430888071284
0.983192792075464,1.1020824166112646,0.9226776199623192,1.640225002665529,1.2439880625355269,0.7174605080099606,0.8903608719760274,0.101166222600256,0.9278870679531032,0.7306315049228542,0.9126114247841016,1.0722955929186837,0.694464641299481,0.350609846104008,0.8214838740665491,-0.517517027943281,0.7417106811905301,1.218978238186035,0.4699147802429916,0.7814555286516912,-0.6273444023344623,0.6767095169977737,0.5140218403299434,0.185433001764305,0.2479964395158768,0.9804402356133564,-0.3293763887295823,1.1468193099008537,-0.2747586366040263,-0.1930318102188625,-1.378780271126029,-0.1071741807881566
0.9382696426116536,1.1416519982126092,1.2102332836434913,1.0343545488989578,1.4559150365867248,1.2935778088026484,1.5842015315909932,3.560490452001116,1.23997676910106,1.7102740971459127,1.084159698008358,0.8246743121129014,-0.2381894834827992,0.2174610515513577,0.0672187867119359,-0.5269661429804581,1.7986034158173814,1.17758416406618,0.3961568823980797,0.2146267909512746,-0.97646750166389,-0.1223329843332899,4.267964212934988,0.791377963137693,-0.0916512712443571,-0.1416873362622927,-1.252710618095895,1.7932569016213578,0.490731179559206,-1.9857334464928411,-0.484893412407306,-2.215518720883015
-0.5745285435202541,-0.7765144752564597,-0.5751992379864717,-0.7992163669001149,-0.8177027273657801,-0.7173467534721248,-0.8363325429639088,-0.5742131336839111,-0.7670382376434155,-0.8129573881966833,-0.849634610036974,-0.9636646275362928,-0.6491641260273081,-0.5630090297976348,-0.7783204582238338,-0.5310212490243545,-1.3119788098607317,-1.1852342400183145,-0.7323769559484979,-0.7533711653600882,1.728639284692384,2.0057202606112225,-0.457066428414523,-0.7523673389974166,-0.6158731373205782,-0.7800026368429093,2.0020214428128376,-0.6877906615052742,-0.4861249146876194,1.325394764457715,-0.5000077824441818,0.3144947272308149
-1.1835438141686836,-1.2672972490523928,-1.3382837405390793,-1.361657779495609,-1.0359365766518909,-1.3047603731743185,-1.0871217041057006,-0.7473253484052141,-1.098613012794483,-1.089975436264934,-1.1870895497629086,-1.0955161834252498,-1.099117760241202,-1.2715443130429729,-1.7867587834903431,-0.2201036644720352,-1.2367332728351137,-1.5428321347942515,-1.2211393461783508,-1.0250886522104603,-0.8020115316663434,-1.8961225690018508,0.0042499772884305,-0.4891875589007493,1.6294384206659,-1.6110429076946178,-0.9629010220759332,-1.1378527423274232,-0.4628332566757289,-0.4207629164363726,2.95634767709298,1.4530007788820396
1.114114137712036,1.26413809678729,1.1093930233168448,1.1551972307690133,1.5278651304857676,0.7984655912314208,0.9889519780990071,0.1751527931446096,1.0950223940505397,0.8695321188411641,0.9680255748336036,0.9959033956679466,0.0928106393058414,0.0450916862427815,0.2921560412127261,-0.5021636455647591,0.328571119854515,0.8765959889034596,0.5038223662591116,0.6150408187183574,-0.9049502736531188,0.1417344095987635,-0.2457642652961151,0.2360924541700465,0.5743406024128863,0.0998047498933392,-0.965468677948361,1.1759715707941651,-0.2002712978201468,-0.3924403201656704,-1.5004103977846484,-0.2758417439957447
-0.4158133146423159,-0.5156390671485809,-0.2295942353051585,-0.6815363809908588,-0.7163691545333031,-0.4274225629755183,-0.3756286776941668,-0.5314860397178413,-0.6768909132909836,-0.7180812905286489,-0.765431845959188,-0.8778925704699463,-0.4054678106528978,0.3640384560203087,-0.3124881293313158,-0.1421738718599445,0.4229523066499563,-1.0770248218508114,-0.4331963329288399,-0.7846209831731128,0.4401315817357081,0.9416018848439526,-0.6388604429073655,-0.8922957301086583,-0.6013986095765457,-1.0709722209675492,-0.7549626350899222,-0.4241782666737269,-0.758050734182464,0.9797529926203732,0.5567370804615919,-0.0650072899862589
-0.4341798853153589,-0.4004250316508307,-0.0375503801587199,-0.3977188486978522,-0.6006331912722908,-0.1025511655173693,-0.797484333670673,-0.484000772783895,-0.5539115124408525,-0.6040115577816981,-0.539057378007905,-0.6936583276988406,-0.0510777392111037,0.8674382845449476,0.7448703474644359,-0.18567312628524,1.875004098526412,-0.8919430264447064,-0.082730184407668,-0.0970463781413462,0.4341698387618963,-0.4809988547154174,-0.576064392910523,-0.9059851322747566,-0.4904676350080633,0.0054245586513399,-1.0090010060328958,-0.1650148978817457,-0.7920160130317723,-0.8694819753243683,-0.105026324874296,-0.1915079623919492
0.4296372362189833,0.3144360034689937,0.0631139124110455,0.2818112417035271,-0.1596084768954652,0.1286493110363401,0.0826298504136378,-0.1084094268582554,0.2153096795984654,0.219414479573481,0.8632872757966125,0.5673065721753616,0.445187491183537,-0.3826161063402839,0.4980603834108756,-0.512976400137095,0.4426523410279722,1.379584434192952,0.4382499770522301,-0.3297721819531818,0.5288517262855869,0.7485461283830271,-0.6186785173422938,0.2876266488606367,-0.3098666532472835,1.7726602492833397,2.471734426718471,0.0824019382153033,0.1922279239834474,-0.6463810425440487,0.1358291421737789,-0.9083451060242022
-0.8810783117396541,-1.0407688251149831,-0.9665990626702818,-1.1079743105460718,-0.9591641063766552,-1.178536870583221,-0.928220155359342,-0.6892353754491493,-1.0229030616193366,-0.958920492221353,-1.1456232424554982,-1.0867928378957792,-0.8712915654639134,-0.7991067990014123,-0.0885032282431639,0.716541283450604,-1.1660298459418963,-1.2739088465335198,-0.9740477199934728,-0.7889684315026569,0.6606857708229968,0.0344881661760446,0.0200004473130678,-0.7078372237712154,-0.6229471776811869,-1.422737771295585,-0.4064034053955426,-1.114733102527783,-0.5151758552056213,1.2156077646761765,0.0930767600510916,0.9891649800611702
0.4296372362189833,0.3144360034689937,0.0631139124110455,0.2818112417035271,-0.1596084768954652,0.1286493110363401,0.0826298504136378,-0.1084094268582554,0.2153096795984654,0.219414479573481,0.8632872757966125,0.5673065721753616,0.445187491183537,-0.3826161063402839,0.4980603834108756,-0.512976400137095,0.4426523410279722,1.379584434192952,0.4382499770522301,-0.3297721819531818,0.5288517262855869,0.7485461283830271,-0.6186785173422938,0.2876266488606367,-0.3098666532472835,1.7726602492833397,2.471734426718471,0.0824019382153033,0.1922279239834474,-0.6463810425440487,0.1358291421737789,-0.9083451060242022
-0.5745285435202541,-0.7765144752564597,-0.5751992379864717,-0.7992163669001149,-0.8177027273657801,-0.7173467534721248,-0.8363325429639088,-0.5742131336839111,-0.7670382376434155,-0.8129573881966833,-0.849634610036974,-0.9636646275362928,-0.6491641260273081,-0.5630090297976348,-0.7783204582238338,-0.5310212490243545,-1.3119788098607317,-1.1852342400183145,-0.7323769559484979,-0.7533711653600882,1.728639284692384,2.0057202606112225,-0.457066428414523,-0.7523673389974166,-0.6158731373205782,-0.7800026368429093,2.0020214428128376,-0.6877906615052742,-0.4861249146876194,1.325394764457715,-0.5000077824441818,0.3144947272308149
-1.1835438141686836,-1.2672972490523928,-1.3382837405390793,-1.361657779495609,-1.0359365766518909,-1.3047603731743185,-1.0871217041057006,-0.7473253484052141,-1.098613012794483,-1.089975436264934,-1.1870895497629086,-1.0955161834252498,-1.099117760241202,-1.2715443130429729,-1.7867587834903431,-0.2201036644720352,-1.2367332728351137,-1.5428321347942515,-1.2211393461783508,-1.0250886522104603,-0.8020115316663434,-1.8961225690018508,0.0042499772884305,-0.4891875589007493,1.6294384206659,-1.6110429076946178,-0.9629010220759332,-1.1378527423274232,-0.4628332566757289,-0.4207629164363726,2.95634767709298,1.4530007788820396
0.0467800702696549,-0.2103952591823486,0.2366506304068424,-0.0622324489753856,-0.4237315378794889,-0.1428550609578763,-0.4272871701503537,-0.3560770322580233,-0.2933908689927043,-0.2891049812852636,-0.2884544764532458,-0.270941980396344,-0.2043044681012397,0.5664303232379279,-0.0627660760128107,-0.3795476980988942,-0.401799133015577,-0.2060659448232713,0.0357134367779285,-0.451547347204844,-0.0350014816507189,-0.0388875052039043,-0.7455858218693301,-0.5035186629036696,-0.5559105747636038,0.7624832386602584,-0.2197233887191853,-0.4895699098765943,-0.193004984070965,0.5830634787096943,0.3489756529280555,-0.5288430888071284
-0.869444501171919,-1.039676217838811,-0.8865101181042361,-1.119942091919723,-1.0103389810077483,-1.1695730888354052,-0.9172203211607537,-0.6212759966871274,-0.9811474993236077,-0.9410769392638776,-1.0724580978945202,-1.1462309906119217,-0.9032791421014008,-0.8454355960716886,-0.10799371840095229,0.6477069760727885,-1.1342722986011762,-1.2850199813884584,-1.0475880347186057,-0.839747385563034,0.6763614631955066,0.07639449457076367,0.11983699189765713,-0.562144100470849,-0.602226706017387,-1.4722146772971783,-0.513005719432108,-1.1013475294105912,-0.5558229099711376,1.2045309588896365,0.1254509945865653,0.9884826404714053
0.4296372362189833,0.3144360034689937,0.0631139124110455,0.2818112417035271,-0.1596084768954652,0.1286493110363401,0.0826298504136378,-0.1084094268582554,0.2153096795984654,0.219414479573481,0.8632872757966125,0.5673065721753616,0.445187491183537,-0.3826161063402839,0.4980603834108756,-0.512976400137095,0.4426523410279722,1.379584434192952,0.4382499770522301,-0.3297721819531818,0.5288517262855869,0.7485461283830271,-0.6186785173422938,0.2876266488606367,-0.3098666532472835,1.7726602492833397,2.471734426718471,0.0824019382153033,0.1922279239834474,-0.6463810425440487,0.1358291421737789,-0.9083451060242022
0.983192792075464,1.1020824166112646,0.9226776199623192,1.640225002665529,1.2439880625355269,0.7174605080099606,0.8903608719760274,0.101166222600256,0.9278870679531032,0.7306315049228542,0.9126114247841016,1.0722955929186837,0.694464641299481,0.350609846104008,0.8214838740665491,-0.517517027943281,0.7417106811905301,1.218978238186035,0.4699147802429916,0.7814555286516912,-0.6273444023344623,0.6767095169977737,0.5140218403299434,0.185433001764305,0.2479964395158768,0.9804402356133564,-0.3293763887295823,1.1468193099008537,-0.2747586366040263,-0.1930318102188625,-1.378780271126029,-0.1071741807881566
-0.5745285435202541,-0.7765144752564597,-0.5751992379864717,-0.7992163669001149,-0.8177027273657801,-0.7173467534721248,-0.8363325429639088,-0.5742131336839111,-0.7670382376434155,-0.8129573881966833,-0.849634610036974,-0.9636646275362928,-0.6491641260273081,-0.5630090297976348,-0.7783204582238338,-0.5310212490243545,-1.3119788098607317,-1.1852342400183145,-0.7323769559484979,-0.7533711653600882,1.728639284692384,2.0057202606112225,-0.457066428414523,-0.7523673389974166,-0.6158731373205782,-0.7800026368429093,2.0020214428128376,-0.6877906615052742,-0.4861249146876194,1.325394764457715,-0.5000077824441818,0.3144947272308149
1.0190986195252,1.152229774260814,1.2234559989115197,1.0786029702229474,1.5173653734828687,1.2036108872204596,1.589945736011296,0.8812873114244072,1.392264325118416,1.9422960355466707,0.7405739363996474,1.0487285024532569,-0.2289378251411196,-0.6559376924616619,-0.226884683361937,-0.5266215184504065,0.2941594300632261,0.587545374332367,-0.120069575345784,0.9664019692599876,-1.3513780949494387,-0.1002744644203224,-0.3331732445739862,1.5001210715395754,0.1292668204918369,-0.5550288043891176,-0.693519828453495,1.341305667426587,2.386187389251882,0.9424333069675356,1.7336297650420915,-0.5288430888071284
0.877859539983099,0.9284812210475348,0.8695048454908714,1.1220468862604986,0.9411444138574524,0.6760439097427877,0.6276174938085415,0.0598046366308749,0.8252688589657505,0.5874855905038561,0.8797209012396516,1.007382058710873,0.6686888185281938,1.6059747776803983,1.1706116992346778,-0.5161259044239899,1.358954168963903,0.6034181347459333,0.3532355328426836,0.6426350208803544,-0.4248538041891673,0.7743715572383858,0.0239135326109679,0.0973132383814232,0.2146750918637649,0.7784191204754152,-0.2122101786183744,0.7238115461235602,-0.2399088430746092,-0.3562735761340631,-1.7501404600112933,-0.3601755255995402
0.6855375000446186,0.5272580087947287,0.4098700047171378,0.4149360157491202,-0.1124764204575749,0.287711358359782,0.8469526161559459,-0.0830397255905054,0.3913669592505734,0.3952702634056066,0.716172467117703,0.7633874694033113,0.3615136772853074,-0.4554484223565174,-0.2054542743730885,-0.5258944873819824,-0.4386598384342483,0.602432550074947,0.4915292035677548,1.2996195397750414,-0.5607289098646239,0.5019006534769035,-0.839863014655845,0.2692422846232749,0.0799380666697927,0.9628989866854089,1.5479796141648436,0.3094578220931296,0.0663305189442173,-2.081030763738692,0.0091132705609736,-0.9505119968261
1.1539658311899037,1.4989383501797924,1.4303846071085575,1.260568463461363,1.6356166100434777,1.6797957828956886,1.6690842795081433,1.2624714635685748,1.7332414432264251,1.3725631888434169,1.6483515482868052,1.4549346928184888,-0.2131171915433764,-0.4599363731525088,0.339811365640069,-0.5254899116374125,-0.2149093127984561,0.5410515716045815,1.241568716212545,2.107191967468017,-0.8344005845872645,0.054826613740022,-0.4290034863380065,3.1018590378014115,-0.0806158680214567,-0.1825578565974858,-0.2989647123816893,1.4095265811869206,2.457521066973057,0.2026273363964781,0.3329919193191797,-0.9083451060242022
-0.4341798853153589,-0.4004250316508307,-0.0375503801587199,-0.3977188486978522,-0.6006331912722908,-0.1025511655173693,-0.797484333670673,-0.484000772783895,-0.5539115124408525,-0.6040115577816981,-0.539057378007905,-0.6936583276988406,-0.0510777392111037,0.8674382845449476,0.7448703474644359,-0.18567312628524,1.875004098526412,-0.8919430264447064,-0.082730184407668,-0.0970463781413462,0.4341698387618963,-0.4809988547154174,-0.576064392910523,-0.9059851322747566,-0.4904676350080633,0.0054245586513399,-1.0090010060328958,-0.1650148978817457,-0.7920160130317723,-0.8694819753243683,-0.105026324874296,-0.1915079623919492
0.4296372362189833,0.3144360034689937,0.0631139124110455,0.2818112417035271,-0.1596084768954652,0.1286493110363401,0.0826298504136378,-0.1084094268582554,0.2153096795984654,0.219414479573481,0.8632872757966125,0.5673065721753616,0.445187491183537,-0.3826161063402839,0.4980603834108756,-0.512976400137095,0.4426523410279722,1.379584434192952,0.4382499770522301,-0.3297721819531818,0.5288517262855869,0.7485461283830271,-0.6186785173422938,0.2876266488606367,-0.3098666532472835,1.7726602492833397,2.471734426718471,0.0824019382153033,0.1922279239834474,-0.6463810425440487,0.1358291421737789,-0.9083451060242022
0.0467800702696549,-0.2103952591823486,0.2366506304068424,-0.0622324489753856,-0.4237315378794889,-0.1428550609578763,-0.4272871701503537,-0.3560770322580233,-0.2933908689927043,-0.2891049812852636,-0.2884544764532458,-0.270941980396344,-0.2043044681012397,0.5664303232379279,-0.0627660760128107,-0.3795476980988942,-0.401799133015577,-0.2060659448232713,0.0357134367779285,-0.451547347204844,-0.0350014816507189,-0.0388875052039043,-0.7455858218693301,-0.5035186629036696,-0.5559105747636038,0.7624832386602584,-0.2197233887191853,-0.4895699098765943,-0.193004984070965,0.5830634787096943,0.3489756529280555,-0.5288430888071284
-0.4500685351684177,-0.804042862736019,-0.7139282168888367,-0.930306686217439,-0.8417814167228792,-0.9412961675998722,-0.8945958108808976,-0.6072468517896545,-0.8453400129736358,-0.8061255971819612,-0.950228241082124,-1.0075650522649366,-0.3100345425861195,0.4251605404794366,1.7599757938048577,2.445125901191275,-1.2466466771042315,-0.9406411055746452,-0.5327513058913766,-0.3090525977770498,2.595611458894491,0.8526211087347361,0.6411049410763716,-0.7670990930407418,-0.602695077383831,-0.4067551124062425,1.9103887212058603,-0.5941725566649548,-0.4803804651485308,0.5786584910264272,-0.3485836582951384,0.6096629628440963
-1.1835438141686836,-1.2672972490523928,-1.3382837405390793,-1.361657779495609,-1.0359365766518909,-1.3047603731743185,-1.0871217041057006,-0.7473253484052141,-1.098613012794483,-1.089975436264934,-1.1870895497629086,-1.0955161834252498,-1.099117760241202,-1.2715443130429729,-1.7867587834903431,-0.2201036644720352,-1.2367332728351137,-1.5428321347942515,-1.2211393461783508,-1.0250886522104603,-0.8020115316663434,-1.8961225690018508,0.0042499772884305,-0.4891875589007493,1.6294384206659,-1.6110429076946178,-0.9629010220759332,-1.1378527423274232,-0.4628332566757289,-0.4207629164363726,2.95634767709298,1.4530007788820396
-1.5780762767118544,-1.2853348071354005,-1.4890579459420763,-1.222049095906974,-0.995833489910634,-1.3752871343980937,-0.9106556014299652,-0.7676224166665411,-1.182741991337579,-1.1292218206044538,-1.2218892456038906,-1.1238214026959314,-1.078976541773571,-1.220572562616005,-1.4996104988353889,-0.2075688340426056,-1.0845366797339235,-1.195716734339504,-1.4169525199806638,-1.235145385985931,-0.8622252170476402,-1.9341062722645677,-0.203568452308037,-0.6024156062359433,4.1413003522225145,-0.9574999925953488,-0.4400345022290133,-1.2394731620678494,-0.875567537430426,0.2568046161466148,1.0172660559363758,1.6638352328915254
-2.049251818906184,-1.4635929427149093,-1.6649276531555992,-1.4865952568628196,-1.0718093845742451,-1.38010826948144,-1.5343806745373951,-0.7897148816589122,-1.2954099955327305,-1.2458967504700864,-1.2982376032005825,-1.1974835960832422,-1.082194364167608,-1.2346694123329596,-2.0913605913461977,3.567452208514911,-0.83148437929783,-1.3335130561407402,-1.5223491639851672,-1.3225103767929247,-1.2158505841827034,-2.0993382237308644,-0.1744423782199061,-0.8479379859169895,-0.5407959498009259,-1.5358284810537486,-0.8932423004808223,-1.4480044102094225,-0.6930246742878864,0.7295589439744146,-0.8762567137464611,1.916836577702909
0.0467800702696549,-0.2103952591823486,0.2366506304068424,-0.0622324489753856,-0.4237315378794889,-0.1428550609578763,-0.4272871701503537,-0.3560770322580233,-0.2933908689927043,-0.2891049812852636,-0.2884544764532458,-0.270941980396344,-0.2043044681012397,0.5664303232379279,-0.0627660760128107,-0.3795476980988942,-0.401799133015577,-0.2060659448232713,0.0357134367779285,-0.451547347204844,-0.0350014816507189,-0.0388875052039043,-0.7455858218693301,-0.5035186629036696,-0.5559105747636038,0.7624832386602584,-0.2197233887191853,-0.4895699098765943,-0.193004984070965,0.5830634787096943,0.3489756529280555,-0.5288430888071284
-2.049251818906184,-1.4635929427149093,-1.6649276531555992,-1.4865952568628196,-1.0718093845742451,-1.38010826948144,-1.5343806745373951,-0.7897148816589122,-1.2954099955327305,-1.2458967504700864,-1.2982376032005825,-1.1974835960832422,-1.082194364167608,-1.2346694123329596,-2.0913605913461977,3.567452208514911,-0.83148437929783,-1.3335130561407402,-1.5223491639851672,-1.3225103767929247,-1.2158505841827034,-2.0993382237308644,-0.1744423782199061,-0.8479379859169895,-0.5407959498009259,-1.5358284810537486,-0.8932423004808223,-1.4480044102094225,-0.6930246742878864,0.7295589439744146,-0.8762567137464611,1.916836577702909
-0.06839410960674286,0.03924909979104996,-0.0177198126912117,-0.0716400220990181,-0.10253775119781494,-0.07243284583091736,-0.05338441953063011,-0.1368144452571869,-0.05389239266514778,0.06157761812210083,-0.07837048172950745,-0.058478981256484985,-0.018706364557147026,-0.16762270033359528,-0.0747208222746849,0.11472200602293015,-0.03733410686254501,-0.06345126777887344,-0.04194415360689163,-0.023891396820545197,0.03771744668483734,0.03031712770462036,-0.0695238932967186,0.020287344232201576,-0.17675790190696716,-0.08793732523918152,0.03511662781238556,0.058787751942873,0.10212575644254684,-2.081030763738692,0.0091132705609736,-0.9505119968261
0.6855375000446186,0.5272580087947287,0.4098700047171378,0.4149360157491202,-0.1124764204575749,0.287711358359782,0.8469526161559459,-0.0830397255905054,0.3913669592505734,0.3952702634056066,0.716172467117703,0.7633874694033113,0.3615136772853074,-0.4554484223565174,-0.2054542743730885,-0.5258944873819824,-0.4386598384342483,0.602432550074947,0.4915292035677548,1.2996195397750414,-0.5607289098646239,0.5019006534769035,-0.839863014655845,0.2692422846232749,0.0799380666697927,0.9628989866854089,1.5479796141648436,0.3094578220931296,0.0663305189442173,-2.081030763738692,0.0091132705609736,-0.9505119968261
1.634837858667418,1.7729882357505662,1.8674153333131327,1.429949083765116,1.6780429700525057,2.172059489357648,1.6790122866640376,1.993554659292163,2.0307562624302022,1.926835236337584,1.749884425785262,2.0449552248717784,3.960464505677201,-0.0660993604272626,-0.0850344002534402,-0.5319627099526829,-0.8752893993309534,1.608096101698883,3.0007239522968066,2.016740303458169,0.508079324123444,0.538860820390863,0.0201191075369981,2.118188870963328,-0.2228815478213706,1.413103926953087,-0.0111438755025325,1.601757481569292,2.576056716219592,0.2024393611413101,-1.303588717536631,-0.9926788876279976
1.634837858667418,1.7729882357505662,1.8674153333131327,1.429949083765116,1.6780429700525057,2.172059489357648,1.6790122866640376,1.993554659292163,2.0307562624302022,1.926835236337584,1.749884425785262,2.0449552248717784,3.960464505677201,-0.0660993604272626,-0.0850344002534402,-0.5319627099526829,-0.8752893993309534,1.608096101698883,3.0007239522968066,2.016740303458169,0.508079324123444,0.538860820390863,0.0201191075369981,2.118188870963328,-0.2228815478213706,1.413103926953087,-0.0111438755025325,1.601757481569292,2.576056716219592,0.2024393611413101,-1.303588717536631,-0.9926788876279976
1.1539658311899037,1.4989383501797924,1.4303846071085575,1.260568463461363,1.6356166100434777,1.6797957828956886,1.6690842795081433,1.2624714635685748,1.7332414432264251,1.3725631888434169,1.6483515482868052,1.4549346928184888,-0.2131171915433764,-0.4599363731525088,0.339811365640069,-0.5254899116374125,-0.2149093127984561,0.5410515716045815,1.241568716212545,2.107191967468017,-0.8344005845872645,0.054826613740022,-0.4290034863380065,3.1018590378014115,-0.0806158680214567,-0.1825578565974858,-0.2989647123816893,1.4095265811869206,2.457521066973057,0.2026273363964781,0.3329919193191797,-0.9083451060242022
0.0467800702696549,-0.2103952591823486,0.2366506304068424,-0.0622324489753856,-0.4237315378794889,-0.1428550609578763,-0.4272871701503537,-0.3560770322580233,-0.2933908689927043,-0.2891049812852636,-0.2884544764532458,-0.270941980396344,-0.2043044681012397,0.5664303232379279,-0.0627660760128107,-0.3795476980988942,-0.401799133015577,-0.2060659448232713,0.0357134367779285,-0.451547347204844,-0.0350014816507189,-0.0388875052039043,-0.7455858218693301,-0.5035186629036696,-0.5559105747636038,0.7624832386602584,-0.2197233887191853,-0.4895699098765943,-0.193004984070965,0.5830634787096943,0.3489756529280555,-0.5288430888071284
-2.049251818906184,-1.4635929427149093,-1.6649276531555992,-1.4865952568628196,-1.0718093845742451,-1.38010826948144,-1.5343806745373951,-0.7897148816589122,-1.2954099955327305,-1.2458967504700864,-1.2982376032005825,-1.1974835960832422,-1.082194364167608,-1.2346694123329596,-2.0913605913461977,3.567452208514911,-0.83148437929783,-1.3335130561407402,-1.5223491639851672,-1.3225103767929247,-1.2158505841827034,-2.0993382237308644,-0.1744423782199061,-0.8479379859169895,-0.5407959498009259,-1.5358284810537486,-0.8932423004808223,-1.4480044102094225,-0.6930246742878864,0.7295589439744146,-0.8762567137464611,1.916836577702909
0.0467800702696549,-0.2103952591823486,0.2366506304068424,-0.0622324489753856,-0.4237315378794889,-0.1428550609578763,-0.4272871701503537,-0.3560770322580233,-0.2933908689927043,-0.2891049812852636,-0.2884544764532458,-0.270941980396344,-0.2043044681012397,0.5664303232379279,-0.0627660760128107,-0.3795476980988942,-0.401799133015577,-0.2060659448232713,0.0357134367779285,-0.451547347204844,-0.0350014816507189,-0.0388875052039043,-0.7455858218693301,-0.5035186629036696,-0.5559105747636038,0.7624832386602584,-0.2197233887191853,-0.4895699098765943,-0.193004984070965,0.5830634787096943,0.3489756529280555,-0.5288430888071284
-0.5745285435202541,-0.7765144752564597,-0.5751992379864717,-0.7992163669001149,-0.8177027273657801,-0.7173467534721248,-0.8363325429639088,-0.5742131336839111,-0.7670382376434155,-0.8129573881966833,-0.849634610036974,-0.9636646275362928,-0.6491641260273081,-0.5630090297976348,-0.7783204582238338,-0.5310212490243545,-1.3119788098607317,-1.1852342400183145,-0.7323769559484979,-0.7533711653600882,1.728639284692384,2.0057202606112225,-0.457066428414523,-0.7523673389974166,-0.6158731373205782,-0.7800026368429093,2.0020214428128376,-0.6877906615052742,-0.4861249146876194,1.325394764457715,-0.5000077824441818,0.3144947272308149
0.6855375000446186,0.5272580087947287,0.4098700047171378,0.4149360157491202,-0.1124764204575749,0.287711358359782,0.8469526161559459,-0.0830397255905054,0.3913669592505734,0.3952702634056066,0.716172467117703,0.7633874694033113,0.3615136772853074,-0.4554484223565174,-0.2054542743730885,-0.5258944873819824,-0.4386598384342483,0.602432550074947,0.4915292035677548,1.2996195397750414,-0.5607289098646239,0.5019006534769035,-0.839863014655845,0.2692422846232749,0.0799380666697927,0.9628989866854089,1.5479796141648436,0.3094578220931296,0.0663305189442173,-2.081030763738692,0.0091132705609736,-0.9505119968261
-0.08180341869592667,0.03040228970348835,0.021890435367822647,-0.01054450310766697,0.11152231693267822,0.12920379638671875,0.11574602127075195,-0.18892693519592285,-0.07343490421772003,0.13997219502925873,0.005917411297559738,0.026500530540943146,0.10668476670980453,-0.08590424060821533,-0.01845536008477211,-0.05398441478610039,-0.04665156081318855,-0.036496855318546295,-0.003097662702202797,-0.07384071499109268,0.16046875715255737,0.009293485432863235,-0.10107596963644028,-0.033378370106220245,-0.19059401750564575,0.09566710889339447,-0.032395537942647934,-0.08523804694414139,0.10962828248739243,0.9424333069675356,1.7336297650420915,-0.5288430888071284
0.983192792075464,1.1020824166112646,0.9226776199623192,1.640225002665529,1.2439880625355269,0.7174605080099606,0.8903608719760274,0.101166222600256,0.9278870679531032,0.7306315049228542,0.9126114247841016,1.0722955929186837,0.694464641299481,0.350609846104008,0.8214838740665491,-0.517517027943281,0.7417106811905301,1.218978238186035,0.4699147802429916,0.7814555286516912,-0.6273444023344623,0.6767095169977737,0.5140218403299434,0.185433001764305,0.2479964395158768,0.9804402356133564,-0.3293763887295823,1.1468193099008537,-0.2747586366040263,-0.1930318102188625,-1.378780271126029,-0.1071741807881566
-1.8177405464271457,-1.4388532237668776,-1.5779689073350345,-1.3772264440160389,-1.0236197216622258,-1.23545571060844,-1.3434664861303764,-0.7805788028106154,-1.2419807890274004,-1.1699044204033835,-1.2573590539125477,-1.168628529208759,-0.984068320917424,-0.6958373282231305,-1.4899613287632438,0.379109735733439,-0.5452502511264901,-0.5013146448547088,-1.3827034257535251,-1.2390819756604323,-0.9246118952292148,-1.8309815957481423,0.6343636453169,-0.7685873777248924,-0.4109397583861431,-1.3259284895922574,-0.2746446770053615,-1.3177671128297554,-0.9198094339051314,-0.3325285307608697,0.3067432080459878,1.7903359052972156
0.8454443473218137,0.7381022156175336,0.5796812001431201,0.7313108388436499,0.7054309108730238,0.4866340486619413,0.5160805139967659,-0.0029068255092302,0.5962815848891619,0.5276195773344942,0.884432825403475,0.9033165414191816,0.5123490471310708,2.992705418500113,0.5297947709208016,-0.5080008764831284,0.1531029236826901,1.010383328234441,0.3544231545878422,1.5509766059338237,0.1874693934631434,0.6568616979769254,0.2801136527889268,0.3604771049024036,0.1567971170558511,0.5630680291182092,0.6241748931716812,0.634580306640837,0.2959382459719454,-1.985435199804674,0.2518669137017295,-0.3180086347976425
1.1539658311899037,1.4989383501797924,1.4303846071085575,1.260568463461363,1.6356166100434777,1.6797957828956886,1.6690842795081433,1.2624714635685748,1.7332414432264251,1.3725631888434169,1.6483515482868052,1.4549346928184888,-0.2131171915433764,-0.4599363731525088,0.339811365640069,-0.5254899116374125,-0.2149093127984561,0.5410515716045815,1.241568716212545,2.107191967468017,-0.8344005845872645,0.054826613740022,-0.4290034863380065,3.1018590378014115,-0.0806158680214567,-0.1825578565974858,-0.2989647123816893,1.4095265811869206,2.457521066973057,0.2026273363964781,0.3329919193191797,-0.9083451060242022
0.9005578189485337,0.9130475682702142,0.9162822017641288,1.0304765820497424,0.9243640454515201,0.5765033099865878,0.5528644522971813,0.1279977481215704,0.8700281080643348,0.5515115788396165,0.8045957284376067,0.8591556168187905,0.6415140431315621,1.7269955282927685,1.1923559128078602,-0.5441045187264644,1.3822081794389185,0.5253702170962111,0.3383693647078018,0.6476088945311413,-0.4291588367802197,0.8139118633228898,0.04114579392277052,0.13072953928682304,0.18025647775222692,0.8233098908959425,-0.13076333123717482,0.6753040701409896,-0.2842936258603372,-0.33045869752899054,-1.768726294840578,-0.4048320566787833
0.4296372362189833,0.3144360034689937,0.0631139124110455,0.2818112417035271,-0.1596084768954652,0.1286493110363401,0.0826298504136378,-0.1084094268582554,0.2153096795984654,0.219414479573481,0.8632872757966125,0.5673065721753616,0.445187491183537,-0.3826161063402839,0.4980603834108756,-0.512976400137095,0.4426523410279722,1.379584434192952,0.4382499770522301,-0.3297721819531818,0.5288517262855869,0.7485461283830271,-0.6186785173422938,0.2876266488606367,-0.3098666532472835,1.7726602492833397,2.471734426718471,0.0824019382153033,0.1922279239834474,-0.6463810425440487,0.1358291421737789,-0.9083451060242022
0.8454443473218137,0.7381022156175336,0.5796812001431201,0.7313108388436499,0.7054309108730238,0.4866340486619413,0.5160805139967659,-0.0029068255092302,0.5962815848891619,0.5276195773344942,0.884432825403475,0.9033165414191816,0.5123490471310708,2.992705418500113,0.5297947709208016,-0.5080008764831284,0.1531029236826901,1.010383328234441,0.3544231545878422,1.5509766059338237,0.1874693934631434,0.6568616979769254,0.2801136527889268,0.3604771049024036,0.1567971170558511,0.5630680291182092,0.6241748931716812,0.634580306640837,0.2959382459719454,-1.985435199804674,0.2518669137017295,-0.3180086347976425
0.3486991707981831,0.0604298290035889,-0.183196526397,0.2618393737592187,-0.2851436872885191,0.1131049340312856,-0.0803240088387822,-0.1728893374408338,0.028133890622587,0.0089414856021664,0.6859085015263725,0.2768306814866749,0.3951699368406582,-0.57585755080946,-0.3232355344338599,-0.5026836959138499,1.0218893610684427,1.1399372593216934,1.3311169245020198,-0.3459290330492845,0.6767404938824108,0.4281219188301969,-0.6687923776886063,0.1102849883193637,-0.4127541607790779,0.8230814669840182,0.213965676546782,-0.3369596968403866,-0.2499977967714217,0.239573742207419,-0.018715816854753,-0.6131768704109208
1.1539658311899037,1.4989383501797924,1.4303846071085575,1.260568463461363,1.6356166100434777,1.6797957828956886,1.6690842795081433,1.2624714635685748,1.7332414432264251,1.3725631888434169,1.6483515482868052,1.4549346928184888,-0.2131171915433764,-0.4599363731525088,0.339811365640069,-0.5254899116374125,-0.2149093127984561,0.5410515716045815,1.241568716212545,2.107191967468017,-0.8344005845872645,0.054826613740022,-0.4290034863380065,3.1018590378014115,-0.0806158680214567,-0.1825578565974858,-0.2989647123816893,1.4095265811869206,2.457521066973057,0.2026273363964781,0.3329919193191797,-0.9083451060242022
0.8454443473218137,0.7381022156175336,0.5796812001431201,0.7313108388436499,0.7054309108730238,0.4866340486619413,0.5160805139967659,-0.0029068255092302,0.5962815848891619,0.5276195773344942,0.884432825403475,0.9033165414191816,0.5123490471310708,2.992705418500113,0.5297947709208016,-0.5080008764831284,0.1531029236826901,1.010383328234441,0.3544231545878422,1.5509766059338237,0.1874693934631434,0.6568616979769254,0.2801136527889268,0.3604771049024036,0.1567971170558511,0.5630680291182092,0.6241748931716812,0.634580306640837,0.2959382459719454,-1.985435199804674,0.2518669137017295,-0.3180086347976425
0.9382696426116536,1.1416519982126092,1.2102332836434913,1.0343545488989578,1.4559150365867248,1.2935778088026484,1.5842015315909932,3.560490452001116,1.23997676910106,1.7102740971459127,1.084159698008358,0.8246743121129014,-0.2381894834827992,0.2174610515513577,0.0672187867119359,-0.5269661429804581,1.7986034158173814,1.17758416406618,0.3961568823980797,0.2146267909512746,-0.97646750166389,-0.1223329843332899,4.267964212934988,0.791377963137693,-0.0916512712443571,-0.1416873362622927,-1.252710618095895,1.7932569016213578,0.490731179559206,-1.9857334464928411,-0.484893412407306,-2.215518720883015
-0.4341798853153589,-0.4004250316508307,-0.0375503801587199,-0.3977188486978522,-0.6006331912722908,-0.1025511655173693,-0.797484333670673,-0.484000772783895,-0.5539115124408525,-0.6040115577816981,-0.539057378007905,-0.6936583276988406,-0.0510777392111037,0.8674382845449476,0.7448703474644359,-0.18567312628524,1.875004098526412,-0.8919430264447064,-0.082730184407668,-0.0970463781413462,0.4341698387618963,-0.4809988547154174,-0.576064392910523,-0.9059851322747566,-0.4904676350080633,0.0054245586513399,-1.0090010060328958,-0.1650148978817457,-0.7920160130317723,-0.8694819753243683,-0.105026324874296,-0.1915079623919492
0.0467800702696549,-0.2103952591823486,0.2366506304068424,-0.0622324489753856,-0.4237315378794889,-0.1428550609578763,-0.4272871701503537,-0.3560770322580233,-0.2933908689927043,-0.2891049812852636,-0.2884544764532458,-0.270941980396344,-0.2043044681012397,0.5664303232379279,-0.0627660760128107,-0.3795476980988942,-0.401799133015577,-0.2060659448232713,0.0357134367779285,-0.451547347204844,-0.0350014816507189,-0.0388875052039043,-0.7455858218693301,-0.5035186629036696,-0.5559105747636038,0.7624832386602584,-0.2197233887191853,-0.4895699098765943,-0.193004984070965,0.5830634787096943,0.3489756529280555,-0.5288430888071284
-2.0340159649184626,-1.515592148026934,-1.6274050933652764,-1.439567021043259,-1.169361144006937,-1.445217244824556,-1.5279886543790309,-0.8055270112760914,-1.2962500534079449,-1.2885489468487654,-1.254267704457441,-1.1585939993117949,-1.0788928292895472,-1.178307351984558,-2.0679851242335956,3.524487585370749,-0.8130468400937051,-1.3814571861821903,-1.4784266489198035,-1.3250066723422373,-1.2250937023599664,-2.1333847009510616,-0.11331531128620459,-0.8556644600204296,-0.5622123409090813,-1.55343515857816,-0.8666268412031549,-1.4297322069912186,-0.6723880437080869,0.6135411433551073,-0.9244386359649013,1.8710787719106128
-1.1835438141686836,-1.2672972490523928,-1.3382837405390793,-1.361657779495609,-1.0359365766518909,-1.3047603731743185,-1.0871217041057006,-0.7473253484052141,-1.098613012794483,-1.089975436264934,-1.1870895497629086,-1.0955161834252498,-1.099117760241202,-1.2715443130429729,-1.7867587834903431,-0.2201036644720352,-1.2367332728351137,-1.5428321347942515,-1.2211393461783508,-1.0250886522104603,-0.8020115316663434,-1.8961225690018508,0.0042499772884305,-0.4891875589007493,1.6294384206659,-1.6110429076946178,-0.9629010220759332,-1.1378527423274232,-0.4628332566757289,-0.4207629164363726,2.95634767709298,1.4530007788820396
-0.8810783117396541,-1.0407688251149831,-0.9665990626702818,-1.1079743105460718,-0.9591641063766552,-1.178536870583221,-0.928220155359342,-0.6892353754491493,-1.0229030616193366,-0.958920492221353,-1.1456232424554982,-1.0867928378957792,-0.8712915654639134,-0.7991067990014123,-0.0885032282431639,0.716541283450604,-1.1660298459418963,-1.2739088465335198,-0.9740477199934728,-0.7889684315026569,0.6606857708229968,0.0344881661760446,0.0200004473130678,-0.7078372237712154,-0.6229471776811869,-1.422737771295585,-0.4064034053955426,-1.114733102527783,-0.5151758552056213,1.2156077646761765,0.0930767600510916,0.9891649800611702
0.8454443473218137,0.7381022156175336,0.5796812001431201,0.7313108388436499,0.7054309108730238,0.4866340486619413,0.5160805139967659,-0.0029068255092302,0.5962815848891619,0.5276195773344942,0.884432825403475,0.9033165414191816,0.5123490471310708,2.992705418500113,0.5297947709208016,-0.5080008764831284,0.1531029236826901,1.010383328234441,0.3544231545878422,1.5509766059338237,0.1874693934631434,0.6568616979769254,0.2801136527889268,0.3604771049024036,0.1567971170558511,0.5630680291182092,0.6241748931716812,0.634580306640837,0.2959382459719454,-1.985435199804674,0.2518669137017295,-0.3180086347976425
1.0190986195252,1.152229774260814,1.2234559989115197,1.0786029702229474,1.5173653734828687,1.2036108872204596,1.589945736011296,0.8812873114244072,1.392264325118416,1.9422960355466707,0.7405739363996474,1.0487285024532569,-0.2289378251411196,-0.6559376924616619,-0.226884683361937,-0.5266215184504065,0.2941594300632261,0.587545374332367,-0.120069575345784,0.9664019692599876,-1.3513780949494387,-0.1002744644203224,-0.3331732445739862,1.5001210715395754,0.1292668204918369,-0.5550288043891176,-0.693519828453495,1.341305667426587,2.386187389251882,0.9424333069675356,1.7336297650420915,-0.5288430888071284
0.0467800702696549,-0.2103952591823486,0.2366506304068424,-0.0622324489753856,-0.4237315378794889,-0.1428550609578763,-0.4272871701503537,-0.3560770322580233,-0.2933908689927043,-0.2891049812852636,-0.2884544764532458,-0.270941980396344,-0.2043044681012397,0.5664303232379279,-0.0627660760128107,-0.3795476980988942,-0.401799133015577,-0.2060659448232713,0.0357134367779285,-0.451547347204844,-0.0350014816507189,-0.0388875052039043,-0.7455858218693301,-0.5035186629036696,-0.5559105747636038,0.7624832386602584,-0.2197233887191853,-0.4895699098765943,-0.193004984070965,0.5830634787096943,0.3489756529280555,-0.5288430888071284
-0.4341798853153589,-0.4004250316508307,-0.0375503801587199,-0.3977188486978522,-0.6006331912722908,-0.1025511655173693,-0.797484333670673,-0.484000772783895,-0.5539115124408525,-0.6040115577816981,-0.539057378007905,-0.6936583276988406,-0.0510777392111037,0.8674382845449476,0.7448703474644359,-0.18567312628524,1.875004098526412,-0.8919430264447064,-0.082730184407668,-0.0970463781413462,0.4341698387618963,-0.4809988547154174,-0.576064392910523,-0.9059851322747566,-0.4904676350080633,0.0054245586513399,-1.0090010060328958,-0.1650148978817457,-0.7920160130317723,-0.8694819753243683,-0.105026324874296,-0.1915079623919492
-0.8810783117396541,-1.0407688251149831,-0.9665990626702818,-1.1079743105460718,-0.9591641063766552,-1.178536870583221,-0.928220155359342,-0.6892353754491493,-1.0229030616193366,-0.958920492221353,-1.1456232424554982,-1.0867928378957792,-0.8712915654639134,-0.7991067990014123,-0.0885032282431639,0.716541283450604,-1.1660298459418963,-1.2739088465335198,-0.9740477199934728,-0.7889684315026569,0.6606857708229968,0.0344881661760446,0.0200004473130678,-0.7078372237712154,-0.6229471776811869,-1.422737771295585,-0.4064034053955426,-1.114733102527783,-0.5151758552056213,1.2156077646761765,0.0930767600510916,0.9891649800611702
1.0190986195252,1.152229774260814,1.2234559989115197,1.0786029702229474,1.5173653734828687,1.2036108872204596,1.589945736011296,0.8812873114244072,1.392264325118416,1.9422960355466707,0.7405739363996474,1.0487285024532569,-0.2289378251411196,-0.6559376924616619,-0.226884683361937,-0.5266215184504065,0.2941594300632261,0.587545374332367,-0.120069575345784,0.9664019692599876,-1.3513780949494387,-0.1002744644203224,-0.3331732445739862,1.5001210715395754,0.1292668204918369,-0.5550288043891176,-0.693519828453495,1.341305667426587,2.386187389251882,0.9424333069675356,1.7336297650420915,-0.5288430888071284
0.0467800702696549,-0.2103952591823486,0.2366506304068424,-0.0622324489753856,-0.4237315378794889,-0.1428550609578763,-0.4272871701503537,-0.3560770322580233,-0.2933908689927043,-0.2891049812852636,-0.2884544764532458,-0.270941980396344,-0.2043044681012397,0.5664303232379279,-0.0627660760128107,-0.3795476980988942,-0.401799133015577,-0.2060659448232713,0.0357134367779285,-0.451547347204844,-0.0350014816507189,-0.0388875052039043,-0.7455858218693301,-0.5035186629036696,-0.5559105747636038,0.7624832386602584,-0.2197233887191853,-0.4895699098765943,-0.193004984070965,0.5830634787096943,0.3489756529280555,-0.5288430888071284
-0.4500685351684177,-0.804042862736019,-0.7139282168888367,-0.930306686217439,-0.8417814167228792,-0.9412961675998722,-0.8945958108808976,-0.6072468517896545,-0.8453400129736358,-0.8061255971819612,-0.950228241082124,-1.0075650522649366,-0.3100345425861195,0.4251605404794366,1.7599757938048577,2.445125901191275,-1.2466466771042315,-0.9406411055746452,-0.5327513058913766,-0.3090525977770498,2.595611458894491,0.8526211087347361,0.6411049410763716,-0.7670990930407418,-0.602695077383831,-0.4067551124062425,1.9103887212058603,-0.5941725566649548,-0.4803804651485308,0.5786584910264272,-0.3485836582951384,0.6096629628440963
0.3486991707981831,0.0604298290035889,-0.183196526397,0.2618393737592187,-0.2851436872885191,0.1131049340312856,-0.0803240088387822,-0.1728893374408338,0.028133890622587,0.0089414856021664,0.6859085015263725,0.2768306814866749,0.3951699368406582,-0.57585755080946,-0.3232355344338599,-0.5026836959138499,1.0218893610684427,1.1399372593216934,1.3311169245020198,-0.3459290330492845,0.6767404938824108,0.4281219188301969,-0.6687923776886063,0.1102849883193637,-0.4127541607790779,0.8230814669840182,0.213965676546782,-0.3369596968403866,-0.2499977967714217,0.239573742207419,-0.018715816854753,-0.6131768704109208
0.3486991707981831,0.0604298290035889,-0.183196526397,0.2618393737592187,-0.2851436872885191,0.1131049340312856,-0.0803240088387822,-0.1728893374408338,0.028133890622587,0.0089414856021664,0.6859085015263725,0.2768306814866749,0.3951699368406582,-0.57585755080946,-0.3232355344338599,-0.5026836959138499,1.0218893610684427,1.1399372593216934,1.3311169245020198,-0.3459290330492845,0.6767404938824108,0.4281219188301969,-0.6687923776886063,0.1102849883193637,-0.4127541607790779,0.8230814669840182,0.213965676546782,-0.3369596968403866,-0.2499977967714217,0.239573742207419,-0.018715816854753,-0.6131768704109208
-0.4158133146423159,-0.5156390671485809,-0.2295942353051585,-0.6815363809908588,-0.7163691545333031,-0.4274225629755183,-0.3756286776941668,-0.5314860397178413,-0.6768909132909836,-0.7180812905286489,-0.765431845959188,-0.8778925704699463,-0.4054678106528978,0.3640384560203087,-0.3124881293313158,-0.1421738718599445,0.4229523066499563,-1.0770248218508114,-0.4331963329288399,-0.7846209831731128,0.4401315817357081,0.9416018848439526,-0.6388604429073655,-0.8922957301086583,-0.6013986095765457,-1.0709722209675492,-0.7549626350899222,-0.4241782666737269,-0.758050734182464,0.9797529926203732,0.5567370804615919,-0.0650072899862589
-1.5780762767118544,-1.2853348071354005,-1.4890579459420763,-1.222049095906974,-0.995833489910634,-1.3752871343980937,-0.9106556014299652,-0.7676224166665411,-1.182741991337579,-1.1292218206044538,-1.2218892456038906,-1.1238214026959314,-1.078976541773571,-1.220572562616005,-1.4996104988353889,-0.2075688340426056,-1.0845366797339235,-1.195716734339504,-1.4169525199806638,-1.235145385985931,-0.8622252170476402,-1.9341062722645677,-0.203568452308037,-0.6024156062359433,4.1413003522225145,-0.9574999925953488,-0.4400345022290133,-1.2394731620678494,-0.875567537430426,0.2568046161466148,1.0172660559363758,1.6638352328915254
0.983192792075464,1.1020824166112646,0.9226776199623192,1.640225002665529,1.2439880625355269,0.7174605080099606,0.8903608719760274,0.101166222600256,0.9278870679531032,0.7306315049228542,0.9126114247841016,1.0722955929186837,0.694464641299481,0.350609846104008,0.8214838740665491,-0.517517027943281,0.7417106811905301,1.218978238186035,0.4699147802429916,0.7814555286516912,-0.6273444023344623,0.6767095169977737,0.5140218403299434,0.185433001764305,0.2479964395158768,0.9804402356133564,-0.3293763887295823,1.1468193099008537,-0.2747586366040263,-0.1930318102188625,-1.378780271126029,-0.1071741807881566
-0.146628175030077,-0.2247794030848548,0.159639443851783,0.0217310770682206,-0.4179719574252581,0.396919353180963,-0.4585407715421138,-0.4235569726939967,-0.4195386946653581,-0.4716462965312046,-0.4557055475343667,-0.415617459493911,0.3834618400441292,1.6947201316423053,1.224429902966411,-0.4775055142995487,0.5733935539831251,-0.4558204931889167,0.1255179781964903,-0.5347730235540413,0.1742642976740501,-0.2020494095453242,-0.5158164146917273,-0.7063836401374144,-0.5641261723582708,1.130617537610769,-0.4974024726721137,-0.4802841563456236,-0.489932151940465,1.8420303208297435,0.396288852094476,-0.3601755255995402
1.1539658311899037,1.4989383501797924,1.4303846071085575,1.260568463461363,1.6356166100434777,1.6797957828956886,1.6690842795081433,1.2624714635685748,1.7332414432264251,1.3725631888434169,1.6483515482868052,1.4549346928184888,-0.2131171915433764,-0.4599363731525088,0.339811365640069,-0.5254899116374125,-0.2149093127984561,0.5410515716045815,1.241568716212545,2.107191967468017,-0.8344005845872645,0.054826613740022,-0.4290034863380065,3.1018590378014115,-0.0806158680214567,-0.1825578565974858,-0.2989647123816893,1.4095265811869206,2.457521066973057,0.2026273363964781,0.3329919193191797,-0.9083451060242022
-1.1835438141686836,-1.2672972490523928,-1.3382837405390793,-1.361657779495609,-1.0359365766518909,-1.3047603731743185,-1.0871217041057006,-0.7473253484052141,-1.098613012794483,-1.089975436264934,-1.1870895497629086,-1.0955161834252498,-1.099117760241202,-1.2715443130429729,-1.7867587834903431,-0.2201036644720352,-1.2367332728351137,-1.5428321347942515,-1.2211393461783508,-1.0250886522104603,-0.8020115316663434,-1.8961225690018508,0.0042499772884305,-0.4891875589007493,1.6294384206659,-1.6110429076946178,-0.9629010220759332,-1.1378527423274232,-0.4628332566757289,-0.4207629164363726,2.95634767709298,1.4530007788820396
-0.7029019306446641,-1.0257794243251468,-0.8677667756119058,-1.0839827074462345,-0.8882969786261081,-1.0914740020068785,-0.6950027662446908,-0.6685160824158642,-0.9359900220491528,-0.8796152257153622,-1.076843502493566,-1.04002541427511,-0.4524985490577865,0.0442990391639978,1.74735073041983,0.9219796693900166,-1.119668381660177,-0.3998458052591225,-0.705423145487409,-0.6443974109225207,1.8494099182530264,-0.059090757393059,0.6884469036202724,-0.7307832436383805,-0.574874240527434,-0.4643174975093811,0.3500277542435302,-1.0529301402162157,-0.1355841172341096,0.3094723832560785,-0.0518429599688844,0.9048311984573746
-0.8810783117396541,-1.0407688251149831,-0.9665990626702818,-1.1079743105460718,-0.9591641063766552,-1.178536870583221,-0.928220155359342,-0.6892353754491493,-1.0229030616193366,-0.958920492221353,-1.1456232424554982,-1.0867928378957792,-0.8712915654639134,-0.7991067990014123,-0.0885032282431639,0.716541283450604,-1.1660298459418963,-1.2739088465335198,-0.9740477199934728,-0.7889684315026569,0.6606857708229968,0.0344881661760446,0.0200004473130678,-0.7078372237712154,-0.6229471776811869,-1.422737771295585,-0.4064034053955426,-1.114733102527783,-0.5151758552056213,1.2156077646761765,0.0930767600510916,0.9891649800611702
1.0190986195252,1.152229774260814,1.2234559989115197,1.0786029702229474,1.5173653734828687,1.2036108872204596,1.589945736011296,0.8812873114244072,1.392264325118416,1.9422960355466707,0.7405739363996474,1.0487285024532569,-0.2289378251411196,-0.6559376924616619,-0.226884683361937,-0.5266215184504065,0.2941594300632261,0.587545374332367,-0.120069575345784,0.9664019692599876,-1.3513780949494387,-0.1002744644203224,-0.3331732445739862,1.5001210715395754,0.1292668204918369,-0.5550288043891176,-0.693519828453495,1.341305667426587,2.386187389251882,0.9424333069675356,1.7336297650420915,-0.5288430888071284
0.0467800702696549,-0.2103952591823486,0.2366506304068424,-0.0622324489753856,-0.4237315378794889,-0.1428550609578763,-0.4272871701503537,-0.3560770322580233,-0.2933908689927043,-0.2891049812852636,-0.2884544764532458,-0.270941980396344,-0.2043044681012397,0.5664303232379279,-0.0627660760128107,-0.3795476980988942,-0.401799133015577,-0.2060659448232713,0.0357134367779285,-0.451547347204844,-0.0350014816507189,-0.0388875052039043,-0.7455858218693301,-0.5035186629036696,-0.5559105747636038,0.7624832386602584,-0.2197233887191853,-0.4895699098765943,-0.193004984070965,0.5830634787096943,0.3489756529280555,-0.5288430888071284
1.0190986195252,1.152229774260814,1.2234559989115197,1.0786029702229474,1.5173653734828687,1.2036108872204596,1.589945736011296,0.8812873114244072,1.392264325118416,1.9422960355466707,0.7405739363996474,1.0487285024532569,-0.2289378251411196,-0.6559376924616619,-0.226884683361937,-0.5266215184504065,0.2941594300632261,0.587545374332367,-0.120069575345784,0.9664019692599876,-1.3513780949494387,-0.1002744644203224,-0.3331732445739862,1.5001210715395754,0.1292668204918369,-0.5550288043891176,-0.693519828453495,1.341305667426587,2.386187389251882,0.9424333069675356,1.7336297650420915,-0.5288430888071284
-1.5780762767118544,-1.2853348071354005,-1.4890579459420763,-1.222049095906974,-0.995833489910634,-1.3752871343980937,-0.9106556014299652,-0.7676224166665411,-1.182741991337579,-1.1292218206044538,-1.2218892456038906,-1.1238214026959314,-1.078976541773571,-1.220572562616005,-1.4996104988353889,-0.2075688340426056,-1.0845366797339235,-1.195716734339504,-1.4169525199806638,-1.235145385985931,-0.8622252170476402,-1.9341062722645677,-0.203568452308037,-0.6024156062359433,4.1413003522225145,-0.9574999925953488,-0.4400345022290133,-1.2394731620678494,-0.875567537430426,0.2568046161466148,1.0172660559363758,1.6638352328915254
0.1563744058565792,-0.0473135785659083,-0.437947221286496,0.0779235928882436,-0.3552896802750338,-0.0569389117557756,-0.1057964546760315,-0.2471085129295573,-0.1417601228386564,-0.1154023208721778,-0.0975742826787961,-0.0181070625941167,0.3543296910720463,-0.7932946046057785,-0.2453857091845438,-0.1902125193285793,1.4619925803114764,0.2582537084610392,0.3817667709642701,-0.3333836018088461,-0.2642288075705569,0.4078178993579289,-0.6476190236006003,-0.3836180708126383,-0.4759550769782965,1.162357007277984,0.1014171605667137,0.2698416903947453,-0.6985523288324258,-0.1443179207895172,0.1793802176413217,-0.3180086347976425
0.8454443473218137,0.7381022156175336,0.5796812001431201,0.7313108388436499,0.7054309108730238,0.4866340486619413,0.5160805139967659,-0.0029068255092302,0.5962815848891619,0.5276195773344942,0.884432825403475,0.9033165414191816,0.5123490471310708,2.992705418500113,0.5297947709208016,-0.5080008764831284,0.1531029236826901,1.010383328234441,0.3544231545878422,1.5509766059338237,0.1874693934631434,0.6568616979769254,0.2801136527889268,0.3604771049024036,0.1567971170558511,0.5630680291182092,0.6241748931716812,0.634580306640837,0.2959382459719454,-1.985435199804674,0.2518669137017295,-0.3180086347976425
0.983192792075464,1.1020824166112646,0.9226776199623192,1.640225002665529,1.2439880625355269,0.7174605080099606,0.8903608719760274,0.101166222600256,0.9278870679531032,0.7306315049228542,0.9126114247841016,1.0722955929186837,0.694464641299481,0.350609846104008,0.8214838740665491,-0.517517027943281,0.7417106811905301,1.218978238186035,0.4699147802429916,0.7814555286516912,-0.6273444023344623,0.6767095169977737,0.5140218403299434,0.185433001764305,0.2479964395158768,0.9804402356133564,-0.3293763887295823,1.1468193099008537,-0.2747586366040263,-0.1930318102188625,-1.378780271126029,-0.1071741807881566
1.634837858667418,1.7729882357505662,1.8674153333131327,1.429949083765116,1.6780429700525057,2.172059489357648,1.6790122866640376,1.993554659292163,2.0307562624302022,1.926835236337584,1.749884425785262,2.0449552248717784,3.960464505677201,-0.0660993604272626,-0.0850344002534402,-0.5319627099526829,-0.8752893993309534,1.608096101698883,3.0007239522968066,2.016740303458169,0.508079324123444,0.538860820390863,0.0201191075369981,2.118188870963328,-0.2228815478213706,1.413103926953087,-0.0111438755025325,1.601757481569292,2.576056716219592,0.2024393611413101,-1.303588717536631,-0.9926788876279976
0.8454443473218137,0.7381022156175336,0.5796812001431201,0.7313108388436499,0.7054309108730238,0.4866340486619413,0.5160805139967659,-0.0029068255092302,0.5962815848891619,0.5276195773344942,0.884432825403475,0.9033165414191816,0.5123490471310708,2.992705418500113,0.5297947709208016,-0.5080008764831284,0.1531029236826901,1.010383328234441,0.3544231545878422,1.5509766059338237,0.1874693934631434,0.6568616979769254,0.2801136527889268,0.3604771049024036,0.1567971170558511,0.5630680291182092,0.6241748931716812,0.634580306640837,0.2959382459719454,-1.985435199804674,0.2518669137017295,-0.3180086347976425
-0.7029019306446641,-1.0257794243251468,-0.8677667756119058,-1.0839827074462345,-0.8882969786261081,-1.0914740020068785,-0.6950027662446908,-0.6685160824158642,-0.9359900220491528,-0.8796152257153622,-1.076843502493566,-1.04002541427511,-0.4524985490577865,0.0442990391639978,1.74735073041983,0.9219796693900166,-1.119668381660177,-0.3998458052591225,-0.705423145487409,-0.6443974109225207,1.8494099182530264,-0.059090757393059,0.6884469036202724,-0.7307832436383805,-0.574874240527434,-0.4643174975093811,0.3500277542435302,-1.0529301402162157,-0.1355841172341096,0.3094723832560785,-0.0518429599688844,0.9048311984573746
0.4296372362189833,0.3144360034689937,0.0631139124110455,0.2818112417035271,-0.1596084768954652,0.1286493110363401,0.0826298504136378,-0.1084094268582554,0.2153096795984654,0.219414479573481,0.8632872757966125,0.5673065721753616,0.445187491183537,-0.3826161063402839,0.4980603834108756,-0.512976400137095,0.4426523410279722,1.379584434192952,0.4382499770522301,-0.3297721819531818,0.5288517262855869,0.7485461283830271,-0.6186785173422938,0.2876266488606367,-0.3098666532472835,1.7726602492833397,2.471734426718471,0.0824019382153033,0.1922279239834474,-0.6463810425440487,0.1358291421737789,-0.9083451060242022
1.0190986195252,1.152229774260814,1.2234559989115197,1.0786029702229474,1.5173653734828687,1.2036108872204596,1.589945736011296,0.8812873114244072,1.392264325118416,1.9422960355466707,0.7405739363996474,1.0487285024532569,-0.2289378251411196,-0.6559376924616619,-0.226884683361937,-0.5266215184504065,0.2941594300632261,0.587545374332367,-0.120069575345784,0.9664019692599876,-1.3513780949494387,-0.1002744644203224,-0.3331732445739862,1.5001210715395754,0.1292668204918369,-0.5550288043891176,-0.693519828453495,1.341305667426587,2.386187389251882,0.9424333069675356,1.7336297650420915,-0.5288430888071284
0.983192792075464,1.1020824166112646,0.9226776199623192,1.640225002665529,1.2439880625355269,0.7174605080099606,0.8903608719760274,0.101166222600256,0.9278870679531032,0.7306315049228542,0.9126114247841016,1.0722955929186837,0.694464641299481,0.350609846104008,0.8214838740665491,-0.517517027943281,0.7417106811905301,1.218978238186035,0.4699147802429916,0.7814555286516912,-0.6273444023344623,0.6767095169977737,0.5140218403299434,0.185433001764305,0.2479964395158768,0.9804402356133564,-0.3293763887295823,1.1468193099008537,-0.2747586366040263,-0.1930318102188625,-1.378780271126029,-0.1071741807881566
-0.5745285435202541,-0.7765144752564597,-0.5751992379864717,-0.7992163669001149,-0.8177027273657801,-0.7173467534721248,-0.8363325429639088,-0.5742131336839111,-0.7670382376434155,-0.8129573881966833,-0.849634610036974,-0.9636646275362928,-0.6491641260273081,-0.5630090297976348,-0.7783204582238338,-0.5310212490243545,-1.3119788098607317,-1.1852342400183145,-0.7323769559484979,-0.7533711653600882,1.728639284692384,2.0057202606112225,-0.457066428414523,-0.7523673389974166,-0.6158731373205782,-0.7800026368429093,2.0020214428128376,-0.6877906615052742,-0.4861249146876194,1.325394764457715,-0.5000077824441818,0.3144947272308149
0.0467800702696549,-0.2103952591823486,0.2366506304068424,-0.0622324489753856,-0.4237315378794889,-0.1428550609578763,-0.4272871701503537,-0.3560770322580233,-0.2933908689927043,-0.2891049812852636,-0.2884544764532458,-0.270941980396344,-0.2043044681012397,0.5664303232379279,-0.0627660760128107,-0.3795476980988942,-0.401799133015577,-0.2060659448232713,0.0357134367779285,-0.451547347204844,-0.0350014816507189,-0.0388875052039043,-0.7455858218693301,-0.5035186629036696,-0.5559105747636038,0.7624832386602584,-0.2197233887191853,-0.4895699098765943,-0.193004984070965,0.5830634787096943,0.3489756529280555,-0.5288430888071284
0.0467800702696549,-0.2103952591823486,0.2366506304068424,-0.0622324489753856,-0.4237315378794889,-0.1428550609578763,-0.4272871701503537,-0.3560770322580233,-0.2933908689927043,-0.2891049812852636,-0.2884544764532458,-0.270941980396344,-0.2043044681012397,0.5664303232379279,-0.0627660760128107,-0.3795476980988942,-0.401799133015577,-0.2060659448232713,0.0357134367779285,-0.451547347204844,-0.0350014816507189,-0.0388875052039043,-0.7455858218693301,-0.5035186629036696,-0.5559105747636038,0.7624832386602584,-0.2197233887191853,-0.4895699098765943,-0.193004984070965,0.5830634787096943,0.3489756529280555,-0.5288430888071284
0.6855375000446186,0.5272580087947287,0.4098700047171378,0.4149360157491202,-0.1124764204575749,0.287711358359782,0.8469526161559459,-0.0830397255905054,0.3913669592505734,0.3952702634056066,0.716172467117703,0.7633874694033113,0.3615136772853074,-0.4554484223565174,-0.2054542743730885,-0.5258944873819824,-0.4386598384342483,0.602432550074947,0.4915292035677548,1.2996195397750414,-0.5607289098646239,0.5019006534769035,-0.839863014655845,0.2692422846232749,0.0799380666697927,0.9628989866854089,1.5479796141648436,0.3094578220931296,0.0663305189442173,-2.081030763738692,0.0091132705609736,-0.9505119968261
1.114114137712036,1.26413809678729,1.1093930233168448,1.1551972307690133,1.5278651304857676,0.7984655912314208,0.9889519780990071,0.1751527931446096,1.0950223940505397,0.8695321188411641,0.9680255748336036,0.9959033956679466,0.0928106393058414,0.0450916862427815,0.2921560412127261,-0.5021636455647591,0.328571119854515,0.8765959889034596,0.5038223662591116,0.6150408187183574,-0.9049502736531188,0.1417344095987635,-0.2457642652961151,0.2360924541700465,0.5743406024128863,0.0998047498933392,-0.965468677948361,1.1759715707941651,-0.2002712978201468,-0.3924403201656704,-1.5004103977846484,-0.2758417439957447
-0.7029019306446641,-1.0257794243251468,-0.8677667756119058,-1.0839827074462345,-0.8882969786261081,-1.0914740020068785,-0.6950027662446908,-0.6685160824158642,-0.9359900220491528,-0.8796152257153622,-1.076843502493566,-1.04002541427511,-0.4524985490577865,0.0442990391639978,1.74735073041983,0.9219796693900166,-1.119668381660177,-0.3998458052591225,-0.705423145487409,-0.6443974109225207,1.8494099182530264,-0.059090757393059,0.6884469036202724,-0.7307832436383805,-0.574874240527434,-0.4643174975093811,0.3500277542435302,-1.0529301402162157,-0.1355841172341096,0.3094723832560785,-0.0518429599688844,0.9048311984573746
1.0190986195252,1.152229774260814,1.2234559989115197,1.0786029702229474,1.5173653734828687,1.2036108872204596,1.589945736011296,0.8812873114244072,1.392264325118416,1.9422960355466707,0.7405739363996474,1.0487285024532569,-0.2289378251411196,-0.6559376924616619,-0.226884683361937,-0.5266215184504065,0.2941594300632261,0.587545374332367,-0.120069575345784,0.9664019692599876,-1.3513780949494387,-0.1002744644203224,-0.3331732445739862,1.5001210715395754,0.1292668204918369,-0.5550288043891176,-0.693519828453495,1.341305667426587,2.386187389251882,0.9424333069675356,1.7336297650420915,-0.5288430888071284
-0.4500685351684177,-0.804042862736019,-0.7139282168888367,-0.930306686217439,-0.8417814167228792,-0.9412961675998722,-0.8945958108808976,-0.6072468517896545,-0.8453400129736358,-0.8061255971819612,-0.950228241082124,-1.0075650522649366,-0.3100345425861195,0.4251605404794366,1.7599757938048577,2.445125901191275,-1.2466466771042315,-0.9406411055746452,-0.5327513058913766,-0.3090525977770498,2.595611458894491,0.8526211087347361,0.6411049410763716,-0.7670990930407418,-0.602695077383831,-0.4067551124062425,1.9103887212058603,-0.5941725566649548,-0.4803804651485308,0.5786584910264272,-0.3485836582951384,0.6096629628440963
1.0190986195252,1.152229774260814,1.2234559989115197,1.0786029702229474,1.5173653734828687,1.2036108872204596,1.589945736011296,0.8812873114244072,1.392264325118416,1.9422960355466707,0.7405739363996474,1.0487285024532569,-0.2289378251411196,-0.6559376924616619,-0.226884683361937,-0.5266215184504065,0.2941594300632261,0.587545374332367,-0.120069575345784,0.9664019692599876,-1.3513780949494387,-0.1002744644203224,-0.3331732445739862,1.5001210715395754,0.1292668204918369,-0.5550288043891176,-0.693519828453495,1.341305667426587,2.386187389251882,0.9424333069675356,1.7336297650420915,-0.5288430888071284
-1.1835438141686836,-1.2672972490523928,-1.3382837405390793,-1.361657779495609,-1.0359365766518909,-1.3047603731743185,-1.0871217041057006,-0.7473253484052141,-1.098613012794483,-1.089975436264934,-1.1870895497629086,-1.0955161834252498,-1.099117760241202,-1.2715443130429729,-1.7867587834903431,-0.2201036644720352,-1.2367332728351137,-1.5428321347942515,-1.2211393461783508,-1.0250886522104603,-0.8020115316663434,-1.8961225690018508,0.0042499772884305,-0.4891875589007493,1.6294384206659,-1.6110429076946178,-0.9629010220759332,-1.1378527423274232,-0.4628332566757289,-0.4207629164363726,2.95634767709298,1.4530007788820396
-1.1835438141686836,-1.2672972490523928,-1.3382837405390793,-1.361657779495609,-1.0359365766518909,-1.3047603731743185,-1.0871217041057006,-0.7473253484052141,-1.098613012794483,-1.089975436264934,-1.1870895497629086,-1.0955161834252498,-1.099117760241202,-1.2715443130429729,-1.7867587834903431,-0.2201036644720352,-1.2367332728351137,-1.5428321347942515,-1.2211393461783508,-1.0250886522104603,-0.8020115316663434,-1.8961225690018508,0.0042499772884305,-0.4891875589007493,1.6294384206659,-1.6110429076946178,-0.9629010220759332,-1.1378527423274232,-0.4628332566757289,-0.4207629164363726,2.95634767709298,1.4530007788820396
1.0190986195252,1.152229774260814,1.2234559989115197,1.0786029702229474,1.5173653734828687,1.2036108872204596,1.589945736011296,0.8812873114244072,1.392264325118416,1.9422960355466707,0.7405739363996474,1.0487285024532569,-0.2289378251411196,-0.6559376924616619,-0.226884683361937,-0.5266215184504065,0.2941594300632261,0.587545374332367,-0.120069575345784,0.9664019692599876,-1.3513780949494387,-0.1002744644203224,-0.3331732445739862,1.5001210715395754,0.1292668204918369,-0.5550288043891176,-0.693519828453495,1.341305667426587,2.386187389251882,0.9424333069675356,1.7336297650420915,-0.5288430888071284
0.0467800702696549,-0.2103952591823486,0.2366506304068424,-0.0622324489753856,-0.4237315378794889,-0.1428550609578763,-0.4272871701503537,-0.3560770322580233,-0.2933908689927043,-0.2891049812852636,-0.2884544764532458,-0.270941980396344,-0.2043044681012397,0.5664303232379279,-0.0627660760128107,-0.3795476980988942,-0.401799133015577,-0.2060659448232713,0.0357134367779285,-0.451547347204844,-0.0350014816507189,-0.0388875052039043,-0.7455858218693301,-0.5035186629036696,-0.5559105747636038,0.7624832386602584,-0.2197233887191853,-0.4895699098765943,-0.193004984070965,0.5830634787096943,0.3489756529280555,-0.5288430888071284
-0.8810783117396541,-1.0407688251149831,-0.9665990626702818,-1.1079743105460718,-0.9591641063766552,-1.178536870583221,-0.928220155359342,-0.6892353754491493,-1.0229030616193366,-0.958920492221353,-1.1456232424554982,-1.0867928378957792,-0.8712915654639134,-0.7991067990014123,-0.0885032282431639,0.716541283450604,-1.1660298459418963,-1.2739088465335198,-0.9740477199934728,-0.7889684315026569,0.6606857708229968,0.0344881661760446,0.0200004473130678,-0.7078372237712154,-0.6229471776811869,-1.422737771295585,-0.4064034053955426,-1.114733102527783,-0.5151758552056213,1.2156077646761765,0.0930767600510916,0.9891649800611702
-0.8810783117396541,-1.0407688251149831,-0.9665990626702818,-1.1079743105460718,-0.9591641063766552,-1.178536870583221,-0.928220155359342,-0.6892353754491493,-1.0229030616193366,-0.958920492221353,-1.1456232424554982,-1.0867928378957792,-0.8712915654639134,-0.7991067990014123,-0.0885032282431639,0.716541283450604,-1.1660298459418963,-1.2739088465335198,-0.9740477199934728,-0.7889684315026569,0.6606857708229968,0.0344881661760446,0.0200004473130678,-0.7078372237712154,-0.6229471776811869,-1.422737771295585,-0.4064034053955426,-1.114733102527783,-0.5151758552056213,1.2156077646761765,0.0930767600510916,0.9891649800611702
-0.146628175030077,-0.2247794030848548,0.159639443851783,0.0217310770682206,-0.4179719574252581,0.396919353180963,-0.4585407715421138,-0.4235569726939967,-0.4195386946653581,-0.4716462965312046,-0.4557055475343667,-0.415617459493911,0.3834618400441292,1.6947201316423053,1.224429902966411,-0.4775055142995487,0.5733935539831251,-0.4558204931889167,0.1255179781964903,-0.5347730235540413,0.1742642976740501,-0.2020494095453242,-0.5158164146917273,-0.7063836401374144,-0.5641261723582708,1.130617537610769,-0.4974024726721137,-0.4802841563456236,-0.489932151940465,1.8420303208297435,0.396288852094476,-0.3601755255995402
1.0499820088914755,1.0925152172765116,0.9928686895656471,1.6180982170709197,1.3167403413490624,0.7240347988502333,0.9032723131421622,0.17940212368375122,0.9097985440808946,0.6835754001266063,0.8901832143826839,1.0949122904508406,0.6161766876904553,0.3824833912365641,0.7945453081856619,-0.46012639490660284,0.6219976659455064,1.1796499494308266,0.3855913726812865,0.7401440553334936,-0.6149611072790152,0.6677481857252859,0.5013529618825426,0.17747375819530195,0.258165851546874,0.9300134335162009,-0.29403390668462975,1.179952608420128,-0.25550673972122123,-0.1924592456353298,-1.3937435063202919,-0.1579275760745974
0.6855375000446186,0.5272580087947287,0.4098700047171378,0.4149360157491202,-0.1124764204575749,0.287711358359782,0.8469526161559459,-0.0830397255905054,0.3913669592505734,0.3952702634056066,0.716172467117703,0.7633874694033113,0.3615136772853074,-0.4554484223565174,-0.2054542743730885,-0.5258944873819824,-0.4386598384342483,0.602432550074947,0.4915292035677548,1.2996195397750414,-0.5607289098646239,0.5019006534769035,-0.839863014655845,0.2692422846232749,0.0799380666697927,0.9628989866854089,1.5479796141648436,0.3094578220931296,0.0663305189442173,-2.081030763738692,0.0091132705609736,-0.9505119968261
0.4296372362189833,0.3144360034689937,0.0631139124110455,0.2818112417035271,-0.1596084768954652,0.1286493110363401,0.0826298504136378,-0.1084094268582554,0.2153096795984654,0.219414479573481,0.8632872757966125,0.5673065721753616,0.445187491183537,-0.3826161063402839,0.4980603834108756,-0.512976400137095,0.4426523410279722,1.379584434192952,0.4382499770522301,-0.3297721819531818,0.5288517262855869,0.7485461283830271,-0.6186785173422938,0.2876266488606367,-0.3098666532472835,1.7726602492833397,2.471734426718471,0.0824019382153033,0.1922279239834474,-0.6463810425440487,0.1358291421737789,-0.9083451060242022
-0.7029019306446641,-1.0257794243251468,-0.8677667756119058,-1.0839827074462345,-0.8882969786261081,-1.0914740020068785,-0.6950027662446908,-0.6685160824158642,-0.9359900220491528,-0.8796152257153622,-1.076843502493566,-1.04002541427511,-0.4524985490577865,0.0442990391639978,1.74735073041983,0.9219796693900166,-1.119668381660177,-0.3998458052591225,-0.705423145487409,-0.6443974109225207,1.8494099182530264,-0.059090757393059,0.6884469036202724,-0.7307832436383805,-0.574874240527434,-0.4643174975093811,0.3500277542435302,-1.0529301402162157,-0.1355841172341096,0.3094723832560785,-0.0518429599688844,0.9048311984573746
-0.146628175030077,-0.2247794030848548,0.159639443851783,0.0217310770682206,-0.4179719574252581,0.396919353180963,-0.4585407715421138,-0.4235569726939967,-0.4195386946653581,-0.4716462965312046,-0.4557055475343667,-0.415617459493911,0.3834618400441292,1.6947201316423053,1.224429902966411,-0.4775055142995487,0.5733935539831251,-0.4558204931889167,0.1255179781964903,-0.5347730235540413,0.1742642976740501,-0.2020494095453242,-0.5158164146917273,-0.7063836401374144,-0.5641261723582708,1.130617537610769,-0.4974024726721137,-0.4802841563456236,-0.489932151940465,1.8420303208297435,0.396288852094476,-0.3601755255995402
-1.1835438141686836,-1.2672972490523928,-1.3382837405390793,-1.361657779495609,-1.0359365766518909,-1.3047603731743185,-1.0871217041057006,-0.7473253484052141,-1.098613012794483,-1.089975436264934,-1.1870895497629086,-1.0955161834252498,-1.099117760241202,-1.2715443130429729,-1.7867587834903431,-0.2201036644720352,-1.2367332728351137,-1.5428321347942515,-1.2211393461783508,-1.0250886522104603,-0.8020115316663434,-1.8961225690018508,0.0042499772884305,-0.4891875589007493,1.6294384206659,-1.6110429076946178,-0.9629010220759332,-1.1378527423274232,-0.4628332566757289,-0.4207629164363726,2.95634767709298,1.4530007788820396
0.983192792075464,1.1020824166112646,0.9226776199623192,1.640225002665529,1.2439880625355269,0.7174605080099606,0.8903608719760274,0.101166222600256,0.9278870679531032,0.7306315049228542,0.9126114247841016,1.0722955929186837,0.694464641299481,0.350609846104008,0.8214838740665491,-0.517517027943281,0.7417106811905301,1.218978238186035,0.4699147802429916,0.7814555286516912,-0.6273444023344623,0.6767095169977737,0.5140218403299434,0.185433001764305,0.2479964395158768,0.9804402356133564,-0.3293763887295823,1.1468193099008537,-0.2747586366040263,-0.1930318102188625,-1.378780271126029,-0.1071741807881566
-0.09793976694345474,0.00436057336628437,-0.13704238831996918,-0.059546537697315216,-0.040673911571502686,-0.21841424703598022,-0.030878249555826187,-0.04396461695432663,-0.11134633421897888,-0.13294591009616852,0.07452714443206787,-0.03226993978023529,-0.11155936121940613,-0.10881489515304565,-0.031210044398903847,0.3742433488368988,-0.23835457861423492,-0.13949735462665558,-0.15020376443862915,-0.06413009762763977,0.08219623565673828,-0.022470150142908096,-0.11805295944213867,-0.14742779731750488,-0.21662023663520813,-0.18837329745292664,0.32680651545524597,-0.04094117134809494,0.03335762768983841,1.2156077646761765,0.0930767600510916,0.9891649800611702
-0.7029019306446641,-1.0257794243251468,-0.8677667756119058,-1.0839827074462345,-0.8882969786261081,-1.0914740020068785,-0.6950027662446908,-0.6685160824158642,-0.9359900220491528,-0.8796152257153622,-1.076843502493566,-1.04002541427511,-0.4524985490577865,0.0442990391639978,1.74735073041983,0.9219796693900166,-1.119668381660177,-0.3998458052591225,-0.705423145487409,-0.6443974109225207,1.8494099182530264,-0.059090757393059,0.6884469036202724,-0.7307832436383805,-0.574874240527434,-0.4643174975093811,0.3500277542435302,-1.0529301402162157,-0.1355841172341096,0.3094723832560785,-0.0518429599688844,0.9048311984573746
-0.4341798853153589,-0.4004250316508307,-0.0375503801587199,-0.3977188486978522,-0.6006331912722908,-0.1025511655173693,-0.797484333670673,-0.484000772783895,-0.5539115124408525,-0.6040115577816981,-0.539057378007905,-0.6936583276988406,-0.0510777392111037,0.8674382845449476,0.7448703474644359,-0.18567312628524,1.875004098526412,-0.8919430264447064,-0.082730184407668,-0.0970463781413462,0.4341698387618963,-0.4809988547154174,-0.576064392910523,-0.9059851322747566,-0.4904676350080633,0.0054245586513399,-1.0090010060328958,-0.1650148978817457,-0.7920160130317723,-0.8694819753243683,-0.105026324874296,-0.1915079623919492
1.1539658311899037,1.4989383501797924,1.4303846071085575,1.260568463461363,1.6356166100434777,1.6797957828956886,1.6690842795081433,1.2624714635685748,1.7332414432264251,1.3725631888434169,1.6483515482868052,1.4549346928184888,-0.2131171915433764,-0.4599363731525088,0.339811365640069,-0.5254899116374125,-0.2149093127984561,0.5410515716045815,1.241568716212545,2.107191967468017,-0.8344005845872645,0.054826613740022,-0.4290034863380065,3.1018590378014115,-0.0806158680214567,-0.1825578565974858,-0.2989647123816893,1.4095265811869206,2.457521066973057,0.2026273363964781,0.3329919193191797,-0.9083451060242022
-0.5745285435202541,-0.7765144752564597,-0.5751992379864717,-0.7992163669001149,-0.8177027273657801,-0.7173467534721248,-0.8363325429639088,-0.5742131336839111,-0.7670382376434155,-0.8129573881966833,-0.849634610036974,-0.9636646275362928,-0.6491641260273081,-0.5630090297976348,-0.7783204582238338,-0.5310212490243545,-1.3119788098607317,-1.1852342400183145,-0.7323769559484979,-0.7533711653600882,1.728639284692384,2.0057202606112225,-0.457066428414523,-0.7523673389974166,-0.6158731373205782,-0.7800026368429093,2.0020214428128376,-0.6877906615052742,-0.4861249146876194,1.325394764457715,-0.5000077824441818,0.3144947272308149
0.6855375000446186,0.5272580087947287,0.4098700047171378,0.4149360157491202,-0.1124764204575749,0.287711358359782,0.8469526161559459,-0.0830397255905054,0.3913669592505734,0.3952702634056066,0.716172467117703,0.7633874694033113,0.3615136772853074,-0.4554484223565174,-0.2054542743730885,-0.5258944873819824,-0.4386598384342483,0.602432550074947,0.4915292035677548,1.2996195397750414,-0.5607289098646239,0.5019006534769035,-0.839863014655845,0.2692422846232749,0.0799380666697927,0.9628989866854089,1.5479796141648436,0.3094578220931296,0.0663305189442173,-2.081030763738692,0.0091132705609736,-0.9505119968261
-1.8177405464271457,-1.4388532237668776,-1.5779689073350345,-1.3772264440160389,-1.0236197216622258,-1.23545571060844,-1.3434664861303764,-0.7805788028106154,-1.2419807890274004,-1.1699044204033835,-1.2573590539125477,-1.168628529208759,-0.984068320917424,-0.6958373282231305,-1.4899613287632438,0.379109735733439,-0.5452502511264901,-0.5013146448547088,-1.3827034257535251,-1.2390819756604323,-0.9246118952292148,-1.8309815957481423,0.6343636453169,-0.7685873777248924,-0.4109397583861431,-1.3259284895922574,-0.2746446770053615,-1.3177671128297554,-0.9198094339051314,-0.3325285307608697,0.3067432080459878,1.7903359052972156
0.6855375000446186,0.5272580087947287,0.4098700047171378,0.4149360157491202,-0.1124764204575749,0.287711358359782,0.8469526161559459,-0.0830397255905054,0.3913669592505734,0.3952702634056066,0.716172467117703,0.7633874694033113,0.3615136772853074,-0.4554484223565174,-0.2054542743730885,-0.5258944873819824,-0.4386598384342483,0.602432550074947,0.4915292035677548,1.2996195397750414,-0.5607289098646239,0.5019006534769035,-0.839863014655845,0.2692422846232749,0.0799380666697927,0.9628989866854089,1.5479796141648436,0.3094578220931296,0.0663305189442173,-2.081030763738692,0.0091132705609736,-0.9505119968261
-0.7029019306446641,-1.0257794243251468,-0.8677667756119058,-1.0839827074462345,-0.8882969786261081,-1.0914740020068785,-0.6950027662446908,-0.6685160824158642,-0.9359900220491528,-0.8796152257153622,-1.076843502493566,-1.04002541427511,-0.4524985490577865,0.0442990391639978,1.74735073041983,0.9219796693900166,-1.119668381660177,-0.3998458052591225,-0.705423145487409,-0.6443974109225207,1.8494099182530264,-0.059090757393059,0.6884469036202724,-0.7307832436383805,-0.574874240527434,-0.4643174975093811,0.3500277542435302,-1.0529301402162157,-0.1355841172341096,0.3094723832560785,-0.0518429599688844,0.9048311984573746
1.114114137712036,1.26413809678729,1.1093930233168448,1.1551972307690133,1.5278651304857676,0.7984655912314208,0.9889519780990071,0.1751527931446096,1.0950223940505397,0.8695321188411641,0.9680255748336036,0.9959033956679466,0.0928106393058414,0.0450916862427815,0.2921560412127261,-0.5021636455647591,0.328571119854515,0.8765959889034596,0.5038223662591116,0.6150408187183574,-0.9049502736531188,0.1417344095987635,-0.2457642652961151,0.2360924541700465,0.5743406024128863,0.0998047498933392,-0.965468677948361,1.1759715707941651,-0.2002712978201468,-0.3924403201656704,-1.5004103977846484,-0.2758417439957447
-0.8810783117396541,-1.0407688251149831,-0.9665990626702818,-1.1079743105460718,-0.9591641063766552,-1.178536870583221,-0.928220155359342,-0.6892353754491493,-1.0229030616193366,-0.958920492221353,-1.1456232424554982,-1.0867928378957792,-0.8712915654639134,-0.7991067990014123,-0.0885032282431639,0.716541283450604,-1.1660298459418963,-1.2739088465335198,-0.9740477199934728,-0.7889684315026569,0.6606857708229968,0.0344881661760446,0.0200004473130678,-0.7078372237712154,-0.6229471776811869,-1.422737771295585,-0.4064034053955426,-1.114733102527783,-0.5151758552056213,1.2156077646761765,0.0930767600510916,0.9891649800611702
-1.8177405464271457,-1.4388532237668776,-1.5779689073350345,-1.3772264440160389,-1.0236197216622258,-1.23545571060844,-1.3434664861303764,-0.7805788028106154,-1.2419807890274004,-1.1699044204033835,-1.2573590539125477,-1.168628529208759,-0.984068320917424,-0.6958373282231305,-1.4899613287632438,0.379109735733439,-0.5452502511264901,-0.5013146448547088,-1.3827034257535251,-1.2390819756604323,-0.9246118952292148,-1.8309815957481423,0.6343636453169,-0.7685873777248924,-0.4109397583861431,-1.3259284895922574,-0.2746446770053615,-1.3177671128297554,-0.9198094339051314,-0.3325285307608697,0.3067432080459878,1.7903359052972156
1.114114137712036,1.26413809678729,1.1093930233168448,1.1551972307690133,1.5278651304857676,0.7984655912314208,0.9889519780990071,0.1751527931446096,1.0950223940505397,0.8695321188411641,0.9680255748336036,0.9959033956679466,0.0928106393058414,0.0450916862427815,0.2921560412127261,-0.5021636455647591,0.328571119854515,0.8765959889034596,0.5038223662591116,0.6150408187183574,-0.9049502736531188,0.1417344095987635,-0.2457642652961151,0.2360924541700465,0.5743406024128863,0.0998047498933392,-0.965468677948361,1.1759715707941651,-0.2002712978201468,-0.3924403201656704,-1.5004103977846484,-0.2758417439957447
1.1539658311899037,1.4989383501797924,1.4303846071085575,1.260568463461363,1.6356166100434777,1.6797957828956886,1.6690842795081433,1.2624714635685748,1.7332414432264251,1.3725631888434169,1.6483515482868052,1.4549346928184888,-0.2131171915433764,-0.4599363731525088,0.339811365640069,-0.5254899116374125,-0.2149093127984561,0.5410515716045815,1.241568716212545,2.107191967468017,-0.8344005845872645,0.054826613740022,-0.4290034863380065,3.1018590378014115,-0.0806158680214567,-0.1825578565974858,-0.2989647123816893,1.4095265811869206,2.457521066973057,0.2026273363964781,0.3329919193191797,-0.9083451060242022
0.9382696426116536,1.1416519982126092,1.2102332836434913,1.0343545488989578,1.4559150365867248,1.2935778088026484,1.5842015315909932,3.560490452001116,1.23997676910106,1.7102740971459127,1.084159698008358,0.8246743121129014,-0.2381894834827992,0.2174610515513577,0.0672187867119359,-0.5269661429804581,1.7986034158173814,1.17758416406618,0.3961568823980797,0.2146267909512746,-0.97646750166389,-0.1223329843332899,4.267964212934988,0.791377963137693,-0.0916512712443571,-0.1416873362622927,-1.252710618095895,1.7932569016213578,0.490731179559206,-1.9857334464928411,-0.484893412407306,-2.215518720883015
-0.8810783117396541,-1.0407688251149831,-0.9665990626702818,-1.1079743105460718,-0.9591641063766552,-1.178536870583221,-0.928220155359342,-0.6892353754491493,-1.0229030616193366,-0.958920492221353,-1.1456232424554982,-1.0867928378957792,-0.8712915654639134,-0.7991067990014123,-0.0885032282431639,0.716541283450604,-1.1660298459418963,-1.2739088465335198,-0.9740477199934728,-0.7889684315026569,0.6606857708229968,0.0344881661760446,0.0200004473130678,-0.7078372237712154,-0.6229471776811869,-1.422737771295585,-0.4064034053955426,-1.114733102527783,-0.5151758552056213,1.2156077646761765,0.0930767600510916,0.9891649800611702
1.0190986195252,1.152229774260814,1.2234559989115197,1.0786029702229474,1.5173653734828687,1.2036108872204596,1.589945736011296,0.8812873114244072,1.392264325118416,1.9422960355466707,0.7405739363996474,1.0487285024532569,-0.2289378251411196,-0.6559376924616619,-0.226884683361937,-0.5266215184504065,0.2941594300632261,0.587545374332367,-0.120069575345784,0.9664019692599876,-1.3513780949494387,-0.1002744644203224,-0.3331732445739862,1.5001210715395754,0.1292668204918369,-0.5550288043891176,-0.693519828453495,1.341305667426587,2.386187389251882,0.9424333069675356,1.7336297650420915,-0.5288430888071284
1.114114137712036,1.26413809678729,1.1093930233168448,1.1551972307690133,1.5278651304857676,0.7984655912314208,0.9889519780990071,0.1751527931446096,1.0950223940505397,0.8695321188411641,0.9680255748336036,0.9959033956679466,0.0928106393058414,0.0450916862427815,0.2921560412127261,-0.5021636455647591,0.328571119854515,0.8765959889034596,0.5038223662591116,0.6150408187183574,-0.9049502736531188,0.1417344095987635,-0.2457642652961151,0.2360924541700465,0.5743406024128863,0.0998047498933392,-0.965468677948361,1.1759715707941651,-0.2002712978201468,-0.3924403201656704,-1.5004103977846484,-0.2758417439957447
-1.5780762767118544,-1.2853348071354005,-1.4890579459420763,-1.222049095906974,-0.995833489910634,-1.3752871343980937,-0.9106556014299652,-0.7676224166665411,-1.182741991337579,-1.1292218206044538,-1.2218892456038906,-1.1238214026959314,-1.078976541773571,-1.220572562616005,-1.4996104988353889,-0.2075688340426056,-1.0845366797339235,-1.195716734339504,-1.4169525199806638,-1.235145385985931,-0.8622252170476402,-1.9341062722645677,-0.203568452308037,-0.6024156062359433,4.1413003522225145,-0.9574999925953488,-0.4400345022290133,-1.2394731620678494,-0.875567537430426,0.2568046161466148,1.0172660559363758,1.6638352328915254
1.1539658311899037,1.4989383501797924,1.4303846071085575,1.260568463461363,1.6356166100434777,1.6797957828956886,1.6690842795081433,1.2624714635685748,1.7332414432264251,1.3725631888434169,1.6483515482868052,1.4549346928184888,-0.2131171915433764,-0.4599363731525088,0.339811365640069,-0.5254899116374125,-0.2149093127984561,0.5410515716045815,1.241568716212545,2.107191967468017,-0.8344005845872645,0.054826613740022,-0.4290034863380065,3.1018590378014115,-0.0806158680214567,-0.1825578565974858,-0.2989647123816893,1.4095265811869206,2.457521066973057,0.2026273363964781,0.3329919193191797,-0.9083451060242022
0.983192792075464,1.1020824166112646,0.9226776199623192,1.640225002665529,1.2439880625355269,0.7174605080099606,0.8903608719760274,0.101166222600256,0.9278870679531032,0.7306315049228542,0.9126114247841016,1.0722955929186837,0.694464641299481,0.350609846104008,0.8214838740665491,-0.517517027943281,0.7417106811905301,1.218978238186035,0.4699147802429916,0.7814555286516912,-0.6273444023344623,0.6767095169977737,0.5140218403299434,0.185433001764305,0.2479964395158768,0.9804402356133564,-0.3293763887295823,1.1468193099008537,-0.2747586366040263,-0.1930318102188625,-1.378780271126029,-0.1071741807881566
1.634837858667418,1.7729882357505662,1.8674153333131327,1.429949083765116,1.6780429700525057,2.172059489357648,1.6790122866640376,1.993554659292163,2.0307562624302022,1.926835236337584,1.749884425785262,2.0449552248717784,3.960464505677201,-0.0660993604272626,-0.0850344002534402,-0.5319627099526829,-0.8752893993309534,1.608096101698883,3.0007239522968066,2.016740303458169,0.508079324123444,0.538860820390863,0.0201191075369981,2.118188870963328,-0.2228815478213706,1.413103926953087,-0.0111438755025325,1.601757481569292,2.576056716219592,0.2024393611413101,-1.303588717536631,-0.9926788876279976
-0.146628175030077,-0.2247794030848548,0.159639443851783,0.0217310770682206,-0.4179719574252581,0.396919353180963,-0.4585407715421138,-0.4235569726939967,-0.4195386946653581,-0.4716462965312046,-0.4557055475343667,-0.415617459493911,0.3834618400441292,1.6947201316423053,1.224429902966411,-0.4775055142995487,0.5733935539831251,-0.4558204931889167,0.1255179781964903,-0.5347730235540413,0.1742642976740501,-0.2020494095453242,-0.5158164146917273,-0.7063836401374144,-0.5641261723582708,1.130617537610769,-0.4974024726721137,-0.4802841563456236,-0.489932151940465,1.8420303208297435,0.396288852094476,-0.3601755255995402
-0.7029019306446641,-1.0257794243251468,-0.8677667756119058,-1.0839827074462345,-0.8882969786261081,-1.0914740020068785,-0.6950027662446908,-0.6685160824158642,-0.9359900220491528,-0.8796152257153622,-1.076843502493566,-1.04002541427511,-0.4524985490577865,0.0442990391639978,1.74735073041983,0.9219796693900166,-1.119668381660177,-0.3998458052591225,-0.705423145487409,-0.6443974109225207,1.8494099182530264,-0.059090757393059,0.6884469036202724,-0.7307832436383805,-0.574874240527434,-0.4643174975093811,0.3500277542435302,-1.0529301402162157,-0.1355841172341096,0.3094723832560785,-0.0518429599688844,0.9048311984573746
0.877859539983099,0.9284812210475348,0.8695048454908714,1.1220468862604986,0.9411444138574524,0.6760439097427877,0.6276174938085415,0.0598046366308749,0.8252688589657505,0.5874855905038561,0.8797209012396516,1.007382058710873,0.6686888185281938,1.6059747776803983,1.1706116992346778,-0.5161259044239899,1.358954168963903,0.6034181347459333,0.3532355328426836,0.6426350208803544,-0.4248538041891673,0.7743715572383858,0.0239135326109679,0.0973132383814232,0.2146750918637649,0.7784191204754152,-0.2122101786183744,0.7238115461235602,-0.2399088430746092,-0.3562735761340631,-1.7501404600112933,-0.3601755255995402
-0.4500685351684177,-0.804042862736019,-0.7139282168888367,-0.930306686217439,-0.8417814167228792,-0.9412961675998722,-0.8945958108808976,-0.6072468517896545,-0.8453400129736358,-0.8061255971819612,-0.950228241082124,-1.0075650522649366,-0.3100345425861195,0.4251605404794366,1.7599757938048577,2.445125901191275,-1.2466466771042315,-0.9406411055746452,-0.5327513058913766,-0.3090525977770498,2.595611458894491,0.8526211087347361,0.6411049410763716,-0.7670990930407418,-0.602695077383831,-0.4067551124062425,1.9103887212058603,-0.5941725566649548,-0.4803804651485308,0.5786584910264272,-0.3485836582951384,0.6096629628440963
1.634837858667418,1.7729882357505662,1.8674153333131327,1.429949083765116,1.6780429700525057,2.172059489357648,1.6790122866640376,1.993554659292163,2.0307562624302022,1.926835236337584,1.749884425785262,2.0449552248717784,3.960464505677201,-0.0660993604272626,-0.0850344002534402,-0.5319627099526829,-0.8752893993309534,1.608096101698883,3.0007239522968066,2.016740303458169,0.508079324123444,0.538860820390863,0.0201191075369981,2.118188870963328,-0.2228815478213706,1.413103926953087,-0.0111438755025325,1.601757481569292,2.576056716219592,0.2024393611413101,-1.303588717536631,-0.9926788876279976
-1.1835438141686836,-1.2672972490523928,-1.3382837405390793,-1.361657779495609,-1.0359365766518909,-1.3047603731743185,-1.0871217041057006,-0.7473253484052141,-1.098613012794483,-1.089975436264934,-1.1870895497629086,-1.0955161834252498,-1.099117760241202,-1.2715443130429729,-1.7867587834903431,-0.2201036644720352,-1.2367332728351137,-1.5428321347942515,-1.2211393461783508,-1.0250886522104603,-0.8020115316663434,-1.8961225690018508,0.0042499772884305,-0.4891875589007493,1.6294384206659,-1.6110429076946178,-0.9629010220759332,-1.1378527423274232,-0.4628332566757289,-0.4207629164363726,2.95634767709298,1.4530007788820396
-0.7029019306446641,-1.0257794243251468,-0.8677667756119058,-1.0839827074462345,-0.8882969786261081,-1.0914740020068785,-0.6950027662446908,-0.6685160824158642,-0.9359900220491528,-0.8796152257153622,-1.076843502493566,-1.04002541427511,-0.4524985490577865,0.0442990391639978,1.74735073041983,0.9219796693900166,-1.119668381660177,-0.3998458052591225,-0.705423145487409,-0.6443974109225207,1.8494099182530264,-0.059090757393059,0.6884469036202724,-0.7307832436383805,-0.574874240527434,-0.4643174975093811,0.3500277542435302,-1.0529301402162157,-0.1355841172341096,0.3094723832560785,-0.0518429599688844,0.9048311984573746
0.877859539983099,0.9284812210475348,0.8695048454908714,1.1220468862604986,0.9411444138574524,0.6760439097427877,0.6276174938085415,0.0598046366308749,0.8252688589657505,0.5874855905038561,0.8797209012396516,1.007382058710873,0.6686888185281938,1.6059747776803983,1.1706116992346778,-0.5161259044239899,1.358954168963903,0.6034181347459333,0.3532355328426836,0.6426350208803544,-0.4248538041891673,0.7743715572383858,0.0239135326109679,0.0973132383814232,0.2146750918637649,0.7784191204754152,-0.2122101786183744,0.7238115461235602,-0.2399088430746092,-0.3562735761340631,-1.7501404600112933,-0.3601755255995402
1.634837858667418,1.7729882357505662,1.8674153333131327,1.429949083765116,1.6780429700525057,2.172059489357648,1.6790122866640376,1.993554659292163,2.0307562624302022,1.926835236337584,1.749884425785262,2.0449552248717784,3.960464505677201,-0.0660993604272626,-0.0850344002534402,-0.5319627099526829,-0.8752893993309534,1.608096101698883,3.0007239522968066,2.016740303458169,0.508079324123444,0.538860820390863,0.0201191075369981,2.118188870963328,-0.2228815478213706,1.413103926953087,-0.0111438755025325,1.601757481569292,2.576056716219592,0.2024393611413101,-1.303588717536631,-0.9926788876279976
-0.5745285435202541,-0.7765144752564597,-0.5751992379864717,-0.7992163669001149,-0.8177027273657801,-0.7173467534721248,-0.8363325429639088,-0.5742131336839111,-0.7670382376434155,-0.8129573881966833,-0.849634610036974,-0.9636646275362928,-0.6491641260273081,-0.5630090297976348,-0.7783204582238338,-0.5310212490243545,-1.3119788098607317,-1.1852342400183145,-0.7323769559484979,-0.7533711653600882,1.728639284692384,2.0057202606112225,-0.457066428414523,-0.7523673389974166,-0.6158731373205782,-0.7800026368429093,2.0020214428128376,-0.6877906615052742,-0.4861249146876194,1.325394764457715,-0.5000077824441818,0.3144947272308149
1.0190986195252,1.152229774260814,1.2234559989115197,1.0786029702229474,1.5173653734828687,1.2036108872204596,1.589945736011296,0.8812873114244072,1.392264325118416,1.9422960355466707,0.7405739363996474,1.0487285024532569,-0.2289378251411196,-0.6559376924616619,-0.226884683361937,-0.5266215184504065,0.2941594300632261,0.587545374332367,-0.120069575345784,0.9664019692599876,-1.3513780949494387,-0.1002744644203224,-0.3331732445739862,1.5001210715395754,0.1292668204918369,-0.5550288043891176,-0.693519828453495,1.341305667426587,2.386187389251882,0.9424333069675356,1.7336297650420915,-0.5288430888071284
0.8454443473218137,0.7381022156175336,0.5796812001431201,0.7313108388436499,0.7054309108730238,0.4866340486619413,0.5160805139967659,-0.0029068255092302,0.5962815848891619,0.5276195773344942,0.884432825403475,0.9033165414191816,0.5123490471310708,2.992705418500113,0.5297947709208016,-0.5080008764831284,0.1531029236826901,1.010383328234441,0.3544231545878422,1.5509766059338237,0.1874693934631434,0.6568616979769254,0.2801136527889268,0.3604771049024036,0.1567971170558511,0.5630680291182092,0.6241748931716812,0.634580306640837,0.2959382459719454,-1.985435199804674,0.2518669137017295,-0.3180086347976425
-1.8177405464271457,-1.4388532237668776,-1.5779689073350345,-1.3772264440160389,-1.0236197216622258,-1.23545571060844,-1.3434664861303764,-0.7805788028106154,-1.2419807890274004,-1.1699044204033835,-1.2573590539125477,-1.168628529208759,-0.984068320917424,-0.6958373282231305,-1.4899613287632438,0.379109735733439,-0.5452502511264901,-0.5013146448547088,-1.3827034257535251,-1.2390819756604323,-0.9246118952292148,-1.8309815957481423,0.6343636453169,-0.7685873777248924,-0.4109397583861431,-1.3259284895922574,-0.2746446770053615,-1.3177671128297554,-0.9198094339051314,-0.3325285307608697,0.3067432080459878,1.7903359052972156
0.983192792075464,1.1020824166112646,0.9226776199623192,1.640225002665529,1.2439880625355269,0.7174605080099606,0.8903608719760274,0.101166222600256,0.9278870679531032,0.7306315049228542,0.9126114247841016,1.0722955929186837,0.694464641299481,0.350609846104008,0.8214838740665491,-0.517517027943281,0.7417106811905301,1.218978238186035,0.4699147802429916,0.7814555286516912,-0.6273444023344623,0.6767095169977737,0.5140218403299434,0.185433001764305,0.2479964395158768,0.9804402356133564,-0.3293763887295823,1.1468193099008537,-0.2747586366040263,-0.1930318102188625,-1.378780271126029,-0.1071741807881566
-0.4158133146423159,-0.5156390671485809,-0.2295942353051585,-0.6815363809908588,-0.7163691545333031,-0.4274225629755183,-0.3756286776941668,-0.5314860397178413,-0.6768909132909836,-0.7180812905286489,-0.765431845959188,-0.8778925704699463,-0.4054678106528978,0.3640384560203087,-0.3124881293313158,-0.1421738718599445,0.4229523066499563,-1.0770248218508114,-0.4331963329288399,-0.7846209831731128,0.4401315817357081,0.9416018848439526,-0.6388604429073655,-0.8922957301086583,-0.6013986095765457,-1.0709722209675492,-0.7549626350899222,-0.4241782666737269,-0.758050734182464,0.9797529926203732,0.5567370804615919,-0.0650072899862589
0.8454443473218137,0.7381022156175336,0.5796812001431201,0.7313108388436499,0.7054309108730238,0.4866340486619413,0.5160805139967659,-0.0029068255092302,0.5962815848891619,0.5276195773344942,0.884432825403475,0.9033165414191816,0.5123490471310708,2.992705418500113,0.5297947709208016,-0.5080008764831284,0.1531029236826901,1.010383328234441,0.3544231545878422,1.5509766059338237,0.1874693934631434,0.6568616979769254,0.2801136527889268,0.3604771049024036,0.1567971170558511,0.5630680291182092,0.6241748931716812,0.634580306640837,0.2959382459719454,-1.985435199804674,0.2518669137017295,-0.3180086347976425
0.4296372362189833,0.3144360034689937,0.0631139124110455,0.2818112417035271,-0.1596084768954652,0.1286493110363401,0.0826298504136378,-0.1084094268582554,0.2153096795984654,0.219414479573481,0.8632872757966125,0.5673065721753616,0.445187491183537,-0.3826161063402839,0.4980603834108756,-0.512976400137095,0.4426523410279722,1.379584434192952,0.4382499770522301,-0.3297721819531818,0.5288517262855869,0.7485461283830271,-0.6186785173422938,0.2876266488606367,-0.3098666532472835,1.7726602492833397,2.471734426718471,0.0824019382153033,0.1922279239834474,-0.6463810425440487,0.1358291421737789,-0.9083451060242022
0.983192792075464,1.1020824166112646,0.9226776199623192,1.640225002665529,1.2439880625355269,0.7174605080099606,0.8903608719760274,0.101166222600256,0.9278870679531032,0.7306315049228542,0.9126114247841016,1.0722955929186837,0.694464641299481,0.350609846104008,0.8214838740665491,-0.517517027943281,0.7417106811905301,1.218978238186035,0.4699147802429916,0.7814555286516912,-0.6273444023344623,0.6767095169977737,0.5140218403299434,0.185433001764305,0.2479964395158768,0.9804402356133564,-0.3293763887295823,1.1468193099008537,-0.2747586366040263,-0.1930318102188625,-1.378780271126029,-0.1071741807881566
0.0467800702696549,-0.2103952591823486,0.2366506304068424,-0.0622324489753856,-0.4237315378794889,-0.1428550609578763,-0.4272871701503537,-0.3560770322580233,-0.2933908689927043,-0.2891049812852636,-0.2884544764532458,-0.270941980396344,-0.2043044681012397,0.5664303232379279,-0.0627660760128107,-0.3795476980988942,-0.401799133015577,-0.2060659448232713,0.0357134367779285,-0.451547347204844,-0.0350014816507189,-0.0388875052039043,-0.7455858218693301,-0.5035186629036696,-0.5559105747636038,0.7624832386602584,-0.2197233887191853,-0.4895699098765943,-0.193004984070965,0.5830634787096943,0.3489756529280555,-0.5288430888071284
-0.146628175030077,-0.2247794030848548,0.159639443851783,0.0217310770682206,-0.4179719574252581,0.396919353180963,-0.4585407715421138,-0.4235569726939967,-0.4195386946653581,-0.4716462965312046,-0.4557055475343667,-0.415617459493911,0.3834618400441292,1.6947201316423053,1.224429902966411,-0.4775055142995487,0.5733935539831251,-0.4558204931889167,0.1255179781964903,-0.5347730235540413,0.1742642976740501,-0.2020494095453242,-0.5158164146917273,-0.7063836401374144,-0.5641261723582708,1.130617537610769,-0.4974024726721137,-0.4802841563456236,-0.489932151940465,1.8420303208297435,0.396288852094476,-0.3601755255995402
-1.1835438141686836,-1.2672972490523928,-1.3382837405390793,-1.361657779495609,-1.0359365766518909,-1.3047603731743185,-1.0871217041057006,-0.7473253484052141,-1.098613012794483,-1.089975436264934,-1.1870895497629086,-1.0955161834252498,-1.099117760241202,-1.2715443130429729,-1.7867587834903431,-0.2201036644720352,-1.2367332728351137,-1.5428321347942515,-1.2211393461783508,-1.0250886522104603,-0.8020115316663434,-1.8961225690018508,0.0042499772884305,-0.4891875589007493,1.6294384206659,-1.6110429076946178,-0.9629010220759332,-1.1378527423274232,-0.4628332566757289,-0.4207629164363726,2.95634767709298,1.4530007788820396
0.8454443473218137,0.7381022156175336,0.5796812001431201,0.7313108388436499,0.7054309108730238,0.4866340486619413,0.5160805139967659,-0.0029068255092302,0.5962815848891619,0.5276195773344942,0.884432825403475,0.9033165414191816,0.5123490471310708,2.992705418500113,0.5297947709208016,-0.5080008764831284,0.1531029236826901,1.010383328234441,0.3544231545878422,1.5509766059338237,0.1874693934631434,0.6568616979769254,0.2801136527889268,0.3604771049024036,0.1567971170558511,0.5630680291182092,0.6241748931716812,0.634580306640837,0.2959382459719454,-1.985435199804674,0.2518669137017295,-0.3180086347976425
0.6855375000446186,0.5272580087947287,0.4098700047171378,0.4149360157491202,-0.1124764204575749,0.287711358359782,0.8469526161559459,-0.0830397255905054,0.3913669592505734,0.3952702634056066,0.716172467117703,0.7633874694033113,0.3615136772853074,-0.4554484223565174,-0.2054542743730885,-0.5258944873819824,-0.4386598384342483,0.602432550074947,0.4915292035677548,1.2996195397750414,-0.5607289098646239,0.5019006534769035,-0.839863014655845,0.2692422846232749,0.0799380666697927,0.9628989866854089,1.5479796141648436,0.3094578220931296,0.0663305189442173,-2.081030763738692,0.0091132705609736,-0.9505119968261
0.8454443473218137,0.7381022156175336,0.5796812001431201,0.7313108388436499,0.7054309108730238,0.4866340486619413,0.5160805139967659,-0.0029068255092302,0.5962815848891619,0.5276195773344942,0.884432825403475,0.9033165414191816,0.5123490471310708,2.992705418500113,0.5297947709208016,-0.5080008764831284,0.1531029236826901,1.010383328234441,0.3544231545878422,1.5509766059338237,0.1874693934631434,0.6568616979769254,0.2801136527889268,0.3604771049024036,0.1567971170558511,0.5630680291182092,0.6241748931716812,0.634580306640837,0.2959382459719454,-1.985435199804674,0.2518669137017295,-0.3180086347976425
-0.4341798853153589,-0.4004250316508307,-0.0375503801587199,-0.3977188486978522,-0.6006331912722908,-0.1025511655173693,-0.797484333670673,-0.484000772783895,-0.5539115124408525,-0.6040115577816981,-0.539057378007905,-0.6936583276988406,-0.0510777392111037,0.8674382845449476,0.7448703474644359,-0.18567312628524,1.875004098526412,-0.8919430264447064,-0.082730184407668,-0.0970463781413462,0.4341698387618963,-0.4809988547154174,-0.576064392910523,-0.9059851322747566,-0.4904676350080633,0.0054245586513399,-1.0090010060328958,-0.1650148978817457,-0.7920160130317723,-0.8694819753243683,-0.105026324874296,-0.1915079623919492
0.4296372362189833,0.3144360034689937,0.0631139124110455,0.2818112417035271,-0.1596084768954652,0.1286493110363401,0.0826298504136378,-0.1084094268582554,0.2153096795984654,0.219414479573481,0.8632872757966125,0.5673065721753616,0.445187491183537,-0.3826161063402839,0.4980603834108756,-0.512976400137095,0.4426523410279722,1.379584434192952,0.4382499770522301,-0.3297721819531818,0.5288517262855869,0.7485461283830271,-0.6186785173422938,0.2876266488606367,-0.3098666532472835,1.7726602492833397,2.471734426718471,0.0824019382153033,0.1922279239834474,-0.6463810425440487,0.1358291421737789,-0.9083451060242022
-0.4341798853153589,-0.4004250316508307,-0.0375503801587199,-0.3977188486978522,-0.6006331912722908,-0.1025511655173693,-0.797484333670673,-0.484000772783895,-0.5539115124408525,-0.6040115577816981,-0.539057378007905,-0.6936583276988406,-0.0510777392111037,0.8674382845449476,0.7448703474644359,-0.18567312628524,1.875004098526412,-0.8919430264447064,-0.082730184407668,-0.0970463781413462,0.4341698387618963,-0.4809988547154174,-0.576064392910523,-0.9059851322747566,-0.4904676350080633,0.0054245586513399,-1.0090010060328958,-0.1650148978817457,-0.7920160130317723,-0.8694819753243683,-0.105026324874296,-0.1915079623919492
0.1563744058565792,-0.0473135785659083,-0.437947221286496,0.0779235928882436,-0.3552896802750338,-0.0569389117557756,-0.1057964546760315,-0.2471085129295573,-0.1417601228386564,-0.1154023208721778,-0.0975742826787961,-0.0181070625941167,0.3543296910720463,-0.7932946046057785,-0.2453857091845438,-0.1902125193285793,1.4619925803114764,0.2582537084610392,0.3817667709642701,-0.3333836018088461,-0.2642288075705569,0.4078178993579289,-0.6476190236006003,-0.3836180708126383,-0.4759550769782965,1.162357007277984,0.1014171605667137,0.2698416903947453,-0.6985523288324258,-0.1443179207895172,0.1793802176413217,-0.3180086347976425
-0.4158133146423159,-0.5156390671485809,-0.2295942353051585,-0.6815363809908588,-0.7163691545333031,-0.4274225629755183,-0.3756286776941668,-0.5314860397178413,-0.6768909132909836,-0.7180812905286489,-0.765431845959188,-0.8778925704699463,-0.4054678106528978,0.3640384560203087,-0.3124881293313158,-0.1421738718599445,0.4229523066499563,-1.0770248218508114,-0.4331963329288399,-0.7846209831731128,0.4401315817357081,0.9416018848439526,-0.6388604429073655,-0.8922957301086583,-0.6013986095765457,-1.0709722209675492,-0.7549626350899222,-0.4241782666737269,-0.758050734182464,0.9797529926203732,0.5567370804615919,-0.0650072899862589
-0.146628175030077,-0.2247794030848548,0.159639443851783,0.0217310770682206,-0.4179719574252581,0.396919353180963,-0.4585407715421138,-0.4235569726939967,-0.4195386946653581,-0.4716462965312046,-0.4557055475343667,-0.415617459493911,0.3834618400441292,1.6947201316423053,1.224429902966411,-0.4775055142995487,0.5733935539831251,-0.4558204931889167,0.1255179781964903,-0.5347730235540413,0.1742642976740501,-0.2020494095453242,-0.5158164146917273,-0.7063836401374144,-0.5641261723582708,1.130617537610769,-0.4974024726721137,-0.4802841563456236,-0.489932151940465,1.8420303208297435,0.396288852094476,-0.3601755255995402
0.8454443473218137,0.7381022156175336,0.5796812001431201,0.7313108388436499,0.7054309108730238,0.4866340486619413,0.5160805139967659,-0.0029068255092302,0.5962815848891619,0.5276195773344942,0.884432825403475,0.9033165414191816,0.5123490471310708,2.992705418500113,0.5297947709208016,-0.5080008764831284,0.1531029236826901,1.010383328234441,0.3544231545878422,1.5509766059338237,0.1874693934631434,0.6568616979769254,0.2801136527889268,0.3604771049024036,0.1567971170558511,0.5630680291182092,0.6241748931716812,0.634580306640837,0.2959382459719454,-1.985435199804674,0.2518669137017295,-0.3180086347976425
1.114114137712036,1.26413809678729,1.1093930233168448,1.1551972307690133,1.5278651304857676,0.7984655912314208,0.9889519780990071,0.1751527931446096,1.0950223940505397,0.8695321188411641,0.9680255748336036,0.9959033956679466,0.0928106393058414,0.0450916862427815,0.2921560412127261,-0.5021636455647591,0.328571119854515,0.8765959889034596,0.5038223662591116,0.6150408187183574,-0.9049502736531188,0.1417344095987635,-0.2457642652961151,0.2360924541700465,0.5743406024128863,0.0998047498933392,-0.965468677948361,1.1759715707941651,-0.2002712978201468,-0.3924403201656704,-1.5004103977846484,-0.2758417439957447
0.4296372362189833,0.3144360034689937,0.0631139124110455,0.2818112417035271,-0.1596084768954652,0.1286493110363401,0.0826298504136378,-0.1084094268582554,0.2153096795984654,0.219414479573481,0.8632872757966125,0.5673065721753616,0.445187491183537,-0.3826161063402839,0.4980603834108756,-0.512976400137095,0.4426523410279722,1.379584434192952,0.4382499770522301,-0.3297721819531818,0.5288517262855869,0.7485461283830271,-0.6186785173422938,0.2876266488606367,-0.3098666532472835,1.7726602492833397,2.471734426718471,0.0824019382153033,0.1922279239834474,-0.6463810425440487,0.1358291421737789,-0.9083451060242022
1.1539658311899037,1.4989383501797924,1.4303846071085575,1.260568463461363,1.6356166100434777,1.6797957828956886,1.6690842795081433,1.2624714635685748,1.7332414432264251,1.3725631888434169,1.6483515482868052,1.4549346928184888,-0.2131171915433764,-0.4599363731525088,0.339811365640069,-0.5254899116374125,-0.2149093127984561,0.5410515716045815,1.241568716212545,2.107191967468017,-0.8344005845872645,0.054826613740022,-0.4290034863380065,3.1018590378014115,-0.0806158680214567,-0.1825578565974858,-0.2989647123816893,1.4095265811869206,2.457521066973057,0.2026273363964781,0.3329919193191797,-0.9083451060242022
1.1539658311899037,1.4989383501797924,1.4303846071085575,1.260568463461363,1.6356166100434777,1.6797957828956886,1.6690842795081433,1.2624714635685748,1.7332414432264251,1.3725631888434169,1.6483515482868052,1.4549346928184888,-0.2131171915433764,-0.4599363731525088,0.339811365640069,-0.5254899116374125,-0.2149093127984561,0.5410515716045815,1.241568716212545,2.107191967468017,-0.8344005845872645,0.054826613740022,-0.4290034863380065,3.1018590378014115,-0.0806158680214567,-0.1825578565974858,-0.2989647123816893,1.4095265811869206,2.457521066973057,0.2026273363964781,0.3329919193191797,-0.9083451060242022
1.1829438883137275,1.5251637189440967,1.3556643261175922,1.2955283000461073,1.7382508591407722,1.6883937995175415,1.652218021404718,1.2553713028481988,1.7640042815748531,1.286029608568056,1.6565710834356704,1.4354114953453483,-0.12072594089557413,-0.4686450098427567,0.42320574619604495,-0.5806769465265129,-0.1855463544583165,0.557021584794143,1.198116353819306,2.116061773199864,-0.7737746427456845,0.038637028525691966,-0.5136016187964947,3.100980896477539,-0.12573702276108234,-0.19967490353067993,-0.30304410086594535,1.3242439703861448,2.3767381500070233,0.23962804821169487,0.36483723348779024,-0.8913055356240969
0.6855375000446186,0.5272580087947287,0.4098700047171378,0.4149360157491202,-0.1124764204575749,0.287711358359782,0.8469526161559459,-0.0830397255905054,0.3913669592505734,0.3952702634056066,0.716172467117703,0.7633874694033113,0.3615136772853074,-0.4554484223565174,-0.2054542743730885,-0.5258944873819824,-0.4386598384342483,0.602432550074947,0.4915292035677548,1.2996195397750414,-0.5607289098646239,0.5019006534769035,-0.839863014655845,0.2692422846232749,0.0799380666697927,0.9628989866854089,1.5479796141648436,0.3094578220931296,0.0663305189442173,-2.081030763738692,0.0091132705609736,-0.9505119968261
0.8454443473218137,0.7381022156175336,0.5796812001431201,0.7313108388436499,0.7054309108730238,0.4866340486619413,0.5160805139967659,-0.0029068255092302,0.5962815848891619,0.5276195773344942,0.884432825403475,0.9033165414191816,0.5123490471310708,2.992705418500113,0.5297947709208016,-0.5080008764831284,0.1531029236826901,1.010383328234441,0.3544231545878422,1.5509766059338237,0.1874693934631434,0.6568616979769254,0.2801136527889268,0.3604771049024036,0.1567971170558511,0.5630680291182092,0.6241748931716812,0.634580306640837,0.2959382459719454,-1.985435199804674,0.2518669137017295,-0.3180086347976425
-0.4500685351684177,-0.804042862736019,-0.7139282168888367,-0.930306686217439,-0.8417814167228792,-0.9412961675998722,-0.8945958108808976,-0.6072468517896545,-0.8453400129736358,-0.8061255971819612,-0.950228241082124,-1.0075650522649366,-0.3100345425861195,0.4251605404794366,1.7599757938048577,2.445125901191275,-1.2466466771042315,-0.9406411055746452,-0.5327513058913766,-0.3090525977770498,2.595611458894491,0.8526211087347361,0.6411049410763716,-0.7670990930407418,-0.602695077383831,-0.4067551124062425,1.9103887212058603,-0.5941725566649548,-0.4803804651485308,0.5786584910264272,-0.3485836582951384,0.6096629628440963
1.0190986195252,1.152229774260814,1.2234559989115197,1.0786029702229474,1.5173653734828687,1.2036108872204596,1.589945736011296,0.8812873114244072,1.392264325118416,1.9422960355466707,0.7405739363996474,1.0487285024532569,-0.2289378251411196,-0.6559376924616619,-0.226884683361937,-0.5266215184504065,0.2941594300632261,0.587545374332367,-0.120069575345784,0.9664019692599876,-1.3513780949494387,-0.1002744644203224,-0.3331732445739862,1.5001210715395754,0.1292668204918369,-0.5550288043891176,-0.693519828453495,1.341305667426587,2.386187389251882,0.9424333069675356,1.7336297650420915,-0.5288430888071284
1.0190986195252,1.152229774260814,1.2234559989115197,1.0786029702229474,1.5173653734828687,1.2036108872204596,1.589945736011296,0.8812873114244072,1.392264325118416,1.9422960355466707,0.7405739363996474,1.0487285024532569,-0.2289378251411196,-0.6559376924616619,-0.226884683361937,-0.5266215184504065,0.2941594300632261,0.587545374332367,-0.120069575345784,0.9664019692599876,-1.3513780949494387,-0.1002744644203224,-0.3331732445739862,1.5001210715395754,0.1292668204918369,-0.5550288043891176,-0.693519828453495,1.341305667426587,2.386187389251882,0.9424333069675356,1.7336297650420915,-0.5288430888071284
1.1539658311899037,1.4989383501797924,1.4303846071085575,1.260568463461363,1.6356166100434777,1.6797957828956886,1.6690842795081433,1.2624714635685748,1.7332414432264251,1.3725631888434169,1.6483515482868052,1.4549346928184888,-0.2131171915433764,-0.4599363731525088,0.339811365640069,-0.5254899116374125,-0.2149093127984561,0.5410515716045815,1.241568716212545,2.107191967468017,-0.8344005845872645,0.054826613740022,-0.4290034863380065,3.1018590378014115,-0.0806158680214567,-0.1825578565974858,-0.2989647123816893,1.4095265811869206,2.457521066973057,0.2026273363964781,0.3329919193191797,-0.9083451060242022
-1.8177405464271457,-1.4388532237668776,-1.5779689073350345,-1.3772264440160389,-1.0236197216622258,-1.23545571060844,-1.3434664861303764,-0.7805788028106154,-1.2419807890274004,-1.1699044204033835,-1.2573590539125477,-1.168628529208759,-0.984068320917424,-0.6958373282231305,-1.4899613287632438,0.379109735733439,-0.5452502511264901,-0.5013146448547088,-1.3827034257535251,-1.2390819756604323,-0.9246118952292148,-1.8309815957481423,0.6343636453169,-0.7685873777248924,-0.4109397583861431,-1.3259284895922574,-0.2746446770053615,-1.3177671128297554,-0.9198094339051314,-0.3325285307608697,0.3067432080459878,1.7903359052972156
0.9382696426116536,1.1416519982126092,1.2102332836434913,1.0343545488989578,1.4559150365867248,1.2935778088026484,1.5842015315909932,3.560490452001116,1.23997676910106,1.7102740971459127,1.084159698008358,0.8246743121129014,-0.2381894834827992,0.2174610515513577,0.0672187867119359,-0.5269661429804581,1.7986034158173814,1.17758416406618,0.3961568823980797,0.2146267909512746,-0.97646750166389,-0.1223329843332899,4.267964212934988,0.791377963137693,-0.0916512712443571,-0.1416873362622927,-1.252710618095895,1.7932569016213578,0.490731179559206,-1.9857334464928411,-0.484893412407306,-2.215518720883015
0.9382696426116536,1.1416519982126092,1.2102332836434913,1.0343545488989578,1.4559150365867248,1.2935778088026484,1.5842015315909932,3.560490452001116,1.23997676910106,1.7102740971459127,1.084159698008358,0.8246743121129014,-0.2381894834827992,0.2174610515513577,0.0672187867119359,-0.5269661429804581,1.7986034158173814,1.17758416406618,0.3961568823980797,0.2146267909512746,-0.97646750166389,-0.1223329843332899,4.267964212934988,0.791377963137693,-0.0916512712443571,-0.1416873362622927,-1.252710618095895,1.7932569016213578,0.490731179559206,-1.9857334464928411,-0.484893412407306,-2.215518720883015
0.6855375000446186,0.5272580087947287,0.4098700047171378,0.4149360157491202,-0.1124764204575749,0.287711358359782,0.8469526161559459,-0.0830397255905054,0.3913669592505734,0.3952702634056066,0.716172467117703,0.7633874694033113,0.3615136772853074,-0.4554484223565174,-0.2054542743730885,-0.5258944873819824,-0.4386598384342483,0.602432550074947,0.4915292035677548,1.2996195397750414,-0.5607289098646239,0.5019006534769035,-0.839863014655845,0.2692422846232749,0.0799380666697927,0.9628989866854089,1.5479796141648436,0.3094578220931296,0.0663305189442173,-2.081030763738692,0.0091132705609736,-0.9505119968261
0.1563744058565792,-0.0473135785659083,-0.437947221286496,0.0779235928882436,-0.3552896802750338,-0.0569389117557756,-0.1057964546760315,-0.2471085129295573,-0.1417601228386564,-0.1154023208721778,-0.0975742826787961,-0.0181070625941167,0.3543296910720463,-0.7932946046057785,-0.2453857091845438,-0.1902125193285793,1.4619925803114764,0.2582537084610392,0.3817667709642701,-0.3333836018088461,-0.2642288075705569,0.4078178993579289,-0.6476190236006003,-0.3836180708126383,-0.4759550769782965,1.162357007277984,0.1014171605667137,0.2698416903947453,-0.6985523288324258,-0.1443179207895172,0.1793802176413217,-0.3180086347976425
1.1539658311899037,1.4989383501797924,1.4303846071085575,1.260568463461363,1.6356166100434777,1.6797957828956886,1.6690842795081433,1.2624714635685748,1.7332414432264251,1.3725631888434169,1.6483515482868052,1.4549346928184888,-0.2131171915433764,-0.4599363731525088,0.339811365640069,-0.5254899116374125,-0.2149093127984561,0.5410515716045815,1.241568716212545,2.107191967468017,-0.8344005845872645,0.054826613740022,-0.4290034863380065,3.1018590378014115,-0.0806158680214567,-0.1825578565974858,-0.2989647123816893,1.4095265811869206,2.457521066973057,0.2026273363964781,0.3329919193191797,-0.9083451060242022
0.6855375000446186,0.5272580087947287,0.4098700047171378,0.4149360157491202,-0.1124764204575749,0.287711358359782,0.8469526161559459,-0.0830397255905054,0.3913669592505734,0.3952702634056066,0.716172467117703,0.7633874694033113,0.3615136772853074,-0.4554484223565174,-0.2054542743730885,-0.5258944873819824,-0.4386598384342483,0.602432550074947,0.4915292035677548,1.2996195397750414,-0.5607289098646239,0.5019006534769035,-0.839863014655845,0.2692422846232749,0.0799380666697927,0.9628989866854089,1.5479796141648436,0.3094578220931296,0.0663305189442173,-2.081030763738692,0.0091132705609736,-0.9505119968261
0.1563744058565792,-0.0473135785659083,-0.437947221286496,0.0779235928882436,-0.3552896802750338,-0.0569389117557756,-0.1057964546760315,-0.2471085129295573,-0.1417601228386564,-0.1154023208721778,-0.0975742826787961,-0.0181070625941167,0.3543296910720463,-0.7932946046057785,-0.2453857091845438,-0.1902125193285793,1.4619925803114764,0.2582537084610392,0.3817667709642701,-0.3333836018088461,-0.2642288075705569,0.4078178993579289,-0.6476190236006003,-0.3836180708126383,-0.4759550769782965,1.162357007277984,0.1014171605667137,0.2698416903947453,-0.6985523288324258,-0.1443179207895172,0.1793802176413217,-0.3180086347976425
-2.049251818906184,-1.4635929427149093,-1.6649276531555992,-1.4865952568628196,-1.0718093845742451,-1.38010826948144,-1.5343806745373951,-0.7897148816589122,-1.2954099955327305,-1.2458967504700864,-1.2982376032005825,-1.1974835960832422,-1.082194364167608,-1.2346694123329596,-2.0913605913461977,3.567452208514911,-0.83148437929783,-1.3335130561407402,-1.5223491639851672,-1.3225103767929247,-1.2158505841827034,-2.0993382237308644,-0.1744423782199061,-0.8479379859169895,-0.5407959498009259,-1.5358284810537486,-0.8932423004808223,-1.4480044102094225,-0.6930246742878864,0.7295589439744146,-0.8762567137464611,1.916836577702909
1.634837858667418,1.7729882357505662,1.8674153333131327,1.429949083765116,1.6780429700525057,2.172059489357648,1.6790122866640376,1.993554659292163,2.0307562624302022,1.926835236337584,1.749884425785262,2.0449552248717784,3.960464505677201,-0.0660993604272626,-0.0850344002534402,-0.5319627099526829,-0.8752893993309534,1.608096101698883,3.0007239522968066,2.016740303458169,0.508079324123444,0.538860820390863,0.0201191075369981,2.118188870963328,-0.2228815478213706,1.413103926953087,-0.0111438755025325,1.601757481569292,2.576056716219592,0.2024393611413101,-1.303588717536631,-0.9926788876279976
0.3486991707981831,0.0604298290035889,-0.183196526397,0.2618393737592187,-0.2851436872885191,0.1131049340312856,-0.0803240088387822,-0.1728893374408338,0.028133890622587,0.0089414856021664,0.6859085015263725,0.2768306814866749,0.3951699368406582,-0.57585755080946,-0.3232355344338599,-0.5026836959138499,1.0218893610684427,1.1399372593216934,1.3311169245020198,-0.3459290330492845,0.6767404938824108,0.4281219188301969,-0.6687923776886063,0.1102849883193637,-0.4127541607790779,0.8230814669840182,0.213965676546782,-0.3369596968403866,-0.2499977967714217,0.239573742207419,-0.018715816854753,-0.6131768704109208
-0.146628175030077,-0.2247794030848548,0.159639443851783,0.0217310770682206,-0.4179719574252581,0.396919353180963,-0.4585407715421138,-0.4235569726939967,-0.4195386946653581,-0.4716462965312046,-0.4557055475343667,-0.415617459493911,0.3834618400441292,1.6947201316423053,1.224429902966411,-0.4775055142995487,0.5733935539831251,-0.4558204931889167,0.1255179781964903,-0.5347730235540413,0.1742642976740501,-0.2020494095453242,-0.5158164146917273,-0.7063836401374144,-0.5641261723582708,1.130617537610769,-0.4974024726721137,-0.4802841563456236,-0.489932151940465,1.8420303208297435,0.396288852094476,-0.3601755255995402
1.0190986195252,1.152229774260814,1.2234559989115197,1.0786029702229474,1.5173653734828687,1.2036108872204596,1.589945736011296,0.8812873114244072,1.392264325118416,1.9422960355466707,0.7405739363996474,1.0487285024532569,-0.2289378251411196,-0.6559376924616619,-0.226884683361937,-0.5266215184504065,0.2941594300632261,0.587545374332367,-0.120069575345784,0.9664019692599876,-1.3513780949494387,-0.1002744644203224,-0.3331732445739862,1.5001210715395754,0.1292668204918369,-0.5550288043891176,-0.693519828453495,1.341305667426587,2.386187389251882,0.9424333069675356,1.7336297650420915,-0.5288430888071284
0.4296372362189833,0.3144360034689937,0.0631139124110455,0.2818112417035271,-0.1596084768954652,0.1286493110363401,0.0826298504136378,-0.1084094268582554,0.2153096795984654,0.219414479573481,0.8632872757966125,0.5673065721753616,0.445187491183537,-0.3826161063402839,0.4980603834108756,-0.512976400137095,0.4426523410279722,1.379584434192952,0.4382499770522301,-0.3297721819531818,0.5288517262855869,0.7485461283830271,-0.6186785173422938,0.2876266488606367,-0.3098666532472835,1.7726602492833397,2.471734426718471,0.0824019382153033,0.1922279239834474,-0.6463810425440487,0.1358291421737789,-0.9083451060242022
-1.1835438141686836,-1.2672972490523928,-1.3382837405390793,-1.361657779495609,-1.0359365766518909,-1.3047603731743185,-1.0871217041057006,-0.7473253484052141,-1.098613012794483,-1.089975436264934,-1.1870895497629086,-1.0955161834252498,-1.099117760241202,-1.2715443130429729,-1.7867587834903431,-0.2201036644720352,-1.2367332728351137,-1.5428321347942515,-1.2211393461783508,-1.0250886522104603,-0.8020115316663434,-1.8961225690018508,0.0042499772884305,-0.4891875589007493,1.6294384206659,-1.6110429076946178,-0.9629010220759332,-1.1378527423274232,-0.4628332566757289,-0.4207629164363726,2.95634767709298,1.4530007788820396
0.983192792075464,1.1020824166112646,0.9226776199623192,1.640225002665529,1.2439880625355269,0.7174605080099606,0.8903608719760274,0.101166222600256,0.9278870679531032,0.7306315049228542,0.9126114247841016,1.0722955929186837,0.694464641299481,0.350609846104008,0.8214838740665491,-0.517517027943281,0.7417106811905301,1.218978238186035,0.4699147802429916,0.7814555286516912,-0.6273444023344623,0.6767095169977737,0.5140218403299434,0.185433001764305,0.2479964395158768,0.9804402356133564,-0.3293763887295823,1.1468193099008537,-0.2747586366040263,-0.1930318102188625,-1.378780271126029,-0.1071741807881566
-2.049251818906184,-1.4635929427149093,-1.6649276531555992,-1.4865952568628196,-1.0718093845742451,-1.38010826948144,-1.5343806745373951,-0.7897148816589122,-1.2954099955327305,-1.2458967504700864,-1.2982376032005825,-1.1974835960832422,-1.082194364167608,-1.2346694123329596,-2.0913605913461977,3.567452208514911,-0.83148437929783,-1.3335130561407402,-1.5223491639851672,-1.3225103767929247,-1.2158505841827034,-2.0993382237308644,-0.1744423782199061,-0.8479379859169895,-0.5407959498009259,-1.5358284810537486,-0.8932423004808223,-1.4480044102094225,-0.6930246742878864,0.7295589439744146,-0.8762567137464611,1.916836577702909
-0.4500685351684177,-0.804042862736019,-0.7139282168888367,-0.930306686217439,-0.8417814167228792,-0.9412961675998722,-0.8945958108808976,-0.6072468517896545,-0.8453400129736358,-0.8061255971819612,-0.950228241082124,-1.0075650522649366,-0.3100345425861195,0.4251605404794366,1.7599757938048577,2.445125901191275,-1.2466466771042315,-0.9406411055746452,-0.5327513058913766,-0.3090525977770498,2.595611458894491,0.8526211087347361,0.6411049410763716,-0.7670990930407418,-0.602695077383831,-0.4067551124062425,1.9103887212058603,-0.5941725566649548,-0.4803804651485308,0.5786584910264272,-0.3485836582951384,0.6096629628440963
1.1539658311899037,1.4989383501797924,1.4303846071085575,1.260568463461363,1.6356166100434777,1.6797957828956886,1.6690842795081433,1.2624714635685748,1.7332414432264251,1.3725631888434169,1.6483515482868052,1.4549346928184888,-0.2131171915433764,-0.4599363731525088,0.339811365640069,-0.5254899116374125,-0.2149093127984561,0.5410515716045815,1.241568716212545,2.107191967468017,-0.8344005845872645,0.054826613740022,-0.4290034863380065,3.1018590378014115,-0.0806158680214567,-0.1825578565974858,-0.2989647123816893,1.4095265811869206,2.457521066973057,0.2026273363964781,0.3329919193191797,-0.9083451060242022
0.3486991707981831,0.0604298290035889,-0.183196526397,0.2618393737592187,-0.2851436872885191,0.1131049340312856,-0.0803240088387822,-0.1728893374408338,0.028133890622587,0.0089414856021664,0.6859085015263725,0.2768306814866749,0.3951699368406582,-0.57585755080946,-0.3232355344338599,-0.5026836959138499,1.0218893610684427,1.1399372593216934,1.3311169245020198,-0.3459290330492845,0.6767404938824108,0.4281219188301969,-0.6687923776886063,0.1102849883193637,-0.4127541607790779,0.8230814669840182,0.213965676546782,-0.3369596968403866,-0.2499977967714217,0.239573742207419,-0.018715816854753,-0.6131768704109208
1.634837858667418,1.7729882357505662,1.8674153333131327,1.429949083765116,1.6780429700525057,2.172059489357648,1.6790122866640376,1.993554659292163,2.0307562624302022,1.926835236337584,1.749884425785262,2.0449552248717784,3.960464505677201,-0.0660993604272626,-0.0850344002534402,-0.5319627099526829,-0.8752893993309534,1.608096101698883,3.0007239522968066,2.016740303458169,0.508079324123444,0.538860820390863,0.0201191075369981,2.118188870963328,-0.2228815478213706,1.413103926953087,-0.0111438755025325,1.601757481569292,2.576056716219592,0.2024393611413101,-1.303588717536631,-0.9926788876279976
-0.4158133146423159,-0.5156390671485809,-0.2295942353051585,-0.6815363809908588,-0.7163691545333031,-0.4274225629755183,-0.3756286776941668,-0.5314860397178413,-0.6768909132909836,-0.7180812905286489,-0.765431845959188,-0.8778925704699463,-0.4054678106528978,0.3640384560203087,-0.3124881293313158,-0.1421738718599445,0.4229523066499563,-1.0770248218508114,-0.4331963329288399,-0.7846209831731128,0.4401315817357081,0.9416018848439526,-0.6388604429073655,-0.8922957301086583,-0.6013986095765457,-1.0709722209675492,-0.7549626350899222,-0.4241782666737269,-0.758050734182464,0.9797529926203732,0.5567370804615919,-0.0650072899862589
1.114114137712036,1.26413809678729,1.1093930233168448,1.1551972307690133,1.5278651304857676,0.7984655912314208,0.9889519780990071,0.1751527931446096,1.0950223940505397,0.8695321188411641,0.9680255748336036,0.9959033956679466,0.0928106393058414,0.0450916862427815,0.2921560412127261,-0.5021636455647591,0.328571119854515,0.8765959889034596,0.5038223662591116,0.6150408187183574,-0.9049502736531188,0.1417344095987635,-0.2457642652961151,0.2360924541700465,0.5743406024128863,0.0998047498933392,-0.965468677948361,1.1759715707941651,-0.2002712978201468,-0.3924403201656704,-1.5004103977846484,-0.2758417439957447
-0.4341798853153589,-0.4004250316508307,-0.0375503801587199,-0.3977188486978522,-0.6006331912722908,-0.1025511655173693,-0.797484333670673,-0.484000772783895,-0.5539115124408525,-0.6040115577816981,-0.539057378007905,-0.6936583276988406,-0.0510777392111037,0.8674382845449476,0.7448703474644359,-0.18567312628524,1.875004098526412,-0.8919430264447064,-0.082730184407668,-0.0970463781413462,0.4341698387618963,-0.4809988547154174,-0.576064392910523,-0.9059851322747566,-0.4904676350080633,0.0054245586513399,-1.0090010060328958,-0.1650148978817457,-0.7920160130317723,-0.8694819753243683,-0.105026324874296,-0.1915079623919492
0.983192792075464,1.1020824166112646,0.9226776199623192,1.640225002665529,1.2439880625355269,0.7174605080099606,0.8903608719760274,0.101166222600256,0.9278870679531032,0.7306315049228542,0.9126114247841016,1.0722955929186837,0.694464641299481,0.350609846104008,0.8214838740665491,-0.517517027943281,0.7417106811905301,1.218978238186035,0.4699147802429916,0.7814555286516912,-0.6273444023344623,0.6767095169977737,0.5140218403299434,0.185433001764305,0.2479964395158768,0.9804402356133564,-0.3293763887295823,1.1468193099008537,-0.2747586366040263,-0.1930318102188625,-1.378780271126029,-0.1071741807881566
0.877859539983099,0.9284812210475348,0.8695048454908714,1.1220468862604986,0.9411444138574524,0.6760439097427877,0.6276174938085415,0.0598046366308749,0.8252688589657505,0.5874855905038561,0.8797209012396516,1.007382058710873,0.6686888185281938,1.6059747776803983,1.1706116992346778,-0.5161259044239899,1.358954168963903,0.6034181347459333,0.3532355328426836,0.6426350208803544,-0.4248538041891673,0.7743715572383858,0.0239135326109679,0.0973132383814232,0.2146750918637649,0.7784191204754152,-0.2122101786183744,0.7238115461235602,-0.2399088430746092,-0.3562735761340631,-1.7501404600112933,-0.3601755255995402
-1.5780762767118544,-1.2853348071354005,-1.4890579459420763,-1.222049095906974,-0.995833489910634,-1.3752871343980937,-0.9106556014299652,-0.7676224166665411,-1.182741991337579,-1.1292218206044538,-1.2218892456038906,-1.1238214026959314,-1.078976541773571,-1.220572562616005,-1.4996104988353889,-0.2075688340426056,-1.0845366797339235,-1.195716734339504,-1.4169525199806638,-1.235145385985931,-0.8622252170476402,-1.9341062722645677,-0.203568452308037,-0.6024156062359433,4.1413003522225145,-0.9574999925953488,-0.4400345022290133,-1.2394731620678494,-0.875567537430426,0.2568046161466148,1.0172660559363758,1.6638352328915254
1.114114137712036,1.26413809678729,1.1093930233168448,1.1551972307690133,1.5278651304857676,0.7984655912314208,0.9889519780990071,0.1751527931446096,1.0950223940505397,0.8695321188411641,0.9680255748336036,0.9959033956679466,0.0928106393058414,0.0450916862427815,0.2921560412127261,-0.5021636455647591,0.328571119854515,0.8765959889034596,0.5038223662591116,0.6150408187183574,-0.9049502736531188,0.1417344095987635,-0.2457642652961151,0.2360924541700465,0.5743406024128863,0.0998047498933392,-0.965468677948361,1.1759715707941651,-0.2002712978201468,-0.3924403201656704,-1.5004103977846484,-0.2758417439957447
-0.5745285435202541,-0.7765144752564597,-0.5751992379864717,-0.7992163669001149,-0.8177027273657801,-0.7173467534721248,-0.8363325429639088,-0.5742131336839111,-0.7670382376434155,-0.8129573881966833,-0.849634610036974,-0.9636646275362928,-0.6491641260273081,-0.5630090297976348,-0.7783204582238338,-0.5310212490243545,-1.3119788098607317,-1.1852342400183145,-0.7323769559484979,-0.7533711653600882,1.728639284692384,2.0057202606112225,-0.457066428414523,-0.7523673389974166,-0.6158731373205782,-0.7800026368429093,2.0020214428128376,-0.6877906615052742,-0.4861249146876194,1.325394764457715,-0.5000077824441818,0.3144947272308149
0.4237601278525768,0.35591195557019734,-0.03653910614166231,0.21698762529978904,-0.23371774676760626,0.011968505043924868,0.04871662840587896,-0.07093773187186839,0.20106547627933666,0.2293039836705736,0.9177481506321521,0.6336908787887462,0.44173059444723,-0.31493681186181405,0.5026667163325811,-0.5548463113284681,0.41293232341803543,1.3055576085647012,0.3938432843655475,-0.3476730163569033,0.5690309772545169,0.8345846199413264,-0.6877875931111459,0.30726802227363265,-0.36189385020516024,1.7963951037064998,2.4651800941840847,-0.00914335307707323,0.23864277356187164,-0.7273746422636372,0.023465714406736116,-0.8582578361416268
1.0190986195252,1.152229774260814,1.2234559989115197,1.0786029702229474,1.5173653734828687,1.2036108872204596,1.589945736011296,0.8812873114244072,1.392264325118416,1.9422960355466707,0.7405739363996474,1.0487285024532569,-0.2289378251411196,-0.6559376924616619,-0.226884683361937,-0.5266215184504065,0.2941594300632261,0.587545374332367,-0.120069575345784,0.9664019692599876,-1.3513780949494387,-0.1002744644203224,-0.3331732445739862,1.5001210715395754,0.1292668204918369,-0.5550288043891176,-0.693519828453495,1.341305667426587,2.386187389251882,0.9424333069675356,1.7336297650420915,-0.5288430888071284
-0.4500685351684177,-0.804042862736019,-0.7139282168888367,-0.930306686217439,-0.8417814167228792,-0.9412961675998722,-0.8945958108808976,-0.6072468517896545,-0.8453400129736358,-0.8061255971819612,-0.950228241082124,-1.0075650522649366,-0.3100345425861195,0.4251605404794366,1.7599757938048577,2.445125901191275,-1.2466466771042315,-0.9406411055746452,-0.5327513058913766,-0.3090525977770498,2.595611458894491,0.8526211087347361,0.6411049410763716,-0.7670990930407418,-0.602695077383831,-0.4067551124062425,1.9103887212058603,-0.5941725566649548,-0.4803804651485308,0.5786584910264272,-0.3485836582951384,0.6096629628440963
-0.5745285435202541,-0.7765144752564597,-0.5751992379864717,-0.7992163669001149,-0.8177027273657801,-0.7173467534721248,-0.8363325429639088,-0.5742131336839111,-0.7670382376434155,-0.8129573881966833,-0.849634610036974,-0.9636646275362928,-0.6491641260273081,-0.5630090297976348,-0.7783204582238338,-0.5310212490243545,-1.3119788098607317,-1.1852342400183145,-0.7323769559484979,-0.7533711653600882,1.728639284692384,2.0057202606112225,-0.457066428414523,-0.7523673389974166,-0.6158731373205782,-0.7800026368429093,2.0020214428128376,-0.6877906615052742,-0.4861249146876194,1.325394764457715,-0.5000077824441818,0.3144947272308149
-0.4158133146423159,-0.5156390671485809,-0.2295942353051585,-0.6815363809908588,-0.7163691545333031,-0.4274225629755183,-0.3756286776941668,-0.5314860397178413,-0.6768909132909836,-0.7180812905286489,-0.765431845959188,-0.8778925704699463,-0.4054678106528978,0.3640384560203087,-0.3124881293313158,-0.1421738718599445,0.4229523066499563,-1.0770248218508114,-0.4331963329288399,-0.7846209831731128,0.4401315817357081,0.9416018848439526,-0.6388604429073655,-0.8922957301086583,-0.6013986095765457,-1.0709722209675492,-0.7549626350899222,-0.4241782666737269,-0.758050734182464,0.9797529926203732,0.5567370804615919,-0.0650072899862589
-0.146628175030077,-0.2247794030848548,0.159639443851783,0.0217310770682206,-0.4179719574252581,0.396919353180963,-0.4585407715421138,-0.4235569726939967,-0.4195386946653581,-0.4716462965312046,-0.4557055475343667,-0.415617459493911,0.3834618400441292,1.6947201316423053,1.224429902966411,-0.4775055142995487,0.5733935539831251,-0.4558204931889167,0.1255179781964903,-0.5347730235540413,0.1742642976740501,-0.2020494095453242,-0.5158164146917273,-0.7063836401374144,-0.5641261723582708,1.130617537610769,-0.4974024726721137,-0.4802841563456236,-0.489932151940465,1.8420303208297435,0.396288852094476,-0.3601755255995402
-0.4500685351684177,-0.804042862736019,-0.7139282168888367,-0.930306686217439,-0.8417814167228792,-0.9412961675998722,-0.8945958108808976,-0.6072468517896545,-0.8453400129736358,-0.8061255971819612,-0.950228241082124,-1.0075650522649366,-0.3100345425861195,0.4251605404794366,1.7599757938048577,2.445125901191275,-1.2466466771042315,-0.9406411055746452,-0.5327513058913766,-0.3090525977770498,2.595611458894491,0.8526211087347361,0.6411049410763716,-0.7670990930407418,-0.602695077383831,-0.4067551124062425,1.9103887212058603,-0.5941725566649548,-0.4803804651485308,0.5786584910264272,-0.3485836582951384,0.6096629628440963
-1.5780762767118544,-1.2853348071354005,-1.4890579459420763,-1.222049095906974,-0.995833489910634,-1.3752871343980937,-0.9106556014299652,-0.7676224166665411,-1.182741991337579,-1.1292218206044538,-1.2218892456038906,-1.1238214026959314,-1.078976541773571,-1.220572562616005,-1.4996104988353889,-0.2075688340426056,-1.0845366797339235,-1.195716734339504,-1.4169525199806638,-1.235145385985931,-0.8622252170476402,-1.9341062722645677,-0.203568452308037,-0.6024156062359433,4.1413003522225145,-0.9574999925953488,-0.4400345022290133,-1.2394731620678494,-0.875567537430426,0.2568046161466148,1.0172660559363758,1.6638352328915254
0.0467800702696549,-0.2103952591823486,0.2366506304068424,-0.0622324489753856,-0.4237315378794889,-0.1428550609578763,-0.4272871701503537,-0.3560770322580233,-0.2933908689927043,-0.2891049812852636,-0.2884544764532458,-0.270941980396344,-0.2043044681012397,0.5664303232379279,-0.0627660760128107,-0.3795476980988942,-0.401799133015577,-0.2060659448232713,0.0357134367779285,-0.451547347204844,-0.0350014816507189,-0.0388875052039043,-0.7455858218693301,-0.5035186629036696,-0.5559105747636038,0.7624832386602584,-0.2197233887191853,-0.4895699098765943,-0.193004984070965,0.5830634787096943,0.3489756529280555,-0.5288430888071284
0.8454443473218137,0.7381022156175336,0.5796812001431201,0.7313108388436499,0.7054309108730238,0.4866340486619413,0.5160805139967659,-0.0029068255092302,0.5962815848891619,0.5276195773344942,0.884432825403475,0.9033165414191816,0.5123490471310708,2.992705418500113,0.5297947709208016,-0.5080008764831284,0.1531029236826901,1.010383328234441,0.3544231545878422,1.5509766059338237,0.1874693934631434,0.6568616979769254,0.2801136527889268,0.3604771049024036,0.1567971170558511,0.5630680291182092,0.6241748931716812,0.634580306640837,0.2959382459719454,-1.985435199804674,0.2518669137017295,-0.3180086347976425
1.114114137712036,1.26413809678729,1.1093930233168448,1.1551972307690133,1.5278651304857676,0.7984655912314208,0.9889519780990071,0.1751527931446096,1.0950223940505397,0.8695321188411641,0.9680255748336036,0.9959033956679466,0.0928106393058414,0.0450916862427815,0.2921560412127261,-0.5021636455647591,0.328571119854515,0.8765959889034596,0.5038223662591116,0.6150408187183574,-0.9049502736531188,0.1417344095987635,-0.2457642652961151,0.2360924541700465,0.5743406024128863,0.0998047498933392,-0.965468677948361,1.1759715707941651,-0.2002712978201468,-0.3924403201656704,-1.5004103977846484,-0.2758417439957447
-0.4158133146423159,-0.5156390671485809,-0.2295942353051585,-0.6815363809908588,-0.7163691545333031,-0.4274225629755183,-0.3756286776941668,-0.5314860397178413,-0.6768909132909836,-0.7180812905286489,-0.765431845959188,-0.8778925704699463,-0.4054678106528978,0.3640384560203087,-0.3124881293313158,-0.1421738718599445,0.4229523066499563,-1.0770248218508114,-0.4331963329288399,-0.7846209831731128,0.4401315817357081,0.9416018848439526,-0.6388604429073655,-0.8922957301086583,-0.6013986095765457,-1.0709722209675492,-0.7549626350899222,-0.4241782666737269,-0.758050734182464,0.9797529926203732,0.5567370804615919,-0.0650072899862589
0.8454443473218137,0.7381022156175336,0.5796812001431201,0.7313108388436499,0.7054309108730238,0.4866340486619413,0.5160805139967659,-0.0029068255092302,0.5962815848891619,0.5276195773344942,0.884432825403475,0.9033165414191816,0.5123490471310708,2.992705418500113,0.5297947709208016,-0.5080008764831284,0.1531029236826901,1.010383328234441,0.3544231545878422,1.5509766059338237,0.1874693934631434,0.6568616979769254,0.2801136527889268,0.3604771049024036,0.1567971170558511,0.5630680291182092,0.6241748931716812,0.634580306640837,0.2959382459719454,-1.985435199804674,0.2518669137017295,-0.3180086347976425
0.1563744058565792,-0.0473135785659083,-0.437947221286496,0.0779235928882436,-0.3552896802750338,-0.0569389117557756,-0.1057964546760315,-0.2471085129295573,-0.1417601228386564,-0.1154023208721778,-0.0975742826787961,-0.0181070625941167,0.3543296910720463,-0.7932946046057785,-0.2453857091845438,-0.1902125193285793,1.4619925803114764,0.2582537084610392,0.3817667709642701,-0.3333836018088461,-0.2642288075705569,0.4078178993579289,-0.6476190236006003,-0.3836180708126383,-0.4759550769782965,1.162357007277984,0.1014171605667137,0.2698416903947453,-0.6985523288324258,-0.1443179207895172,0.1793802176413217,-0.3180086347976425
0.0467800702696549,-0.2103952591823486,0.2366506304068424,-0.0622324489753856,-0.4237315378794889,-0.1428550609578763,-0.4272871701503537,-0.3560770322580233,-0.2933908689927043,-0.2891049812852636,-0.2884544764532458,-0.270941980396344,-0.2043044681012397,0.5664303232379279,-0.0627660760128107,-0.3795476980988942,-0.401799133015577,-0.2060659448232713,0.0357134367779285,-0.451547347204844,-0.0350014816507189,-0.0388875052039043,-0.7455858218693301,-0.5035186629036696,-0.5559105747636038,0.7624832386602584,-0.2197233887191853,-0.4895699098765943,-0.193004984070965,0.5830634787096943,0.3489756529280555,-0.5288430888071284
0.877859539983099,0.9284812210475348,0.8695048454908714,1.1220468862604986,0.9411444138574524,0.6760439097427877,0.6276174938085415,0.0598046366308749,0.8252688589657505,0.5874855905038561,0.8797209012396516,1.007382058710873,0.6686888185281938,1.6059747776803983,1.1706116992346778,-0.5161259044239899,1.358954168963903,0.6034181347459333,0.3532355328426836,0.6426350208803544,-0.4248538041891673,0.7743715572383858,0.0239135326109679,0.0973132383814232,0.2146750918637649,0.7784191204754152,-0.2122101786183744,0.7238115461235602,-0.2399088430746092,-0.3562735761340631,-1.7501404600112933,-0.3601755255995402
-0.5745285435202541,-0.7765144752564597,-0.5751992379864717,-0.7992163669001149,-0.8177027273657801,-0.7173467534721248,-0.8363325429639088,-0.5742131336839111,-0.7670382376434155,-0.8129573881966833,-0.849634610036974,-0.9636646275362928,-0.6491641260273081,-0.5630090297976348,-0.7783204582238338,-0.5310212490243545,-1.3119788098607317,-1.1852342400183145,-0.7323769559484979,-0.7533711653600882,1.728639284692384,2.0057202606112225,-0.457066428414523,-0.7523673389974166,-0.6158731373205782,-0.7800026368429093,2.0020214428128376,-0.6877906615052742,-0.4861249146876194,1.325394764457715,-0.5000077824441818,0.3144947272308149
0.983192792075464,1.1020824166112646,0.9226776199623192,1.640225002665529,1.2439880625355269,0.7174605080099606,0.8903608719760274,0.101166222600256,0.9278870679531032,0.7306315049228542,0.9126114247841016,1.0722955929186837,0.694464641299481,0.350609846104008,0.8214838740665491,-0.517517027943281,0.7417106811905301,1.218978238186035,0.4699147802429916,0.7814555286516912,-0.6273444023344623,0.6767095169977737,0.5140218403299434,0.185433001764305,0.2479964395158768,0.9804402356133564,-0.3293763887295823,1.1468193099008537,-0.2747586366040263,-0.1930318102188625,-1.378780271126029,-0.1071741807881566
-1.8177405464271457,-1.4388532237668776,-1.5779689073350345,-1.3772264440160389,-1.0236197216622258,-1.23545571060844,-1.3434664861303764,-0.7805788028106154,-1.2419807890274004,-1.1699044204033835,-1.2573590539125477,-1.168628529208759,-0.984068320917424,-0.6958373282231305,-1.4899613287632438,0.379109735733439,-0.5452502511264901,-0.5013146448547088,-1.3827034257535251,-1.2390819756604323,-0.9246118952292148,-1.8309815957481423,0.6343636453169,-0.7685873777248924,-0.4109397583861431,-1.3259284895922574,-0.2746446770053615,-1.3177671128297554,-0.9198094339051314,-0.3325285307608697,0.3067432080459878,1.7903359052972156
0.0467800702696549,-0.2103952591823486,0.2366506304068424,-0.0622324489753856,-0.4237315378794889,-0.1428550609578763,-0.4272871701503537,-0.3560770322580233,-0.2933908689927043,-0.2891049812852636,-0.2884544764532458,-0.270941980396344,-0.2043044681012397,0.5664303232379279,-0.0627660760128107,-0.3795476980988942,-0.401799133015577,-0.2060659448232713,0.0357134367779285,-0.451547347204844,-0.0350014816507189,-0.0388875052039043,-0.7455858218693301,-0.5035186629036696,-0.5559105747636038,0.7624832386602584,-0.2197233887191853,-0.4895699098765943,-0.193004984070965,0.5830634787096943,0.3489756529280555,-0.5288430888071284
-0.011895422823727131,-0.052344683557748795,-0.030024636536836624,-0.06564696133136749,-0.02534591406583786,-0.005938760004937649,-0.06828856468200684,-0.019038451835513115,0.03021058440208435,-0.05889531970024109,-0.011783194728195667,0.02329879254102707,-0.039972081780433655,0.060014378279447556,0.03612469509243965,0.028919149190187454,0.0025133006274700165,0.008169691078364849,-0.005575621500611305,0.008592501282691956,0.016273878514766693,-0.0342530757188797,-0.0013381950557231903,0.004524273797869682,0.040783271193504333,-0.02661723643541336,0.051440246403217316,-0.032197337597608566,-0.029262244701385498,1.325394764457715,-0.5000077824441818,0.3144947272308149
0.4296372362189833,0.3144360034689937,0.0631139124110455,0.2818112417035271,-0.1596084768954652,0.1286493110363401,0.0826298504136378,-0.1084094268582554,0.2153096795984654,0.219414479573481,0.8632872757966125,0.5673065721753616,0.445187491183537,-0.3826161063402839,0.4980603834108756,-0.512976400137095,0.4426523410279722,1.379584434192952,0.4382499770522301,-0.3297721819531818,0.5288517262855869,0.7485461283830271,-0.6186785173422938,0.2876266488606367,-0.3098666532472835,1.7726602492833397,2.471734426718471,0.0824019382153033,0.1922279239834474,-0.6463810425440487,0.1358291421737789,-0.9083451060242022
1.0190986195252,1.152229774260814,1.2234559989115197,1.0786029702229474,1.5173653734828687,1.2036108872204596,1.589945736011296,0.8812873114244072,1.392264325118416,1.9422960355466707,0.7405739363996474,1.0487285024532569,-0.2289378251411196,-0.6559376924616619,-0.226884683361937,-0.5266215184504065,0.2941594300632261,0.587545374332367,-0.120069575345784,0.9664019692599876,-1.3513780949494387,-0.1002744644203224,-0.3331732445739862,1.5001210715395754,0.1292668204918369,-0.5550288043891176,-0.693519828453495,1.341305667426587,2.386187389251882,0.9424333069675356,1.7336297650420915,-0.5288430888071284
0.1563744058565792,-0.0473135785659083,-0.437947221286496,0.0779235928882436,-0.3552896802750338,-0.0569389117557756,-0.1057964546760315,-0.2471085129295573,-0.1417601228386564,-0.1154023208721778,-0.0975742826787961,-0.0181070625941167,0.3543296910720463,-0.7932946046057785,-0.2453857091845438,-0.1902125193285793,1.4619925803114764,0.2582537084610392,0.3817667709642701,-0.3333836018088461,-0.2642288075705569,0.4078178993579289,-0.6476190236006003,-0.3836180708126383,-0.4759550769782965,1.162357007277984,0.1014171605667137,0.2698416903947453,-0.6985523288324258,-0.1443179207895172,0.1793802176413217,-0.3180086347976425
1.1539658311899037,1.4989383501797924,1.4303846071085575,1.260568463461363,1.6356166100434777,1.6797957828956886,1.6690842795081433,1.2624714635685748,1.7332414432264251,1.3725631888434169,1.6483515482868052,1.4549346928184888,-0.2131171915433764,-0.4599363731525088,0.339811365640069,-0.5254899116374125,-0.2149093127984561,0.5410515716045815,1.241568716212545,2.107191967468017,-0.8344005845872645,0.054826613740022,-0.4290034863380065,3.1018590378014115,-0.0806158680214567,-0.1825578565974858,-0.2989647123816893,1.4095265811869206,2.457521066973057,0.2026273363964781,0.3329919193191797,-0.9083451060242022
0.4296372362189833,0.3144360034689937,0.0631139124110455,0.2818112417035271,-0.1596084768954652,0.1286493110363401,0.0826298504136378,-0.1084094268582554,0.2153096795984654,0.219414479573481,0.8632872757966125,0.5673065721753616,0.445187491183537,-0.3826161063402839,0.4980603834108756,-0.512976400137095,0.4426523410279722,1.379584434192952,0.4382499770522301,-0.3297721819531818,0.5288517262855869,0.7485461283830271,-0.6186785173422938,0.2876266488606367,-0.3098666532472835,1.7726602492833397,2.471734426718471,0.0824019382153033,0.1922279239834474,-0.6463810425440487,0.1358291421737789,-0.9083451060242022
-2.049251818906184,-1.4635929427149093,-1.6649276531555992,-1.4865952568628196,-1.0718093845742451,-1.38010826948144,-1.5343806745373951,-0.7897148816589122,-1.2954099955327305,-1.2458967504700864,-1.2982376032005825,-1.1974835960832422,-1.082194364167608,-1.2346694123329596,-2.0913605913461977,3.567452208514911,-0.83148437929783,-1.3335130561407402,-1.5223491639851672,-1.3225103767929247,-1.2158505841827034,-2.0993382237308644,-0.1744423782199061,-0.8479379859169895,-0.5407959498009259,-1.5358284810537486,-0.8932423004808223,-1.4480044102094225,-0.6930246742878864,0.7295589439744146,-0.8762567137464611,1.916836577702909
0.877859539983099,0.9284812210475348,0.8695048454908714,1.1220468862604986,0.9411444138574524,0.6760439097427877,0.6276174938085415,0.0598046366308749,0.8252688589657505,0.5874855905038561,0.8797209012396516,1.007382058710873,0.6686888185281938,1.6059747776803983,1.1706116992346778,-0.5161259044239899,1.358954168963903,0.6034181347459333,0.3532355328426836,0.6426350208803544,-0.4248538041891673,0.7743715572383858,0.0239135326109679,0.0973132383814232,0.2146750918637649,0.7784191204754152,-0.2122101786183744,0.7238115461235602,-0.2399088430746092,-0.3562735761340631,-1.7501404600112933,-0.3601755255995402
-1.5780762767118544,-1.2853348071354005,-1.4890579459420763,-1.222049095906974,-0.995833489910634,-1.3752871343980937,-0.9106556014299652,-0.7676224166665411,-1.182741991337579,-1.1292218206044538,-1.2218892456038906,-1.1238214026959314,-1.078976541773571,-1.220572562616005,-1.4996104988353889,-0.2075688340426056,-1.0845366797339235,-1.195716734339504,-1.4169525199806638,-1.235145385985931,-0.8622252170476402,-1.9341062722645677,-0.203568452308037,-0.6024156062359433,4.1413003522225145,-0.9574999925953488,-0.4400345022290133,-1.2394731620678494,-0.875567537430426,0.2568046161466148,1.0172660559363758,1.6638352328915254
-1.1835438141686836,-1.2672972490523928,-1.3382837405390793,-1.361657779495609,-1.0359365766518909,-1.3047603731743185,-1.0871217041057006,-0.7473253484052141,-1.098613012794483,-1.089975436264934,-1.1870895497629086,-1.0955161834252498,-1.099117760241202,-1.2715443130429729,-1.7867587834903431,-0.2201036644720352,-1.2367332728351137,-1.5428321347942515,-1.2211393461783508,-1.0250886522104603,-0.8020115316663434,-1.8961225690018508,0.0042499772884305,-0.4891875589007493,1.6294384206659,-1.6110429076946178,-0.9629010220759332,-1.1378527423274232,-0.4628332566757289,-0.4207629164363726,2.95634767709298,1.4530007788820396
-1.8177405464271457,-1.4388532237668776,-1.5779689073350345,-1.3772264440160389,-1.0236197216622258,-1.23545571060844,-1.3434664861303764,-0.7805788028106154,-1.2419807890274004,-1.1699044204033835,-1.2573590539125477,-1.168628529208759,-0.984068320917424,-0.6958373282231305,-1.4899613287632438,0.379109735733439,-0.5452502511264901,-0.5013146448547088,-1.3827034257535251,-1.2390819756604323,-0.9246118952292148,-1.8309815957481423,0.6343636453169,-0.7685873777248924,-0.4109397583861431,-1.3259284895922574,-0.2746446770053615,-1.3177671128297554,-0.9198094339051314,-0.3325285307608697,0.3067432080459878,1.7903359052972156
-0.04738586023449898,0.02294083498418331,-0.0024242885410785675,-0.05723796784877777,-0.1008346676826477,-0.03465450555086136,-0.059664033353328705,-0.12007037550210953,-0.03289995715022087,0.0802454724907875,-0.08518125861883163,-0.06025729328393936,-0.025522533804178238,-0.12764622271060944,-0.05728336423635483,0.014594035223126411,0.004608208313584328,-0.03143487125635147,-0.016337329521775246,-0.011548291891813278,0.011011695489287376,0.031232859939336777,-0.03909236192703247,0.01834724470973015,-0.10579300671815872,-0.061491843312978745,-0.03234919533133507,0.06682899594306946,0.07093022763729095,0.5786584910264272,-0.3485836582951384,0.6096629628440963
-0.8810783117396541,-1.0407688251149831,-0.9665990626702818,-1.1079743105460718,-0.9591641063766552,-1.178536870583221,-0.928220155359342,-0.6892353754491493,-1.0229030616193366,-0.958920492221353,-1.1456232424554982,-1.0867928378957792,-0.8712915654639134,-0.7991067990014123,-0.0885032282431639,0.716541283450604,-1.1660298459418963,-1.2739088465335198,-0.9740477199934728,-0.7889684315026569,0.6606857708229968,0.0344881661760446,0.0200004473130678,-0.7078372237712154,-0.6229471776811869,-1.422737771295585,-0.4064034053955426,-1.114733102527783,-0.5151758552056213,1.2156077646761765,0.0930767600510916,0.9891649800611702
-0.7029019306446641,-1.0257794243251468,-0.8677667756119058,-1.0839827074462345,-0.8882969786261081,-1.0914740020068785,-0.6950027662446908,-0.6685160824158642,-0.9359900220491528,-0.8796152257153622,-1.076843502493566,-1.04002541427511,-0.4524985490577865,0.0442990391639978,1.74735073041983,0.9219796693900166,-1.119668381660177,-0.3998458052591225,-0.705423145487409,-0.6443974109225207,1.8494099182530264,-0.059090757393059,0.6884469036202724,-0.7307832436383805,-0.574874240527434,-0.4643174975093811,0.3500277542435302,-1.0529301402162157,-0.1355841172341096,0.3094723832560785,-0.0518429599688844,0.9048311984573746
1.0460003415216126,1.1005143716770942,1.2352198044909328,1.0074162484529943,1.5396814808600219,1.163280942005091,1.52581400349827,0.9169783182485272,1.4043465512022535,1.911597195477026,0.8131328788507006,1.0266958813747697,-0.22733244144257286,-0.6424920200777319,-0.2578679800683677,-0.50306470378041,0.26748681270498986,0.5669634582215565,-0.05193744335561694,0.9143726666343659,-1.4720171114959133,-0.019727614669727667,-0.20570684694363608,1.4798576082671089,0.03242491846082764,-0.5705530031989148,-0.7078309759455285,1.3318094753754741,2.3305179871557895,0.9645605881777383,1.7961130283942803,-0.4970745316640645
1.634837858667418,1.7729882357505662,1.8674153333131327,1.429949083765116,1.6780429700525057,2.172059489357648,1.6790122866640376,1.993554659292163,2.0307562624302022,1.926835236337584,1.749884425785262,2.0449552248717784,3.960464505677201,-0.0660993604272626,-0.0850344002534402,-0.5319627099526829,-0.8752893993309534,1.608096101698883,3.0007239522968066,2.016740303458169,0.508079324123444,0.538860820390863,0.0201191075369981,2.118188870963328,-0.2228815478213706,1.413103926953087,-0.0111438755025325,1.601757481569292,2.576056716219592,0.2024393611413101,-1.303588717536631,-0.9926788876279976
-0.8810783117396541,-1.0407688251149831,-0.9665990626702818,-1.1079743105460718,-0.9591641063766552,-1.178536870583221,-0.928220155359342,-0.6892353754491493,-1.0229030616193366,-0.958920492221353,-1.1456232424554982,-1.0867928378957792,-0.8712915654639134,-0.7991067990014123,-0.0885032282431639,0.716541283450604,-1.1660298459418963,-1.2739088465335198,-0.9740477199934728,-0.7889684315026569,0.6606857708229968,0.0344881661760446,0.0200004473130678,-0.7078372237712154,-0.6229471776811869,-1.422737771295585,-0.4064034053955426,-1.114733102527783,-0.5151758552056213,1.2156077646761765,0.0930767600510916,0.9891649800611702
-0.8810783117396541,-1.0407688251149831,-0.9665990626702818,-1.1079743105460718,-0.9591641063766552,-1.178536870583221,-0.928220155359342,-0.6892353754491493,-1.0229030616193366,-0.958920492221353,-1.1456232424554982,-1.0867928378957792,-0.8712915654639134,-0.7991067990014123,-0.0885032282431639,0.716541283450604,-1.1660298459418963,-1.2739088465335198,-0.9740477199934728,-0.7889684315026569,0.6606857708229968,0.0344881661760446,0.0200004473130678,-0.7078372237712154,-0.6229471776811869,-1.422737771295585,-0.4064034053955426,-1.114733102527783,-0.5151758552056213,1.2156077646761765,0.0930767600510916,0.9891649800611702
-0.8810783117396541,-1.0407688251149831,-0.9665990626702818,-1.1079743105460718,-0.9591641063766552,-1.178536870583221,-0.928220155359342,-0.6892353754491493,-1.0229030616193366,-0.958920492221353,-1.1456232424554982,-1.0867928378957792,-0.8712915654639134,-0.7991067990014123,-0.0885032282431639,0.716541283450604,-1.1660298459418963,-1.2739088465335198,-0.9740477199934728,-0.7889684315026569,0.6606857708229968,0.0344881661760446,0.0200004473130678,-0.7078372237712154,-0.6229471776811869,-1.422737771295585,-0.4064034053955426,-1.114733102527783,-0.5151758552056213,1.2156077646761765,0.0930767600510916,0.9891649800611702
0.8454443473218137,0.7381022156175336,0.5796812001431201,0.7313108388436499,0.7054309108730238,0.4866340486619413,0.5160805139967659,-0.0029068255092302,0.5962815848891619,0.5276195773344942,0.884432825403475,0.9033165414191816,0.5123490471310708,2.992705418500113,0.5297947709208016,-0.5080008764831284,0.1531029236826901,1.010383328234441,0.3544231545878422,1.5509766059338237,0.1874693934631434,0.6568616979769254,0.2801136527889268,0.3604771049024036,0.1567971170558511,0.5630680291182092,0.6241748931716812,0.634580306640837,0.2959382459719454,-1.985435199804674,0.2518669137017295,-0.3180086347976425
0.0467800702696549,-0.2103952591823486,0.2366506304068424,-0.0622324489753856,-0.4237315378794889,-0.1428550609578763,-0.4272871701503537,-0.3560770322580233,-0.2933908689927043,-0.2891049812852636,-0.2884544764532458,-0.270941980396344,-0.2043044681012397,0.5664303232379279,-0.0627660760128107,-0.3795476980988942,-0.401799133015577,-0.2060659448232713,0.0357134367779285,-0.451547347204844,-0.0350014816507189,-0.0388875052039043,-0.7455858218693301,-0.5035186629036696,-0.5559105747636038,0.7624832386602584,-0.2197233887191853,-0.4895699098765943,-0.193004984070965,0.5830634787096943,0.3489756529280555,-0.5288430888071284
-0.4500685351684177,-0.804042862736019,-0.7139282168888367,-0.930306686217439,-0.8417814167228792,-0.9412961675998722,-0.8945958108808976,-0.6072468517896545,-0.8453400129736358,-0.8061255971819612,-0.950228241082124,-1.0075650522649366,-0.3100345425861195,0.4251605404794366,1.7599757938048577,2.445125901191275,-1.2466466771042315,-0.9406411055746452,-0.5327513058913766,-0.3090525977770498,2.595611458894491,0.8526211087347361,0.6411049410763716,-0.7670990930407418,-0.602695077383831,-0.4067551124062425,1.9103887212058603,-0.5941725566649548,-0.4803804651485308,0.5786584910264272,-0.3485836582951384,0.6096629628440963
-0.4341798853153589,-0.4004250316508307,-0.0375503801587199,-0.3977188486978522,-0.6006331912722908,-0.1025511655173693,-0.797484333670673,-0.484000772783895,-0.5539115124408525,-0.6040115577816981,-0.539057378007905,-0.6936583276988406,-0.0510777392111037,0.8674382845449476,0.7448703474644359,-0.18567312628524,1.875004098526412,-0.8919430264447064,-0.082730184407668,-0.0970463781413462,0.4341698387618963,-0.4809988547154174,-0.576064392910523,-0.9059851322747566,-0.4904676350080633,0.0054245586513399,-1.0090010060328958,-0.1650148978817457,-0.7920160130317723,-0.8694819753243683,-0.105026324874296,-0.1915079623919492
0.1563744058565792,-0.0473135785659083,-0.437947221286496,0.0779235928882436,-0.3552896802750338,-0.0569389117557756,-0.1057964546760315,-0.2471085129295573,-0.1417601228386564,-0.1154023208721778,-0.0975742826787961,-0.0181070625941167,0.3543296910720463,-0.7932946046057785,-0.2453857091845438,-0.1902125193285793,1.4619925803114764,0.2582537084610392,0.3817667709642701,-0.3333836018088461,-0.2642288075705569,0.4078178993579289,-0.6476190236006003,-0.3836180708126383,-0.4759550769782965,1.162357007277984,0.1014171605667137,0.2698416903947453,-0.6985523288324258,-0.1443179207895172,0.1793802176413217,-0.3180086347976425
1.0190986195252,1.152229774260814,1.2234559989115197,1.0786029702229474,1.5173653734828687,1.2036108872204596,1.589945736011296,0.8812873114244072,1.392264325118416,1.9422960355466707,0.7405739363996474,1.0487285024532569,-0.2289378251411196,-0.6559376924616619,-0.226884683361937,-0.5266215184504065,0.2941594300632261,0.587545374332367,-0.120069575345784,0.9664019692599876,-1.3513780949494387,-0.1002744644203224,-0.3331732445739862,1.5001210715395754,0.1292668204918369,-0.5550288043891176,-0.693519828453495,1.341305667426587,2.386187389251882,0.9424333069675356,1.7336297650420915,-0.5288430888071284
-2.049251818906184,-1.4635929427149093,-1.6649276531555992,-1.4865952568628196,-1.0718093845742451,-1.38010826948144,-1.5343806745373951,-0.7897148816589122,-1.2954099955327305,-1.2458967504700864,-1.2982376032005825,-1.1974835960832422,-1.082194364167608,-1.2346694123329596,-2.0913605913461977,3.567452208514911,-0.83148437929783,-1.3335130561407402,-1.5223491639851672,-1.3225103767929247,-1.2158505841827034,-2.0993382237308644,-0.1744423782199061,-0.8479379859169895,-0.5407959498009259,-1.5358284810537486,-0.8932423004808223,-1.4480044102094225,-0.6930246742878864,0.7295589439744146,-0.8762567137464611,1.916836577702909
0.8454443473218137,0.7381022156175336,0.5796812001431201,0.7313108388436499,0.7054309108730238,0.4866340486619413,0.5160805139967659,-0.0029068255092302,0.5962815848891619,0.5276195773344942,0.884432825403475,0.9033165414191816,0.5123490471310708,2.992705418500113,0.5297947709208016,-0.5080008764831284,0.1531029236826901,1.010383328234441,0.3544231545878422,1.5509766059338237,0.1874693934631434,0.6568616979769254,0.2801136527889268,0.3604771049024036,0.1567971170558511,0.5630680291182092,0.6241748931716812,0.634580306640837,0.2959382459719454,-1.985435199804674,0.2518669137017295,-0.3180086347976425
0.6855375000446186,0.5272580087947287,0.4098700047171378,0.4149360157491202,-0.1124764204575749,0.287711358359782,0.8469526161559459,-0.0830397255905054,0.3913669592505734,0.3952702634056066,0.716172467117703,0.7633874694033113,0.3615136772853074,-0.4554484223565174,-0.2054542743730885,-0.5258944873819824,-0.4386598384342483,0.602432550074947,0.4915292035677548,1.2996195397750414,-0.5607289098646239,0.5019006534769035,-0.839863014655845,0.2692422846232749,0.0799380666697927,0.9628989866854089,1.5479796141648436,0.3094578220931296,0.0663305189442173,-2.081030763738692,0.0091132705609736,-0.9505119968261
-0.4158133146423159,-0.5156390671485809,-0.2295942353051585,-0.6815363809908588,-0.7163691545333031,-0.4274225629755183,-0.3756286776941668,-0.5314860397178413,-0.6768909132909836,-0.7180812905286489,-0.765431845959188,-0.8778925704699463,-0.4054678106528978,0.3640384560203087,-0.3124881293313158,-0.1421738718599445,0.4229523066499563,-1.0770248218508114,-0.4331963329288399,-0.7846209831731128,0.4401315817357081,0.9416018848439526,-0.6388604429073655,-0.8922957301086583,-0.6013986095765457,-1.0709722209675492,-0.7549626350899222,-0.4241782666737269,-0.758050734182464,0.9797529926203732,0.5567370804615919,-0.0650072899862589
-0.4341798853153589,-0.4004250316508307,-0.0375503801587199,-0.3977188486978522,-0.6006331912722908,-0.1025511655173693,-0.797484333670673,-0.484000772783895,-0.5539115124408525,-0.6040115577816981,-0.539057378007905,-0.6936583276988406,-0.0510777392111037,0.8674382845449476,0.7448703474644359,-0.18567312628524,1.875004098526412,-0.8919430264447064,-0.082730184407668,-0.0970463781413462,0.4341698387618963,-0.4809988547154174,-0.576064392910523,-0.9059851322747566,-0.4904676350080633,0.0054245586513399,-1.0090010060328958,-0.1650148978817457,-0.7920160130317723,-0.8694819753243683,-0.105026324874296,-0.1915079623919492
0.6855375000446186,0.5272580087947287,0.4098700047171378,0.4149360157491202,-0.1124764204575749,0.287711358359782,0.8469526161559459,-0.0830397255905054,0.3913669592505734,0.3952702634056066,0.716172467117703,0.7633874694033113,0.3615136772853074,-0.4554484223565174,-0.2054542743730885,-0.5258944873819824,-0.4386598384342483,0.602432550074947,0.4915292035677548,1.2996195397750414,-0.5607289098646239,0.5019006534769035,-0.839863014655845,0.2692422846232749,0.0799380666697927,0.9628989866854089,1.5479796141648436,0.3094578220931296,0.0663305189442173,-2.081030763738692,0.0091132705609736,-0.9505119968261
-1.5780762767118544,-1.2853348071354005,-1.4890579459420763,-1.222049095906974,-0.995833489910634,-1.3752871343980937,-0.9106556014299652,-0.7676224166665411,-1.182741991337579,-1.1292218206044538,-1.2218892456038906,-1.1238214026959314,-1.078976541773571,-1.220572562616005,-1.4996104988353889,-0.2075688340426056,-1.0845366797339235,-1.195716734339504,-1.4169525199806638,-1.235145385985931,-0.8622252170476402,-1.9341062722645677,-0.203568452308037,-0.6024156062359433,4.1413003522225145,-0.9574999925953488,-0.4400345022290133,-1.2394731620678494,-0.875567537430426,0.2568046161466148,1.0172660559363758,1.6638352328915254
-1.6213678324965166,-1.2369208894058263,-1.5732014345228666,-1.238793347406263,-0.9876958366553837,-1.3459760178301299,-0.8750942724403225,-0.7279550549065448,-1.200178244950001,-1.152339410237682,-1.1789904515410328,-1.1333866189400121,-1.1427608579404671,-1.277236923316179,-1.5455831131354694,-0.1827107968399174,-1.0774153929303953,-1.1611924666361157,-1.4383151522974906,-1.2272184014320953,-0.8309456973492734,-1.9495735992505796,-0.18072969043016643,-0.6355119032892759,4.1231476598942605,-0.9765868872952652,-0.4998264845084653,-1.2151245380285702,-0.8990376544405623,0.20526393013305713,1.0144183288756994,1.7162939139635929
-0.7029019306446641,-1.0257794243251468,-0.8677667756119058,-1.0839827074462345,-0.8882969786261081,-1.0914740020068785,-0.6950027662446908,-0.6685160824158642,-0.9359900220491528,-0.8796152257153622,-1.076843502493566,-1.04002541427511,-0.4524985490577865,0.0442990391639978,1.74735073041983,0.9219796693900166,-1.119668381660177,-0.3998458052591225,-0.705423145487409,-0.6443974109225207,1.8494099182530264,-0.059090757393059,0.6884469036202724,-0.7307832436383805,-0.574874240527434,-0.4643174975093811,0.3500277542435302,-1.0529301402162157,-0.1355841172341096,0.3094723832560785,-0.0518429599688844,0.9048311984573746
-1.1835438141686836,-1.2672972490523928,-1.3382837405390793,-1.361657779495609,-1.0359365766518909,-1.3047603731743185,-1.0871217041057006,-0.7473253484052141,-1.098613012794483,-1.089975436264934,-1.1870895497629086,-1.0955161834252498,-1.099117760241202,-1.2715443130429729,-1.7867587834903431,-0.2201036644720352,-1.2367332728351137,-1.5428321347942515,-1.2211393461783508,-1.0250886522104603,-0.8020115316663434,-1.8961225690018508,0.0042499772884305,-0.4891875589007493,1.6294384206659,-1.6110429076946178,-0.9629010220759332,-1.1378527423274232,-0.4628332566757289,-0.4207629164363726,2.95634767709298,1.4530007788820396
-0.016844261437654495,-0.10050185024738312,-0.021212879568338394,-0.020595207810401917,0.020379506051540375,-0.013961588963866234,0.00018933042883872986,0.03248785436153412,-0.02942570671439171,-0.05974160507321358,0.0492212176322937,0.06556592881679535,0.011934947222471237,-0.13965268433094025,-0.0765727236866951,-0.09603173285722733,-0.04092245176434517,-0.005911649204790592,-0.009457571431994438,-0.039686042815446854,0.08470961451530457,-0.1058041900396347,-0.07081370800733566,-0.07682792842388153,0.086268350481987,0.014595335349440575,0.06897015869617462,-0.13591217994689941,-0.01967271789908409,0.2026273363964781,0.3329919193191797,-0.9083451060242022
-2.049251818906184,-1.4635929427149093,-1.6649276531555992,-1.4865952568628196,-1.0718093845742451,-1.38010826948144,-1.5343806745373951,-0.7897148816589122,-1.2954099955327305,-1.2458967504700864,-1.2982376032005825,-1.1974835960832422,-1.082194364167608,-1.2346694123329596,-2.0913605913461977,3.567452208514911,-0.83148437929783,-1.3335130561407402,-1.5223491639851672,-1.3225103767929247,-1.2158505841827034,-2.0993382237308644,-0.1744423782199061,-0.8479379859169895,-0.5407959498009259,-1.5358284810537486,-0.8932423004808223,-1.4480044102094225,-0.6930246742878864,0.7295589439744146,-0.8762567137464611,1.916836577702909
-0.4158133146423159,-0.5156390671485809,-0.2295942353051585,-0.6815363809908588,-0.7163691545333031,-0.4274225629755183,-0.3756286776941668,-0.5314860397178413,-0.6768909132909836,-0.7180812905286489,-0.765431845959188,-0.8778925704699463,-0.4054678106528978,0.3640384560203087,-0.3124881293313158,-0.1421738718599445,0.4229523066499563,-1.0770248218508114,-0.4331963329288399,-0.7846209831731128,0.4401315817357081,0.9416018848439526,-0.6388604429073655,-0.8922957301086583,-0.6013986095765457,-1.0709722209675492,-0.7549626350899222,-0.4241782666737269,-0.758050734182464,0.9797529926203732,0.5567370804615919,-0.0650072899862589
0.24852305619485737,0.14064254707944596,-0.20608149794484126,0.2672333959763703,-0.21966615304549272,0.03299195697833933,-0.14290636954408917,-0.25295323429677646,-0.011572923878684197,0.03092331590301608,0.7121178936670111,0.2906443904531026,0.3245316426460399,-0.6913627226410922,-0.3205178551643408,-0.5262724975957667,1.0448586496542733,1.175034940632757,1.3380289961049538,-0.30792237878049183,0.6882010625881642,0.4546251541102702,-0.7040260408321004,0.10130441762779077,-0.40291535594623,0.8641078907548891,0.1942786179355534,-0.310901334053781,-0.26328973636719066,0.24747969645267445,0.02017255259949327,-0.5728264563136973
-0.4158133146423159,-0.5156390671485809,-0.2295942353051585,-0.6815363809908588,-0.7163691545333031,-0.4274225629755183,-0.3756286776941668,-0.5314860397178413,-0.6768909132909836,-0.7180812905286489,-0.765431845959188,-0.8778925704699463,-0.4054678106528978,0.3640384560203087,-0.3124881293313158,-0.1421738718599445,0.4229523066499563,-1.0770248218508114,-0.4331963329288399,-0.7846209831731128,0.4401315817357081,0.9416018848439526,-0.6388604429073655,-0.8922957301086583,-0.6013986095765457,-1.0709722209675492,-0.7549626350899222,-0.4241782666737269,-0.758050734182464,0.9797529926203732,0.5567370804615919,-0.0650072899862589
-0.007857558317482471,-0.10900134593248367,-0.013518039137125015,-0.0055796317756175995,-0.03833521157503128,-0.03989715874195099,-0.04745800420641899,0.05740510672330856,-0.09785695374011993,-0.13797421753406525,-0.019941069185733795,-0.018919819965958595,-0.0179356150329113,-0.19805748760700226,-0.06970123201608658,-0.14276331663131714,0.015645671635866165,-0.005740177817642689,-0.0542973056435585,-0.03106045536696911,0.0783178061246872,-0.14900875091552734,-0.04229956865310669,-0.06702780723571777,0.17797669768333435,0.0004155263304710388,-0.06930123269557953,-0.1613566279411316,-0.08964043855667114,0.9797529926203732,0.5567370804615919,-0.0650072899862589
0.1563744058565792,-0.0473135785659083,-0.437947221286496,0.0779235928882436,-0.3552896802750338,-0.0569389117557756,-0.1057964546760315,-0.2471085129295573,-0.1417601228386564,-0.1154023208721778,-0.0975742826787961,-0.0181070625941167,0.3543296910720463,-0.7932946046057785,-0.2453857091845438,-0.1902125193285793,1.4619925803114764,0.2582537084610392,0.3817667709642701,-0.3333836018088461,-0.2642288075705569,0.4078178993579289,-0.6476190236006003,-0.3836180708126383,-0.4759550769782965,1.162357007277984,0.1014171605667137,0.2698416903947453,-0.6985523288324258,-0.1443179207895172,0.1793802176413217,-0.3180086347976425
-0.8810783117396541,-1.0407688251149831,-0.9665990626702818,-1.1079743105460718,-0.9591641063766552,-1.178536870583221,-0.928220155359342,-0.6892353754491493,-1.0229030616193366,-0.958920492221353,-1.1456232424554982,-1.0867928378957792,-0.8712915654639134,-0.7991067990014123,-0.0885032282431639,0.716541283450604,-1.1660298459418963,-1.2739088465335198,-0.9740477199934728,-0.7889684315026569,0.6606857708229968,0.0344881661760446,0.0200004473130678,-0.7078372237712154,-0.6229471776811869,-1.422737771295585,-0.4064034053955426,-1.114733102527783,-0.5151758552056213,1.2156077646761765,0.0930767600510916,0.9891649800611702
-0.01924317702651024,-0.09753579646348953,-0.01515893079340458,-0.014865249395370483,-0.055003922432661057,-0.05386820435523987,-0.05182667821645737,0.05558425933122635,-0.06311379373073578,-0.11647018045186996,-0.04204298555850983,-0.05463579297065735,-0.03973029553890228,-0.09396407008171082,-0.03651086986064911,-0.1033380925655365,0.04214203730225563,0.0004766751080751419,-0.02804737351834774,-0.002555499318987131,-0.00683836592361331,-0.08703414350748062,-0.020776232704520226,-0.021468961611390114,0.1456373929977417,-0.005359041038900614,-0.09016847610473633,-0.09532372653484344,-0.08295472711324692,-0.8694819753243683,-0.105026324874296,-0.1915079623919492
-0.7029019306446641,-1.0257794243251468,-0.8677667756119058,-1.0839827074462345,-0.8882969786261081,-1.0914740020068785,-0.6950027662446908,-0.6685160824158642,-0.9359900220491528,-0.8796152257153622,-1.076843502493566,-1.04002541427511,-0.4524985490577865,0.0442990391639978,1.74735073041983,0.9219796693900166,-1.119668381660177,-0.3998458052591225,-0.705423145487409,-0.6443974109225207,1.8494099182530264,-0.059090757393059,0.6884469036202724,-0.7307832436383805,-0.574874240527434,-0.4643174975093811,0.3500277542435302,-1.0529301402162157,-0.1355841172341096,0.3094723832560785,-0.0518429599688844,0.9048311984573746
-0.7029019306446641,-1.0257794243251468,-0.8677667756119058,-1.0839827074462345,-0.8882969786261081,-1.0914740020068785,-0.6950027662446908,-0.6685160824158642,-0.9359900220491528,-0.8796152257153622,-1.076843502493566,-1.04002541427511,-0.4524985490577865,0.0442990391639978,1.74735073041983,0.9219796693900166,-1.119668381660177,-0.3998458052591225,-0.705423145487409,-0.6443974109225207,1.8494099182530264,-0.059090757393059,0.6884469036202724,-0.7307832436383805,-0.574874240527434,-0.4643174975093811,0.3500277542435302,-1.0529301402162157,-0.1355841172341096,0.3094723832560785,-0.0518429599688844,0.9048311984573746
-0.4158133146423159,-0.5156390671485809,-0.2295942353051585,-0.6815363809908588,-0.7163691545333031,-0.4274225629755183,-0.3756286776941668,-0.5314860397178413,-0.6768909132909836,-0.7180812905286489,-0.765431845959188,-0.8778925704699463,-0.4054678106528978,0.3640384560203087,-0.3124881293313158,-0.1421738718599445,0.4229523066499563,-1.0770248218508114,-0.4331963329288399,-0.7846209831731128,0.4401315817357081,0.9416018848439526,-0.6388604429073655,-0.8922957301086583,-0.6013986095765457,-1.0709722209675492,-0.7549626350899222,-0.4241782666737269,-0.758050734182464,0.9797529926203732,0.5567370804615919,-0.0650072899862589
0.983192792075464,1.1020824166112646,0.9226776199623192,1.640225002665529,1.2439880625355269,0.7174605080099606,0.8903608719760274,0.101166222600256,0.9278870679531032,0.7306315049228542,0.9126114247841016,1.0722955929186837,0.694464641299481,0.350609846104008,0.8214838740665491,-0.517517027943281,0.7417106811905301,1.218978238186035,0.4699147802429916,0.7814555286516912,-0.6273444023344623,0.6767095169977737,0.5140218403299434,0.185433001764305,0.2479964395158768,0.9804402356133564,-0.3293763887295823,1.1468193099008537,-0.2747586366040263,-0.1930318102188625,-1.378780271126029,-0.1071741807881566
-0.4500685351684177,-0.804042862736019,-0.7139282168888367,-0.930306686217439,-0.8417814167228792,-0.9412961675998722,-0.8945958108808976,-0.6072468517896545,-0.8453400129736358,-0.8061255971819612,-0.950228241082124,-1.0075650522649366,-0.3100345425861195,0.4251605404794366,1.7599757938048577,2.445125901191275,-1.2466466771042315,-0.9406411055746452,-0.5327513058913766,-0.3090525977770498,2.595611458894491,0.8526211087347361,0.6411049410763716,-0.7670990930407418,-0.602695077383831,-0.4067551124062425,1.9103887212058603,-0.5941725566649548,-0.4803804651485308,0.5786584910264272,-0.3485836582951384,0.6096629628440963
0.4296372362189833,0.3144360034689937,0.0631139124110455,0.2818112417035271,-0.1596084768954652,0.1286493110363401,0.0826298504136378,-0.1084094268582554,0.2153096795984654,0.219414479573481,0.8632872757966125,0.5673065721753616,0.445187491183537,-0.3826161063402839,0.4980603834108756,-0.512976400137095,0.4426523410279722,1.379584434192952,0.4382499770522301,-0.3297721819531818,0.5288517262855869,0.7485461283830271,-0.6186785173422938,0.2876266488606367,-0.3098666532472835,1.7726602492833397,2.471734426718471,0.0824019382153033,0.1922279239834474,-0.6463810425440487,0.1358291421737789,-0.9083451060242022
0.1563744058565792,-0.0473135785659083,-0.437947221286496,0.0779235928882436,-0.3552896802750338,-0.0569389117557756,-0.1057964546760315,-0.2471085129295573,-0.1417601228386564,-0.1154023208721778,-0.0975742826787961,-0.0181070625941167,0.3543296910720463,-0.7932946046057785,-0.2453857091845438,-0.1902125193285793,1.4619925803114764,0.2582537084610392,0.3817667709642701,-0.3333836018088461,-0.2642288075705569,0.4078178993579289,-0.6476190236006003,-0.3836180708126383,-0.4759550769782965,1.162357007277984,0.1014171605667137,0.2698416903947453,-0.6985523288324258,-0.1443179207895172,0.1793802176413217,-0.3180086347976425
0.9382696426116536,1.1416519982126092,1.2102332836434913,1.0343545488989578,1.4559150365867248,1.2935778088026484,1.5842015315909932,3.560490452001116,1.23997676910106,1.7102740971459127,1.084159698008358,0.8246743121129014,-0.2381894834827992,0.2174610515513577,0.0672187867119359,-0.5269661429804581,1.7986034158173814,1.17758416406618,0.3961568823980797,0.2146267909512746,-0.97646750166389,-0.1223329843332899,4.267964212934988,0.791377963137693,-0.0916512712443571,-0.1416873362622927,-1.252710618095895,1.7932569016213578,0.490731179559206,-1.9857334464928411,-0.484893412407306,-2.215518720883015
-0.004838154651224613,-0.08521248400211334,-0.019558586180210114,-0.021572688594460487,-0.04685956984758377,-0.03664044290781021,-0.04477960243821144,0.04861439764499664,-0.057637106627225876,-0.09818063676357269,-0.022811897099018097,-0.025864696130156517,-0.025264734402298927,-0.10266660153865814,-0.03538067638874054,-0.09817510098218918,0.02471860870718956,0.003965144045650959,-0.027678759768605232,-0.019639305770397186,0.02262742444872856,-0.09481359273195267,-0.016372572630643845,-0.03437785804271698,0.13219034671783447,-0.0006308509036898613,-0.05219609662890434,-0.09684664756059647,-0.07099862396717072,1.8420303208297435,0.396288852094476,-0.3601755255995402
1.114114137712036,1.26413809678729,1.1093930233168448,1.1551972307690133,1.5278651304857676,0.7984655912314208,0.9889519780990071,0.1751527931446096,1.0950223940505397,0.8695321188411641,0.9680255748336036,0.9959033956679466,0.0928106393058414,0.0450916862427815,0.2921560412127261,-0.5021636455647591,0.328571119854515,0.8765959889034596,0.5038223662591116,0.6150408187183574,-0.9049502736531188,0.1417344095987635,-0.2457642652961151,0.2360924541700465,0.5743406024128863,0.0998047498933392,-0.965468677948361,1.1759715707941651,-0.2002712978201468,-0.3924403201656704,-1.5004103977846484,-0.2758417439957447
-0.4341798853153589,-0.4004250316508307,-0.0375503801587199,-0.3977188486978522,-0.6006331912722908,-0.1025511655173693,-0.797484333670673,-0.484000772783895,-0.5539115124408525,-0.6040115577816981,-0.539057378007905,-0.6936583276988406,-0.0510777392111037,0.8674382845449476,0.7448703474644359,-0.18567312628524,1.875004098526412,-0.8919430264447064,-0.082730184407668,-0.0970463781413462,0.4341698387618963,-0.4809988547154174,-0.576064392910523,-0.9059851322747566,-0.4904676350080633,0.0054245586513399,-1.0090010060328958,-0.1650148978817457,-0.7920160130317723,-0.8694819753243683,-0.105026324874296,-0.1915079623919492
-0.4158133146423159,-0.5156390671485809,-0.2295942353051585,-0.6815363809908588,-0.7163691545333031,-0.4274225629755183,-0.3756286776941668,-0.5314860397178413,-0.6768909132909836,-0.7180812905286489,-0.765431845959188,-0.8778925704699463,-0.4054678106528978,0.3640384560203087,-0.3124881293313158,-0.1421738718599445,0.4229523066499563,-1.0770248218508114,-0.4331963329288399,-0.7846209831731128,0.4401315817357081,0.9416018848439526,-0.6388604429073655,-0.8922957301086583,-0.6013986095765457,-1.0709722209675492,-0.7549626350899222,-0.4241782666737269,-0.758050734182464,0.9797529926203732,0.5567370804615919,-0.0650072899862589
1.0190986195252,1.152229774260814,1.2234559989115197,1.0786029702229474,1.5173653734828687,1.2036108872204596,1.589945736011296,0.8812873114244072,1.392264325118416,1.9422960355466707,0.7405739363996474,1.0487285024532569,-0.2289378251411196,-0.6559376924616619,-0.226884683361937,-0.5266215184504065,0.2941594300632261,0.587545374332367,-0.120069575345784,0.9664019692599876,-1.3513780949494387,-0.1002744644203224,-0.3331732445739862,1.5001210715395754,0.1292668204918369,-0.5550288043891176,-0.693519828453495,1.341305667426587,2.386187389251882,0.9424333069675356,1.7336297650420915,-0.5288430888071284
-0.8810783117396541,-1.0407688251149831,-0.9665990626702818,-1.1079743105460718,-0.9591641063766552,-1.178536870583221,-0.928220155359342,-0.6892353754491493,-1.0229030616193366,-0.958920492221353,-1.1456232424554982,-1.0867928378957792,-0.8712915654639134,-0.7991067990014123,-0.0885032282431639,0.716541283450604,-1.1660298459418963,-1.2739088465335198,-0.9740477199934728,-0.7889684315026569,0.6606857708229968,0.0344881661760446,0.0200004473130678,-0.7078372237712154,-0.6229471776811869,-1.422737771295585,-0.4064034053955426,-1.114733102527783,-0.5151758552056213,1.2156077646761765,0.0930767600510916,0.9891649800611702
-0.4158133146423159,-0.5156390671485809,-0.2295942353051585,-0.6815363809908588,-0.7163691545333031,-0.4274225629755183,-0.3756286776941668,-0.5314860397178413,-0.6768909132909836,-0.7180812905286489,-0.765431845959188,-0.8778925704699463,-0.4054678106528978,0.3640384560203087,-0.3124881293313158,-0.1421738718599445,0.4229523066499563,-1.0770248218508114,-0.4331963329288399,-0.7846209831731128,0.4401315817357081,0.9416018848439526,-0.6388604429073655,-0.8922957301086583,-0.6013986095765457,-1.0709722209675492,-0.7549626350899222,-0.4241782666737269,-0.758050734182464,0.9797529926203732,0.5567370804615919,-0.0650072899862589
0.1563744058565792,-0.0473135785659083,-0.437947221286496,0.0779235928882436,-0.3552896802750338,-0.0569389117557756,-0.1057964546760315,-0.2471085129295573,-0.1417601228386564,-0.1154023208721778,-0.0975742826787961,-0.0181070625941167,0.3543296910720463,-0.7932946046057785,-0.2453857091845438,-0.1902125193285793,1.4619925803114764,0.2582537084610392,0.3817667709642701,-0.3333836018088461,-0.2642288075705569,0.4078178993579289,-0.6476190236006003,-0.3836180708126383,-0.4759550769782965,1.162357007277984,0.1014171605667137,0.2698416903947453,-0.6985523288324258,-0.1443179207895172,0.1793802176413217,-0.3180086347976425
-2.049251818906184,-1.4635929427149093,-1.6649276531555992,-1.4865952568628196,-1.0718093845742451,-1.38010826948144,-1.5343806745373951,-0.7897148816589122,-1.2954099955327305,-1.2458967504700864,-1.2982376032005825,-1.1974835960832422,-1.082194364167608,-1.2346694123329596,-2.0913605913461977,3.567452208514911,-0.83148437929783,-1.3335130561407402,-1.5223491639851672,-1.3225103767929247,-1.2158505841827034,-2.0993382237308644,-0.1744423782199061,-0.8479379859169895,-0.5407959498009259,-1.5358284810537486,-0.8932423004808223,-1.4480044102094225,-0.6930246742878864,0.7295589439744146,-0.8762567137464611,1.916836577702909
0.8454443473218137,0.7381022156175336,0.5796812001431201,0.7313108388436499,0.7054309108730238,0.4866340486619413,0.5160805139967659,-0.0029068255092302,0.5962815848891619,0.5276195773344942,0.884432825403475,0.9033165414191816,0.5123490471310708,2.992705418500113,0.5297947709208016,-0.5080008764831284,0.1531029236826901,1.010383328234441,0.3544231545878422,1.5509766059338237,0.1874693934631434,0.6568616979769254,0.2801136527889268,0.3604771049024036,0.1567971170558511,0.5630680291182092,0.6241748931716812,0.634580306640837,0.2959382459719454,-1.985435199804674,0.2518669137017295,-0.3180086347976425
0.877859539983099,0.9284812210475348,0.8695048454908714,1.1220468862604986,0.9411444138574524,0.6760439097427877,0.6276174938085415,0.0598046366308749,0.8252688589657505,0.5874855905038561,0.8797209012396516,1.007382058710873,0.6686888185281938,1.6059747776803983,1.1706116992346778,-0.5161259044239899,1.358954168963903,0.6034181347459333,0.3532355328426836,0.6426350208803544,-0.4248538041891673,0.7743715572383858,0.0239135326109679,0.0973132383814232,0.2146750918637649,0.7784191204754152,-0.2122101786183744,0.7238115461235602,-0.2399088430746092,-0.3562735761340631,-1.7501404600112933,-0.3601755255995402
1.0190986195252,1.152229774260814,1.2234559989115197,1.0786029702229474,1.5173653734828687,1.2036108872204596,1.589945736011296,0.8812873114244072,1.392264325118416,1.9422960355466707,0.7405739363996474,1.0487285024532569,-0.2289378251411196,-0.6559376924616619,-0.226884683361937,-0.5266215184504065,0.2941594300632261,0.587545374332367,-0.120069575345784,0.9664019692599876,-1.3513780949494387,-0.1002744644203224,-0.3331732445739862,1.5001210715395754,0.1292668204918369,-0.5550288043891176,-0.693519828453495,1.341305667426587,2.386187389251882,0.9424333069675356,1.7336297650420915,-0.5288430888071284
-0.4500685351684177,-0.804042862736019,-0.7139282168888367,-0.930306686217439,-0.8417814167228792,-0.9412961675998722,-0.8945958108808976,-0.6072468517896545,-0.8453400129736358,-0.8061255971819612,-0.950228241082124,-1.0075650522649366,-0.3100345425861195,0.4251605404794366,1.7599757938048577,2.445125901191275,-1.2466466771042315,-0.9406411055746452,-0.5327513058913766,-0.3090525977770498,2.595611458894491,0.8526211087347361,0.6411049410763716,-0.7670990930407418,-0.602695077383831,-0.4067551124062425,1.9103887212058603,-0.5941725566649548,-0.4803804651485308,0.5786584910264272,-0.3485836582951384,0.6096629628440963
-0.5745285435202541,-0.7765144752564597,-0.5751992379864717,-0.7992163669001149,-0.8177027273657801,-0.7173467534721248,-0.8363325429639088,-0.5742131336839111,-0.7670382376434155,-0.8129573881966833,-0.849634610036974,-0.9636646275362928,-0.6491641260273081,-0.5630090297976348,-0.7783204582238338,-0.5310212490243545,-1.3119788098607317,-1.1852342400183145,-0.7323769559484979,-0.7533711653600882,1.728639284692384,2.0057202606112225,-0.457066428414523,-0.7523673389974166,-0.6158731373205782,-0.7800026368429093,2.0020214428128376,-0.6877906615052742,-0.4861249146876194,1.325394764457715,-0.5000077824441818,0.3144947272308149
-0.4500685351684177,-0.804042862736019,-0.7139282168888367,-0.930306686217439,-0.8417814167228792,-0.9412961675998722,-0.8945958108808976,-0.6072468517896545,-0.8453400129736358,-0.8061255971819612,-0.950228241082124,-1.0075650522649366,-0.3100345425861195,0.4251605404794366,1.7599757938048577,2.445125901191275,-1.2466466771042315,-0.9406411055746452,-0.5327513058913766,-0.3090525977770498,2.595611458894491,0.8526211087347361,0.6411049410763716,-0.7670990930407418,-0.602695077383831,-0.4067551124062425,1.9103887212058603,-0.5941725566649548,-0.4803804651485308,0.5786584910264272,-0.3485836582951384,0.6096629628440963
0.877859539983099,0.9284812210475348,0.8695048454908714,1.1220468862604986,0.9411444138574524,0.6760439097427877,0.6276174938085415,0.0598046366308749,0.8252688589657505,0.5874855905038561,0.8797209012396516,1.007382058710873,0.6686888185281938,1.6059747776803983,1.1706116992346778,-0.5161259044239899,1.358954168963903,0.6034181347459333,0.3532355328426836,0.6426350208803544,-0.4248538041891673,0.7743715572383858,0.0239135326109679,0.0973132383814232,0.2146750918637649,0.7784191204754152,-0.2122101786183744,0.7238115461235602,-0.2399088430746092,-0.3562735761340631,-1.7501404600112933,-0.3601755255995402
0.0467800702696549,-0.2103952591823486,0.2366506304068424,-0.0622324489753856,-0.4237315378794889,-0.1428550609578763,-0.4272871701503537,-0.3560770322580233,-0.2933908689927043,-0.2891049812852636,-0.2884544764532458,-0.270941980396344,-0.2043044681012397,0.5664303232379279,-0.0627660760128107,-0.3795476980988942,-0.401799133015577,-0.2060659448232713,0.0357134367779285,-0.451547347204844,-0.0350014816507189,-0.0388875052039043,-0.7455858218693301,-0.5035186629036696,-0.5559105747636038,0.7624832386602584,-0.2197233887191853,-0.4895699098765943,-0.193004984070965,0.5830634787096943,0.3489756529280555,-0.5288430888071284
-1.8177405464271457,-1.4388532237668776,-1.5779689073350345,-1.3772264440160389,-1.0236197216622258,-1.23545571060844,-1.3434664861303764,-0.7805788028106154,-1.2419807890274004,-1.1699044204033835,-1.2573590539125477,-1.168628529208759,-0.984068320917424,-0.6958373282231305,-1.4899613287632438,0.379109735733439,-0.5452502511264901,-0.5013146448547088,-1.3827034257535251,-1.2390819756604323,-0.9246118952292148,-1.8309815957481423,0.6343636453169,-0.7685873777248924,-0.4109397583861431,-1.3259284895922574,-0.2746446770053615,-1.3177671128297554,-0.9198094339051314,-0.3325285307608697,0.3067432080459878,1.7903359052972156
-1.8177405464271457,-1.4388532237668776,-1.5779689073350345,-1.3772264440160389,-1.0236197216622258,-1.23545571060844,-1.3434664861303764,-0.7805788028106154,-1.2419807890274004,-1.1699044204033835,-1.2573590539125477,-1.168628529208759,-0.984068320917424,-0.6958373282231305,-1.4899613287632438,0.379109735733439,-0.5452502511264901,-0.5013146448547088,-1.3827034257535251,-1.2390819756604323,-0.9246118952292148,-1.8309815957481423,0.6343636453169,-0.7685873777248924,-0.4109397583861431,-1.3259284895922574,-0.2746446770053615,-1.3177671128297554,-0.9198094339051314,-0.3325285307608697,0.3067432080459878,1.7903359052972156
-0.8810783117396541,-1.0407688251149831,-0.9665990626702818,-1.1079743105460718,-0.9591641063766552,-1.178536870583221,-0.928220155359342,-0.6892353754491493,-1.0229030616193366,-0.958920492221353,-1.1456232424554982,-1.0867928378957792,-0.8712915654639134,-0.7991067990014123,-0.0885032282431639,0.716541283450604,-1.1660298459418963,-1.2739088465335198,-0.9740477199934728,-0.7889684315026569,0.6606857708229968,0.0344881661760446,0.0200004473130678,-0.7078372237712154,-0.6229471776811869,-1.422737771295585,-0.4064034053955426,-1.114733102527783,-0.5151758552056213,1.2156077646761765,0.0930767600510916,0.9891649800611702
0.877859539983099,0.9284812210475348,0.8695048454908714,1.1220468862604986,0.9411444138574524,0.6760439097427877,0.6276174938085415,0.0598046366308749,0.8252688589657505,0.5874855905038561,0.8797209012396516,1.007382058710873,0.6686888185281938,1.6059747776803983,1.1706116992346778,-0.5161259044239899,1.358954168963903,0.6034181347459333,0.3532355328426836,0.6426350208803544,-0.4248538041891673,0.7743715572383858,0.0239135326109679,0.0973132383814232,0.2146750918637649,0.7784191204754152,-0.2122101786183744,0.7238115461235602,-0.2399088430746092,-0.3562735761340631,-1.7501404600112933,-0.3601755255995402
-0.8810783117396541,-1.0407688251149831,-0.9665990626702818,-1.1079743105460718,-0.9591641063766552,-1.178536870583221,-0.928220155359342,-0.6892353754491493,-1.0229030616193366,-0.958920492221353,-1.1456232424554982,-1.0867928378957792,-0.8712915654639134,-0.7991067990014123,-0.0885032282431639,0.716541283450604,-1.1660298459418963,-1.2739088465335198,-0.9740477199934728,-0.7889684315026569,0.6606857708229968,0.0344881661760446,0.0200004473130678,-0.7078372237712154,-0.6229471776811869,-1.422737771295585,-0.4064034053955426,-1.114733102527783,-0.5151758552056213,1.2156077646761765,0.0930767600510916,0.9891649800611702
-0.8810783117396541,-1.0407688251149831,-0.9665990626702818,-1.1079743105460718,-0.9591641063766552,-1.178536870583221,-0.928220155359342,-0.6892353754491493,-1.0229030616193366,-0.958920492221353,-1.1456232424554982,-1.0867928378957792,-0.8712915654639134,-0.7991067990014123,-0.0885032282431639,0.716541283450604,-1.1660298459418963,-1.2739088465335198,-0.9740477199934728,-0.7889684315026569,0.6606857708229968,0.0344881661760446,0.0200004473130678,-0.7078372237712154,-0.6229471776811869,-1.422737771295585,-0.4064034053955426,-1.114733102527783,-0.5151758552056213,1.2156077646761765,0.0930767600510916,0.9891649800611702
0.877859539983099,0.9284812210475348,0.8695048454908714,1.1220468862604986,0.9411444138574524,0.6760439097427877,0.6276174938085415,0.0598046366308749,0.8252688589657505,0.5874855905038561,0.8797209012396516,1.007382058710873,0.6686888185281938,1.6059747776803983,1.1706116992346778,-0.5161259044239899,1.358954168963903,0.6034181347459333,0.3532355328426836,0.6426350208803544,-0.4248538041891673,0.7743715572383858,0.0239135326109679,0.0973132383814232,0.2146750918637649,0.7784191204754152,-0.2122101786183744,0.7238115461235602,-0.2399088430746092,-0.3562735761340631,-1.7501404600112933,-0.3601755255995402
0.9382696426116536,1.1416519982126092,1.2102332836434913,1.0343545488989578,1.4559150365867248,1.2935778088026484,1.5842015315909932,3.560490452001116,1.23997676910106,1.7102740971459127,1.084159698008358,0.8246743121129014,-0.2381894834827992,0.2174610515513577,0.0672187867119359,-0.5269661429804581,1.7986034158173814,1.17758416406618,0.3961568823980797,0.2146267909512746,-0.97646750166389,-0.1223329843332899,4.267964212934988,0.791377963137693,-0.0916512712443571,-0.1416873362622927,-1.252710618095895,1.7932569016213578,0.490731179559206,-1.9857334464928411,-0.484893412407306,-2.215518720883015
0.983192792075464,1.1020824166112646,0.9226776199623192,1.640225002665529,1.2439880625355269,0.7174605080099606,0.8903608719760274,0.101166222600256,0.9278870679531032,0.7306315049228542,0.9126114247841016,1.0722955929186837,0.694464641299481,0.350609846104008,0.8214838740665491,-0.517517027943281,0.7417106811905301,1.218978238186035,0.4699147802429916,0.7814555286516912,-0.6273444023344623,0.6767095169977737,0.5140218403299434,0.185433001764305,0.2479964395158768,0.9804402356133564,-0.3293763887295823,1.1468193099008537,-0.2747586366040263,-0.1930318102188625,-1.378780271126029,-0.1071741807881566
1.114114137712036,1.26413809678729,1.1093930233168448,1.1551972307690133,1.5278651304857676,0.7984655912314208,0.9889519780990071,0.1751527931446096,1.0950223940505397,0.8695321188411641,0.9680255748336036,0.9959033956679466,0.0928106393058414,0.0450916862427815,0.2921560412127261,-0.5021636455647591,0.328571119854515,0.8765959889034596,0.5038223662591116,0.6150408187183574,-0.9049502736531188,0.1417344095987635,-0.2457642652961151,0.2360924541700465,0.5743406024128863,0.0998047498933392,-0.965468677948361,1.1759715707941651,-0.2002712978201468,-0.3924403201656704,-1.5004103977846484,-0.2758417439957447
-2.5182031095027924e-05,-0.030779946595430374,-0.015349108725786209,-0.043497033417224884,-0.02750132605433464,0.012301117181777954,-0.042985349893569946,0.01488706935197115,0.0338609553873539,-0.005226485431194305,0.007632384076714516,0.03307686373591423,0.008438197895884514,0.00746932253241539,0.004347959998995066,0.002615653909742832,0.00096915103495121,0.020779035985469818,0.033192142844200134,-0.03405090048909187,0.0041292402893304825,-0.026809005066752434,0.011359084397554398,-0.006905857473611832,0.02971252053976059,0.001124146394431591,0.08299704641103745,-0.022323165088891983,-0.004462704993784428,-1.985435199804674,0.2518669137017295,-0.3180086347976425
0.983192792075464,1.1020824166112646,0.9226776199623192,1.640225002665529,1.2439880625355269,0.7174605080099606,0.8903608719760274,0.101166222600256,0.9278870679531032,0.7306315049228542,0.9126114247841016,1.0722955929186837,0.694464641299481,0.350609846104008,0.8214838740665491,-0.517517027943281,0.7417106811905301,1.218978238186035,0.4699147802429916,0.7814555286516912,-0.6273444023344623,0.6767095169977737,0.5140218403299434,0.185433001764305,0.2479964395158768,0.9804402356133564,-0.3293763887295823,1.1468193099008537,-0.2747586366040263,-0.1930318102188625,-1.378780271126029,-0.1071741807881566
0.0467800702696549,-0.2103952591823486,0.2366506304068424,-0.0622324489753856,-0.4237315378794889,-0.1428550609578763,-0.4272871701503537,-0.3560770322580233,-0.2933908689927043,-0.2891049812852636,-0.2884544764532458,-0.270941980396344,-0.2043044681012397,0.5664303232379279,-0.0627660760128107,-0.3795476980988942,-0.401799133015577,-0.2060659448232713,0.0357134367779285,-0.451547347204844,-0.0350014816507189,-0.0388875052039043,-0.7455858218693301,-0.5035186629036696,-0.5559105747636038,0.7624832386602584,-0.2197233887191853,-0.4895699098765943,-0.193004984070965,0.5830634787096943,0.3489756529280555,-0.5288430888071284
-0.4500685351684177,-0.804042862736019,-0.7139282168888367,-0.930306686217439,-0.8417814167228792,-0.9412961675998722,-0.8945958108808976,-0.6072468517896545,-0.8453400129736358,-0.8061255971819612,-0.950228241082124,-1.0075650522649366,-0.3100345425861195,0.4251605404794366,1.7599757938048577,2.445125901191275,-1.2466466771042315,-0.9406411055746452,-0.5327513058913766,-0.3090525977770498,2.595611458894491,0.8526211087347361,0.6411049410763716,-0.7670990930407418,-0.602695077383831,-0.4067551124062425,1.9103887212058603,-0.5941725566649548,-0.4803804651485308,0.5786584910264272,-0.3485836582951384,0.6096629628440963
0.8454443473218137,0.7381022156175336,0.5796812001431201,0.7313108388436499,0.7054309108730238,0.4866340486619413,0.5160805139967659,-0.0029068255092302,0.5962815848891619,0.5276195773344942,0.884432825403475,0.9033165414191816,0.5123490471310708,2.992705418500113,0.5297947709208016,-0.5080008764831284,0.1531029236826901,1.010383328234441,0.3544231545878422,1.5509766059338237,0.1874693934631434,0.6568616979769254,0.2801136527889268,0.3604771049024036,0.1567971170558511,0.5630680291182092,0.6241748931716812,0.634580306640837,0.2959382459719454,-1.985435199804674,0.2518669137017295,-0.3180086347976425
-0.4158133146423159,-0.5156390671485809,-0.2295942353051585,-0.6815363809908588,-0.7163691545333031,-0.4274225629755183,-0.3756286776941668,-0.5314860397178413,-0.6768909132909836,-0.7180812905286489,-0.765431845959188,-0.8778925704699463,-0.4054678106528978,0.3640384560203087,-0.3124881293313158,-0.1421738718599445,0.4229523066499563,-1.0770248218508114,-0.4331963329288399,-0.7846209831731128,0.4401315817357081,0.9416018848439526,-0.6388604429073655,-0.8922957301086583,-0.6013986095765457,-1.0709722209675492,-0.7549626350899222,-0.4241782666737269,-0.758050734182464,0.9797529926203732,0.5567370804615919,-0.0650072899862589
-0.8810783117396541,-1.0407688251149831,-0.9665990626702818,-1.1079743105460718,-0.9591641063766552,-1.178536870583221,-0.928220155359342,-0.6892353754491493,-1.0229030616193366,-0.958920492221353,-1.1456232424554982,-1.0867928378957792,-0.8712915654639134,-0.7991067990014123,-0.0885032282431639,0.716541283450604,-1.1660298459418963,-1.2739088465335198,-0.9740477199934728,-0.7889684315026569,0.6606857708229968,0.0344881661760446,0.0200004473130678,-0.7078372237712154,-0.6229471776811869,-1.422737771295585,-0.4064034053955426,-1.114733102527783,-0.5151758552056213,1.2156077646761765,0.0930767600510916,0.9891649800611702
0.07729468588388207,0.026483873836767147,-0.41952939065146305,0.1202527921804138,-0.38383686335112355,-0.01625072725746507,-0.052372876876579585,-0.23546461192269888,-0.1300400782037216,-0.10188515890809151,-0.14074154591576518,-0.025483496606134345,0.3467035644494284,-0.7741249113881037,-0.19539449683902907,-0.24313932342749978,1.4557421287954975,0.33232648584398783,0.3445873595236419,-0.3744961026733621,-0.2541134979789972,0.4500371588821949,-0.6470477208225673,-0.31717004129078885,-0.4331153778499701,1.204448010622487,0.12912298563291835,0.3862243454120496,-0.708810413275728,-0.11688097984631086,0.1699966680948991,-0.30410144847491116
1.0190986195252,1.152229774260814,1.2234559989115197,1.0786029702229474,1.5173653734828687,1.2036108872204596,1.589945736011296,0.8812873114244072,1.392264325118416,1.9422960355466707,0.7405739363996474,1.0487285024532569,-0.2289378251411196,-0.6559376924616619,-0.226884683361937,-0.5266215184504065,0.2941594300632261,0.587545374332367,-0.120069575345784,0.9664019692599876,-1.3513780949494387,-0.1002744644203224,-0.3331732445739862,1.5001210715395754,0.1292668204918369,-0.5550288043891176,-0.693519828453495,1.341305667426587,2.386187389251882,0.9424333069675356,1.7336297650420915,-0.5288430888071284
-0.8810783117396541,-1.0407688251149831,-0.9665990626702818,-1.1079743105460718,-0.9591641063766552,-1.178536870583221,-0.928220155359342,-0.6892353754491493,-1.0229030616193366,-0.958920492221353,-1.1456232424554982,-1.0867928378957792,-0.8712915654639134,-0.7991067990014123,-0.0885032282431639,0.716541283450604,-1.1660298459418963,-1.2739088465335198,-0.9740477199934728,-0.7889684315026569,0.6606857708229968,0.0344881661760446,0.0200004473130678,-0.7078372237712154,-0.6229471776811869,-1.422737771295585,-0.4064034053955426,-1.114733102527783,-0.5151758552056213,1.2156077646761765,0.0930767600510916,0.9891649800611702
0.8454443473218137,0.7381022156175336,0.5796812001431201,0.7313108388436499,0.7054309108730238,0.4866340486619413,0.5160805139967659,-0.0029068255092302,0.5962815848891619,0.5276195773344942,0.884432825403475,0.9033165414191816,0.5123490471310708,2.992705418500113,0.5297947709208016,-0.5080008764831284,0.1531029236826901,1.010383328234441,0.3544231545878422,1.5509766059338237,0.1874693934631434,0.6568616979769254,0.2801136527889268,0.3604771049024036,0.1567971170558511,0.5630680291182092,0.6241748931716812,0.634580306640837,0.2959382459719454,-1.985435199804674,0.2518669137017295,-0.3180086347976425
0.877859539983099,0.9284812210475348,0.8695048454908714,1.1220468862604986,0.9411444138574524,0.6760439097427877,0.6276174938085415,0.0598046366308749,0.8252688589657505,0.5874855905038561,0.8797209012396516,1.007382058710873,0.6686888185281938,1.6059747776803983,1.1706116992346778,-0.5161259044239899,1.358954168963903,0.6034181347459333,0.3532355328426836,0.6426350208803544,-0.4248538041891673,0.7743715572383858,0.0239135326109679,0.0973132383814232,0.2146750918637649,0.7784191204754152,-0.2122101786183744,0.7238115461235602,-0.2399088430746092,-0.3562735761340631,-1.7501404600112933,-0.3601755255995402
-1.5780762767118544,-1.2853348071354005,-1.4890579459420763,-1.222049095906974,-0.995833489910634,-1.3752871343980937,-0.9106556014299652,-0.7676224166665411,-1.182741991337579,-1.1292218206044538,-1.2218892456038906,-1.1238214026959314,-1.078976541773571,-1.220572562616005,-1.4996104988353889,-0.2075688340426056,-1.0845366797339235,-1.195716734339504,-1.4169525199806638,-1.235145385985931,-0.8622252170476402,-1.9341062722645677,-0.203568452308037,-0.6024156062359433,4.1413003522225145,-0.9574999925953488,-0.4400345022290133,-1.2394731620678494,-0.875567537430426,0.2568046161466148,1.0172660559363758,1.6638352328915254
0.3486991707981831,0.0604298290035889,-0.183196526397,0.2618393737592187,-0.2851436872885191,0.1131049340312856,-0.0803240088387822,-0.1728893374408338,0.028133890622587,0.0089414856021664,0.6859085015263725,0.2768306814866749,0.3951699368406582,-0.57585755080946,-0.3232355344338599,-0.5026836959138499,1.0218893610684427,1.1399372593216934,1.3311169245020198,-0.3459290330492845,0.6767404938824108,0.4281219188301969,-0.6687923776886063,0.1102849883193637,-0.4127541607790779,0.8230814669840182,0.213965676546782,-0.3369596968403866,-0.2499977967714217,0.239573742207419,-0.018715816854753,-0.6131768704109208
-1.1835438141686836,-1.2672972490523928,-1.3382837405390793,-1.361657779495609,-1.0359365766518909,-1.3047603731743185,-1.0871217041057006,-0.7473253484052141,-1.098613012794483,-1.089975436264934,-1.1870895497629086,-1.0955161834252498,-1.099117760241202,-1.2715443130429729,-1.7867587834903431,-0.2201036644720352,-1.2367332728351137,-1.5428321347942515,-1.2211393461783508,-1.0250886522104603,-0.8020115316663434,-1.8961225690018508,0.0042499772884305,-0.4891875589007493,1.6294384206659,-1.6110429076946178,-0.9629010220759332,-1.1378527423274232,-0.4628332566757289,-0.4207629164363726,2.95634767709298,1.4530007788820396
-0.7029019306446641,-1.0257794243251468,-0.8677667756119058,-1.0839827074462345,-0.8882969786261081,-1.0914740020068785,-0.6950027662446908,-0.6685160824158642,-0.9359900220491528,-0.8796152257153622,-1.076843502493566,-1.04002541427511,-0.4524985490577865,0.0442990391639978,1.74735073041983,0.9219796693900166,-1.119668381660177,-0.3998458052591225,-0.705423145487409,-0.6443974109225207,1.8494099182530264,-0.059090757393059,0.6884469036202724,-0.7307832436383805,-0.574874240527434,-0.4643174975093811,0.3500277542435302,-1.0529301402162157,-0.1355841172341096,0.3094723832560785,-0.0518429599688844,0.9048311984573746
-0.4341798853153589,-0.4004250316508307,-0.0375503801587199,-0.3977188486978522,-0.6006331912722908,-0.1025511655173693,-0.797484333670673,-0.484000772783895,-0.5539115124408525,-0.6040115577816981,-0.539057378007905,-0.6936583276988406,-0.0510777392111037,0.8674382845449476,0.7448703474644359,-0.18567312628524,1.875004098526412,-0.8919430264447064,-0.082730184407668,-0.0970463781413462,0.4341698387618963,-0.4809988547154174,-0.576064392910523,-0.9059851322747566,-0.4904676350080633,0.0054245586513399,-1.0090010060328958,-0.1650148978817457,-0.7920160130317723,-0.8694819753243683,-0.105026324874296,-0.1915079623919492
-0.8810783117396541,-1.0407688251149831,-0.9665990626702818,-1.1079743105460718,-0.9591641063766552,-1.178536870583221,-0.928220155359342,-0.6892353754491493,-1.0229030616193366,-0.958920492221353,-1.1456232424554982,-1.0867928378957792,-0.8712915654639134,-0.7991067990014123,-0.0885032282431639,0.716541283450604,-1.1660298459418963,-1.2739088465335198,-0.9740477199934728,-0.7889684315026569,0.6606857708229968,0.0344881661760446,0.0200004473130678,-0.7078372237712154,-0.6229471776811869,-1.422737771295585,-0.4064034053955426,-1.114733102527783,-0.5151758552056213,1.2156077646761765,0.0930767600510916,0.9891649800611702
-1.8177405464271457,-1.4388532237668776,-1.5779689073350345,-1.3772264440160389,-1.0236197216622258,-1.23545571060844,-1.3434664861303764,-0.7805788028106154,-1.2419807890274004,-1.1699044204033835,-1.2573590539125477,-1.168628529208759,-0.984068320917424,-0.6958373282231305,-1.4899613287632438,0.379109735733439,-0.5452502511264901,-0.5013146448547088,-1.3827034257535251,-1.2390819756604323,-0.9246118952292148,-1.8309815957481423,0.6343636453169,-0.7685873777248924,-0.4109397583861431,-1.3259284895922574,-0.2746446770053615,-1.3177671128297554,-0.9198094339051314,-0.3325285307608697,0.3067432080459878,1.7903359052972156
1.1539658311899037,1.4989383501797924,1.4303846071085575,1.260568463461363,1.6356166100434777,1.6797957828956886,1.6690842795081433,1.2624714635685748,1.7332414432264251,1.3725631888434169,1.6483515482868052,1.4549346928184888,-0.2131171915433764,-0.4599363731525088,0.339811365640069,-0.5254899116374125,-0.2149093127984561,0.5410515716045815,1.241568716212545,2.107191967468017,-0.8344005845872645,0.054826613740022,-0.4290034863380065,3.1018590378014115,-0.0806158680214567,-0.1825578565974858,-0.2989647123816893,1.4095265811869206,2.457521066973057,0.2026273363964781,0.3329919193191797,-0.9083451060242022
-0.5745285435202541,-0.7765144752564597,-0.5751992379864717,-0.7992163669001149,-0.8177027273657801,-0.7173467534721248,-0.8363325429639088,-0.5742131336839111,-0.7670382376434155,-0.8129573881966833,-0.849634610036974,-0.9636646275362928,-0.6491641260273081,-0.5630090297976348,-0.7783204582238338,-0.5310212490243545,-1.3119788098607317,-1.1852342400183145,-0.7323769559484979,-0.7533711653600882,1.728639284692384,2.0057202606112225,-0.457066428414523,-0.7523673389974166,-0.6158731373205782,-0.7800026368429093,2.0020214428128376,-0.6877906615052742,-0.4861249146876194,1.325394764457715,-0.5000077824441818,0.3144947272308149
1.634837858667418,1.7729882357505662,1.8674153333131327,1.429949083765116,1.6780429700525057,2.172059489357648,1.6790122866640376,1.993554659292163,2.0307562624302022,1.926835236337584,1.749884425785262,2.0449552248717784,3.960464505677201,-0.0660993604272626,-0.0850344002534402,-0.5319627099526829,-0.8752893993309534,1.608096101698883,3.0007239522968066,2.016740303458169,0.508079324123444,0.538860820390863,0.0201191075369981,2.118188870963328,-0.2228815478213706,1.413103926953087,-0.0111438755025325,1.601757481569292,2.576056716219592,0.2024393611413101,-1.303588717536631,-0.9926788876279976
-0.146628175030077,-0.2247794030848548,0.159639443851783,0.0217310770682206,-0.4179719574252581,0.396919353180963,-0.4585407715421138,-0.4235569726939967,-0.4195386946653581,-0.4716462965312046,-0.4557055475343667,-0.415617459493911,0.3834618400441292,1.6947201316423053,1.224429902966411,-0.4775055142995487,0.5733935539831251,-0.4558204931889167,0.1255179781964903,-0.5347730235540413,0.1742642976740501,-0.2020494095453242,-0.5158164146917273,-0.7063836401374144,-0.5641261723582708,1.130617537610769,-0.4974024726721137,-0.4802841563456236,-0.489932151940465,1.8420303208297435,0.396288852094476,-0.3601755255995402
0.6855375000446186,0.5272580087947287,0.4098700047171378,0.4149360157491202,-0.1124764204575749,0.287711358359782,0.8469526161559459,-0.0830397255905054,0.3913669592505734,0.3952702634056066,0.716172467117703,0.7633874694033113,0.3615136772853074,-0.4554484223565174,-0.2054542743730885,-0.5258944873819824,-0.4386598384342483,0.602432550074947,0.4915292035677548,1.2996195397750414,-0.5607289098646239,0.5019006534769035,-0.839863014655845,0.2692422846232749,0.0799380666697927,0.9628989866854089,1.5479796141648436,0.3094578220931296,0.0663305189442173,-2.081030763738692,0.0091132705609736,-0.9505119968261
1.634837858667418,1.7729882357505662,1.8674153333131327,1.429949083765116,1.6780429700525057,2.172059489357648,1.6790122866640376,1.993554659292163,2.0307562624302022,1.926835236337584,1.749884425785262,2.0449552248717784,3.960464505677201,-0.0660993604272626,-0.0850344002534402,-0.5319627099526829,-0.8752893993309534,1.608096101698883,3.0007239522968066,2.016740303458169,0.508079324123444,0.538860820390863,0.0201191075369981,2.118188870963328,-0.2228815478213706,1.413103926953087,-0.0111438755025325,1.601757481569292,2.576056716219592,0.2024393611413101,-1.303588717536631,-0.9926788876279976
0.9382696426116536,1.1416519982126092,1.2102332836434913,1.0343545488989578,1.4559150365867248,1.2935778088026484,1.5842015315909932,3.560490452001116,1.23997676910106,1.7102740971459127,1.084159698008358,0.8246743121129014,-0.2381894834827992,0.2174610515513577,0.0672187867119359,-0.5269661429804581,1.7986034158173814,1.17758416406618,0.3961568823980797,0.2146267909512746,-0.97646750166389,-0.1223329843332899,4.267964212934988,0.791377963137693,-0.0916512712443571,-0.1416873362622927,-1.252710618095895,1.7932569016213578,0.490731179559206,-1.9857334464928411,-0.484893412407306,-2.215518720883015
0.1563744058565792,-0.0473135785659083,-0.437947221286496,0.0779235928882436,-0.3552896802750338,-0.0569389117557756,-0.1057964546760315,-0.2471085129295573,-0.1417601228386564,-0.1154023208721778,-0.0975742826787961,-0.0181070625941167,0.3543296910720463,-0.7932946046057785,-0.2453857091845438,-0.1902125193285793,1.4619925803114764,0.2582537084610392,0.3817667709642701,-0.3333836018088461,-0.2642288075705569,0.4078178993579289,-0.6476190236006003,-0.3836180708126383,-0.4759550769782965,1.162357007277984,0.1014171605667137,0.2698416903947453,-0.6985523288324258,-0.1443179207895172,0.1793802176413217,-0.3180086347976425
0.8454443473218137,0.7381022156175336,0.5796812001431201,0.7313108388436499,0.7054309108730238,0.4866340486619413,0.5160805139967659,-0.0029068255092302,0.5962815848891619,0.5276195773344942,0.884432825403475,0.9033165414191816,0.5123490471310708,2.992705418500113,0.5297947709208016,-0.5080008764831284,0.1531029236826901,1.010383328234441,0.3544231545878422,1.5509766059338237,0.1874693934631434,0.6568616979769254,0.2801136527889268,0.3604771049024036,0.1567971170558511,0.5630680291182092,0.6241748931716812,0.634580306640837,0.2959382459719454,-1.985435199804674,0.2518669137017295,-0.3180086347976425
0.4296372362189833,0.3144360034689937,0.0631139124110455,0.2818112417035271,-0.1596084768954652,0.1286493110363401,0.0826298504136378,-0.1084094268582554,0.2153096795984654,0.219414479573481,0.8632872757966125,0.5673065721753616,0.445187491183537,-0.3826161063402839,0.4980603834108756,-0.512976400137095,0.4426523410279722,1.379584434192952,0.4382499770522301,-0.3297721819531818,0.5288517262855869,0.7485461283830271,-0.6186785173422938,0.2876266488606367,-0.3098666532472835,1.7726602492833397,2.471734426718471,0.0824019382153033,0.1922279239834474,-0.6463810425440487,0.1358291421737789,-0.9083451060242022
1.1539658311899037,1.4989383501797924,1.4303846071085575,1.260568463461363,1.6356166100434777,1.6797957828956886,1.6690842795081433,1.2624714635685748,1.7332414432264251,1.3725631888434169,1.6483515482868052,1.4549346928184888,-0.2131171915433764,-0.4599363731525088,0.339811365640069,-0.5254899116374125,-0.2149093127984561,0.5410515716045815,1.241568716212545,2.107191967468017,-0.8344005845872645,0.054826613740022,-0.4290034863380065,3.1018590378014115,-0.0806158680214567,-0.1825578565974858,-0.2989647123816893,1.4095265811869206,2.457521066973057,0.2026273363964781,0.3329919193191797,-0.9083451060242022
0.9382696426116536,1.1416519982126092,1.2102332836434913,1.0343545488989578,1.4559150365867248,1.2935778088026484,1.5842015315909932,3.560490452001116,1.23997676910106,1.7102740971459127,1.084159698008358,0.8246743121129014,-0.2381894834827992,0.2174610515513577,0.0672187867119359,-0.5269661429804581,1.7986034158173814,1.17758416406618,0.3961568823980797,0.2146267909512746,-0.97646750166389,-0.1223329843332899,4.267964212934988,0.791377963137693,-0.0916512712443571,-0.1416873362622927,-1.252710618095895,1.7932569016213578,0.490731179559206,-1.9857334464928411,-0.484893412407306,-2.215518720883015
0.0467800702696549,-0.2103952591823486,0.2366506304068424,-0.0622324489753856,-0.4237315378794889,-0.1428550609578763,-0.4272871701503537,-0.3560770322580233,-0.2933908689927043,-0.2891049812852636,-0.2884544764532458,-0.270941980396344,-0.2043044681012397,0.5664303232379279,-0.0627660760128107,-0.3795476980988942,-0.401799133015577,-0.2060659448232713,0.0357134367779285,-0.451547347204844,-0.0350014816507189,-0.0388875052039043,-0.7455858218693301,-0.5035186629036696,-0.5559105747636038,0.7624832386602584,-0.2197233887191853,-0.4895699098765943,-0.193004984070965,0.5830634787096943,0.3489756529280555,-0.5288430888071284
-2.049251818906184,-1.4635929427149093,-1.6649276531555992,-1.4865952568628196,-1.0718093845742451,-1.38010826948144,-1.5343806745373951,-0.7897148816589122,-1.2954099955327305,-1.2458967504700864,-1.2982376032005825,-1.1974835960832422,-1.082194364167608,-1.2346694123329596,-2.0913605913461977,3.567452208514911,-0.83148437929783,-1.3335130561407402,-1.5223491639851672,-1.3225103767929247,-1.2158505841827034,-2.0993382237308644,-0.1744423782199061,-0.8479379859169895,-0.5407959498009259,-1.5358284810537486,-0.8932423004808223,-1.4480044102094225,-0.6930246742878864,0.7295589439744146,-0.8762567137464611,1.916836577702909
0.4296372362189833,0.3144360034689937,0.0631139124110455,0.2818112417035271,-0.1596084768954652,0.1286493110363401,0.0826298504136378,-0.1084094268582554,0.2153096795984654,0.219414479573481,0.8632872757966125,0.5673065721753616,0.445187491183537,-0.3826161063402839,0.4980603834108756,-0.512976400137095,0.4426523410279722,1.379584434192952,0.4382499770522301,-0.3297721819531818,0.5288517262855869,0.7485461283830271,-0.6186785173422938,0.2876266488606367,-0.3098666532472835,1.7726602492833397,2.471734426718471,0.0824019382153033,0.1922279239834474,-0.6463810425440487,0.1358291421737789,-0.9083451060242022
0.877859539983099,0.9284812210475348,0.8695048454908714,1.1220468862604986,0.9411444138574524,0.6760439097427877,0.6276174938085415,0.0598046366308749,0.8252688589657505,0.5874855905038561,0.8797209012396516,1.007382058710873,0.6686888185281938,1.6059747776803983,1.1706116992346778,-0.5161259044239899,1.358954168963903,0.6034181347459333,0.3532355328426836,0.6426350208803544,-0.4248538041891673,0.7743715572383858,0.0239135326109679,0.0973132383814232,0.2146750918637649,0.7784191204754152,-0.2122101786183744,0.7238115461235602,-0.2399088430746092,-0.3562735761340631,-1.7501404600112933,-0.3601755255995402
0.877859539983099,0.9284812210475348,0.8695048454908714,1.1220468862604986,0.9411444138574524,0.6760439097427877,0.6276174938085415,0.0598046366308749,0.8252688589657505,0.5874855905038561,0.8797209012396516,1.007382058710873,0.6686888185281938,1.6059747776803983,1.1706116992346778,-0.5161259044239899,1.358954168963903,0.6034181347459333,0.3532355328426836,0.6426350208803544,-0.4248538041891673,0.7743715572383858,0.0239135326109679,0.0973132383814232,0.2146750918637649,0.7784191204754152,-0.2122101786183744,0.7238115461235602,-0.2399088430746092,-0.3562735761340631,-1.7501404600112933,-0.3601755255995402
-0.4158133146423159,-0.5156390671485809,-0.2295942353051585,-0.6815363809908588,-0.7163691545333031,-0.4274225629755183,-0.3756286776941668,-0.5314860397178413,-0.6768909132909836,-0.7180812905286489,-0.765431845959188,-0.8778925704699463,-0.4054678106528978,0.3640384560203087,-0.3124881293313158,-0.1421738718599445,0.4229523066499563,-1.0770248218508114,-0.4331963329288399,-0.7846209831731128,0.4401315817357081,0.9416018848439526,-0.6388604429073655,-0.8922957301086583,-0.6013986095765457,-1.0709722209675492,-0.7549626350899222,-0.4241782666737269,-0.758050734182464,0.9797529926203732,0.5567370804615919,-0.0650072899862589
-0.4158133146423159,-0.5156390671485809,-0.2295942353051585,-0.6815363809908588,-0.7163691545333031,-0.4274225629755183,-0.3756286776941668,-0.5314860397178413,-0.6768909132909836,-0.7180812905286489,-0.765431845959188,-0.8778925704699463,-0.4054678106528978,0.3640384560203087,-0.3124881293313158,-0.1421738718599445,0.4229523066499563,-1.0770248218508114,-0.4331963329288399,-0.7846209831731128,0.4401315817357081,0.9416018848439526,-0.6388604429073655,-0.8922957301086583,-0.6013986095765457,-1.0709722209675492,-0.7549626350899222,-0.4241782666737269,-0.758050734182464,0.9797529926203732,0.5567370804615919,-0.0650072899862589
0.4296372362189833,0.3144360034689937,0.0631139124110455,0.2818112417035271,-0.1596084768954652,0.1286493110363401,0.0826298504136378,-0.1084094268582554,0.2153096795984654,0.219414479573481,0.8632872757966125,0.5673065721753616,0.445187491183537,-0.3826161063402839,0.4980603834108756,-0.512976400137095,0.4426523410279722,1.379584434192952,0.4382499770522301,-0.3297721819531818,0.5288517262855869,0.7485461283830271,-0.6186785173422938,0.2876266488606367,-0.3098666532472835,1.7726602492833397,2.471734426718471,0.0824019382153033,0.1922279239834474,-0.6463810425440487,0.1358291421737789,-0.9083451060242022
-1.5780762767118544,-1.2853348071354005,-1.4890579459420763,-1.222049095906974,-0.995833489910634,-1.3752871343980937,-0.9106556014299652,-0.7676224166665411,-1.182741991337579,-1.1292218206044538,-1.2218892456038906,-1.1238214026959314,-1.078976541773571,-1.220572562616005,-1.4996104988353889,-0.2075688340426056,-1.0845366797339235,-1.195716734339504,-1.4169525199806638,-1.235145385985931,-0.8622252170476402,-1.9341062722645677,-0.203568452308037,-0.6024156062359433,4.1413003522225145,-0.9574999925953488,-0.4400345022290133,-1.2394731620678494,-0.875567537430426,0.2568046161466148,1.0172660559363758,1.6638352328915254
-0.8810783117396541,-1.0407688251149831,-0.9665990626702818,-1.1079743105460718,-0.9591641063766552,-1.178536870583221,-0.928220155359342,-0.6892353754491493,-1.0229030616193366,-0.958920492221353,-1.1456232424554982,-1.0867928378957792,-0.8712915654639134,-0.7991067990014123,-0.0885032282431639,0.716541283450604,-1.1660298459418963,-1.2739088465335198,-0.9740477199934728,-0.7889684315026569,0.6606857708229968,0.0344881661760446,0.0200004473130678,-0.7078372237712154,-0.6229471776811869,-1.422737771295585,-0.4064034053955426,-1.114733102527783,-0.5151758552056213,1.2156077646761765,0.0930767600510916,0.9891649800611702
-1.5780762767118544,-1.2853348071354005,-1.4890579459420763,-1.222049095906974,-0.995833489910634,-1.3752871343980937,-0.9106556014299652,-0.7676224166665411,-1.182741991337579,-1.1292218206044538,-1.2218892456038906,-1.1238214026959314,-1.078976541773571,-1.220572562616005,-1.4996104988353889,-0.2075688340426056,-1.0845366797339235,-1.195716734339504,-1.4169525199806638,-1.235145385985931,-0.8622252170476402,-1.9341062722645677,-0.203568452308037,-0.6024156062359433,4.1413003522225145,-0.9574999925953488,-0.4400345022290133,-1.2394731620678494,-0.875567537430426,0.2568046161466148,1.0172660559363758,1.6638352328915254
0.3486991707981831,0.0604298290035889,-0.183196526397,0.2618393737592187,-0.2851436872885191,0.1131049340312856,-0.0803240088387822,-0.1728893374408338,0.028133890622587,0.0089414856021664,0.6859085015263725,0.2768306814866749,0.3951699368406582,-0.57585755080946,-0.3232355344338599,-0.5026836959138499,1.0218893610684427,1.1399372593216934,1.3311169245020198,-0.3459290330492845,0.6767404938824108,0.4281219188301969,-0.6687923776886063,0.1102849883193637,-0.4127541607790779,0.8230814669840182,0.213965676546782,-0.3369596968403866,-0.2499977967714217,0.239573742207419,-0.018715816854753,-0.6131768704109208
-1.1835438141686836,-1.2672972490523928,-1.3382837405390793,-1.361657779495609,-1.0359365766518909,-1.3047603731743185,-1.0871217041057006,-0.7473253484052141,-1.098613012794483,-1.089975436264934,-1.1870895497629086,-1.0955161834252498,-1.099117760241202,-1.2715443130429729,-1.7867587834903431,-0.2201036644720352,-1.2367332728351137,-1.5428321347942515,-1.2211393461783508,-1.0250886522104603,-0.8020115316663434,-1.8961225690018508,0.0042499772884305,-0.4891875589007493,1.6294384206659,-1.6110429076946178,-0.9629010220759332,-1.1378527423274232,-0.4628332566757289,-0.4207629164363726,2.95634767709298,1.4530007788820396
0.983192792075464,1.1020824166112646,0.9226776199623192,1.640225002665529,1.2439880625355269,0.7174605080099606,0.8903608719760274,0.101166222600256,0.9278870679531032,0.7306315049228542,0.9126114247841016,1.0722955929186837,0.694464641299481,0.350609846104008,0.8214838740665491,-0.517517027943281,0.7417106811905301,1.218978238186035,0.4699147802429916,0.7814555286516912,-0.6273444023344623,0.6767095169977737,0.5140218403299434,0.185433001764305,0.2479964395158768,0.9804402356133564,-0.3293763887295823,1.1468193099008537,-0.2747586366040263,-0.1930318102188625,-1.378780271126029,-0.1071741807881566
0.0467800702696549,-0.2103952591823486,0.2366506304068424,-0.0622324489753856,-0.4237315378794889,-0.1428550609578763,-0.4272871701503537,-0.3560770322580233,-0.2933908689927043,-0.2891049812852636,-0.2884544764532458,-0.270941980396344,-0.2043044681012397,0.5664303232379279,-0.0627660760128107,-0.3795476980988942,-0.401799133015577,-0.2060659448232713,0.0357134367779285,-0.451547347204844,-0.0350014816507189,-0.0388875052039043,-0.7455858218693301,-0.5035186629036696,-0.5559105747636038,0.7624832386602584,-0.2197233887191853,-0.4895699098765943,-0.193004984070965,0.5830634787096943,0.3489756529280555,-0.5288430888071284
-0.4500685351684177,-0.804042862736019,-0.7139282168888367,-0.930306686217439,-0.8417814167228792,-0.9412961675998722,-0.8945958108808976,-0.6072468517896545,-0.8453400129736358,-0.8061255971819612,-0.950228241082124,-1.0075650522649366,-0.3100345425861195,0.4251605404794366,1.7599757938048577,2.445125901191275,-1.2466466771042315,-0.9406411055746452,-0.5327513058913766,-0.3090525977770498,2.595611458894491,0.8526211087347361,0.6411049410763716,-0.7670990930407418,-0.602695077383831,-0.4067551124062425,1.9103887212058603,-0.5941725566649548,-0.4803804651485308,0.5786584910264272,-0.3485836582951384,0.6096629628440963
0.877859539983099,0.9284812210475348,0.8695048454908714,1.1220468862604986,0.9411444138574524,0.6760439097427877,0.6276174938085415,0.0598046366308749,0.8252688589657505,0.5874855905038561,0.8797209012396516,1.007382058710873,0.6686888185281938,1.6059747776803983,1.1706116992346778,-0.5161259044239899,1.358954168963903,0.6034181347459333,0.3532355328426836,0.6426350208803544,-0.4248538041891673,0.7743715572383858,0.0239135326109679,0.0973132383814232,0.2146750918637649,0.7784191204754152,-0.2122101786183744,0.7238115461235602,-0.2399088430746092,-0.3562735761340631,-1.7501404600112933,-0.3601755255995402
-0.035581525415182114,-0.005085660144686699,-0.004453684203326702,-0.03999124467372894,0.03409329429268837,0.06667087227106094,0.026140887290239334,-0.08109936863183975,-0.012925758957862854,0.04600311815738678,0.01233227364718914,0.03864416852593422,0.06907892972230911,-0.053123217076063156,-0.01559280976653099,-0.013246122747659683,-0.022288739681243896,-0.014829426072537899,0.015870174393057823,-0.047010209411382675,0.09538458287715912,-0.01765665039420128,-0.05079517513513565,-0.0015589147806167603,-0.07915135473012924,0.05276094749569893,0.05884833261370659,-0.066808320581913,0.057238705456256866,-0.4207629164363726,2.95634767709298,1.4530007788820396
-1.1835438141686836,-1.2672972490523928,-1.3382837405390793,-1.361657779495609,-1.0359365766518909,-1.3047603731743185,-1.0871217041057006,-0.7473253484052141,-1.098613012794483,-1.089975436264934,-1.1870895497629086,-1.0955161834252498,-1.099117760241202,-1.2715443130429729,-1.7867587834903431,-0.2201036644720352,-1.2367332728351137,-1.5428321347942515,-1.2211393461783508,-1.0250886522104603,-0.8020115316663434,-1.8961225690018508,0.0042499772884305,-0.4891875589007493,1.6294384206659,-1.6110429076946178,-0.9629010220759332,-1.1378527423274232,-0.4628332566757289,-0.4207629164363726,2.95634767709298,1.4530007788820396
0.8454443473218137,0.7381022156175336,0.5796812001431201,0.7313108388436499,0.7054309108730238,0.4866340486619413,0.5160805139967659,-0.0029068255092302,0.5962815848891619,0.5276195773344942,0.884432825403475,0.9033165414191816,0.5123490471310708,2.992705418500113,0.5297947709208016,-0.5080008764831284,0.1531029236826901,1.010383328234441,0.3544231545878422,1.5509766059338237,0.1874693934631434,0.6568616979769254,0.2801136527889268,0.3604771049024036,0.1567971170558511,0.5630680291182092,0.6241748931716812,0.634580306640837,0.2959382459719454,-1.985435199804674,0.2518669137017295,-0.3180086347976425
-0.146628175030077,-0.2247794030848548,0.159639443851783,0.0217310770682206,-0.4179719574252581,0.396919353180963,-0.4585407715421138,-0.4235569726939967,-0.4195386946653581,-0.4716462965312046,-0.4557055475343667,-0.415617459493911,0.3834618400441292,1.6947201316423053,1.224429902966411,-0.4775055142995487,0.5733935539831251,-0.4558204931889167,0.1255179781964903,-0.5347730235540413,0.1742642976740501,-0.2020494095453242,-0.5158164146917273,-0.7063836401374144,-0.5641261723582708,1.130617537610769,-0.4974024726721137,-0.4802841563456236,-0.489932151940465,1.8420303208297435,0.396288852094476,-0.3601755255995402
-0.4500685351684177,-0.804042862736019,-0.7139282168888367,-0.930306686217439,-0.8417814167228792,-0.9412961675998722,-0.8945958108808976,-0.6072468517896545,-0.8453400129736358,-0.8061255971819612,-0.950228241082124,-1.0075650522649366,-0.3100345425861195,0.4251605404794366,1.7599757938048577,2.445125901191275,-1.2466466771042315,-0.9406411055746452,-0.5327513058913766,-0.3090525977770498,2.595611458894491,0.8526211087347361,0.6411049410763716,-0.7670990930407418,-0.602695077383831,-0.4067551124062425,1.9103887212058603,-0.5941725566649548,-0.4803804651485308,0.5786584910264272,-0.3485836582951384,0.6096629628440963
0.4296372362189833,0.3144360034689937,0.0631139124110455,0.2818112417035271,-0.1596084768954652,0.1286493110363401,0.0826298504136378,-0.1084094268582554,0.2153096795984654,0.219414479573481,0.8632872757966125,0.5673065721753616,0.445187491183537,-0.3826161063402839,0.4980603834108756,-0.512976400137095,0.4426523410279722,1.379584434192952,0.4382499770522301,-0.3297721819531818,0.5288517262855869,0.7485461283830271,-0.6186785173422938,0.2876266488606367,-0.3098666532472835,1.7726602492833397,2.471734426718471,0.0824019382153033,0.1922279239834474,-0.6463810425440487,0.1358291421737789,-0.9083451060242022
0.9382696426116536,1.1416519982126092,1.2102332836434913,1.0343545488989578,1.4559150365867248,1.2935778088026484,1.5842015315909932,3.560490452001116,1.23997676910106,1.7102740971459127,1.084159698008358,0.8246743121129014,-0.2381894834827992,0.2174610515513577,0.0672187867119359,-0.5269661429804581,1.7986034158173814,1.17758416406618,0.3961568823980797,0.2146267909512746,-0.97646750166389,-0.1223329843332899,4.267964212934988,0.791377963137693,-0.0916512712443571,-0.1416873362622927,-1.252710618095895,1.7932569016213578,0.490731179559206,-1.9857334464928411,-0.484893412407306,-2.215518720883015
-0.4341798853153589,-0.4004250316508307,-0.0375503801587199,-0.3977188486978522,-0.6006331912722908,-0.1025511655173693,-0.797484333670673,-0.484000772783895,-0.5539115124408525,-0.6040115577816981,-0.539057378007905,-0.6936583276988406,-0.0510777392111037,0.8674382845449476,0.7448703474644359,-0.18567312628524,1.875004098526412,-0.8919430264447064,-0.082730184407668,-0.0970463781413462,0.4341698387618963,-0.4809988547154174,-0.576064392910523,-0.9059851322747566,-0.4904676350080633,0.0054245586513399,-1.0090010060328958,-0.1650148978817457,-0.7920160130317723,-0.8694819753243683,-0.105026324874296,-0.1915079623919492
-2.049251818906184,-1.4635929427149093,-1.6649276531555992,-1.4865952568628196,-1.0718093845742451,-1.38010826948144,-1.5343806745373951,-0.7897148816589122,-1.2954099955327305,-1.2458967504700864,-1.2982376032005825,-1.1974835960832422,-1.082194364167608,-1.2346694123329596,-2.0913605913461977,3.567452208514911,-0.83148437929783,-1.3335130561407402,-1.5223491639851672,-1.3225103767929247,-1.2158505841827034,-2.0993382237308644,-0.1744423782199061,-0.8479379859169895,-0.5407959498009259,-1.5358284810537486,-0.8932423004808223,-1.4480044102094225,-0.6930246742878864,0.7295589439744146,-0.8762567137464611,1.916836577702909
0.4296372362189833,0.3144360034689937,0.0631139124110455,0.2818112417035271,-0.1596084768954652,0.1286493110363401,0.0826298504136378,-0.1084094268582554,0.2153096795984654,0.219414479573481,0.8632872757966125,0.5673065721753616,0.445187491183537,-0.3826161063402839,0.4980603834108756,-0.512976400137095,0.4426523410279722,1.379584434192952,0.4382499770522301,-0.3297721819531818,0.5288517262855869,0.7485461283830271,-0.6186785173422938,0.2876266488606367,-0.3098666532472835,1.7726602492833397,2.471734426718471,0.0824019382153033,0.1922279239834474,-0.6463810425440487,0.1358291421737789,-0.9083451060242022
0.1563744058565792,-0.0473135785659083,-0.437947221286496,0.0779235928882436,-0.3552896802750338,-0.0569389117557756,-0.1057964546760315,-0.2471085129295573,-0.1417601228386564,-0.1154023208721778,-0.0975742826787961,-0.0181070625941167,0.3543296910720463,-0.7932946046057785,-0.2453857091845438,-0.1902125193285793,1.4619925803114764,0.2582537084610392,0.3817667709642701,-0.3333836018088461,-0.2642288075705569,0.4078178993579289,-0.6476190236006003,-0.3836180708126383,-0.4759550769782965,1.162357007277984,0.1014171605667137,0.2698416903947453,-0.6985523288324258,-0.1443179207895172,0.1793802176413217,-0.3180086347976425
-1.8177405464271457,-1.4388532237668776,-1.5779689073350345,-1.3772264440160389,-1.0236197216622258,-1.23545571060844,-1.3434664861303764,-0.7805788028106154,-1.2419807890274004,-1.1699044204033835,-1.2573590539125477,-1.168628529208759,-0.984068320917424,-0.6958373282231305,-1.4899613287632438,0.379109735733439,-0.5452502511264901,-0.5013146448547088,-1.3827034257535251,-1.2390819756604323,-0.9246118952292148,-1.8309815957481423,0.6343636453169,-0.7685873777248924,-0.4109397583861431,-1.3259284895922574,-0.2746446770053615,-1.3177671128297554,-0.9198094339051314,-0.3325285307608697,0.3067432080459878,1.7903359052972156
0.877859539983099,0.9284812210475348,0.8695048454908714,1.1220468862604986,0.9411444138574524,0.6760439097427877,0.6276174938085415,0.0598046366308749,0.8252688589657505,0.5874855905038561,0.8797209012396516,1.007382058710873,0.6686888185281938,1.6059747776803983,1.1706116992346778,-0.5161259044239899,1.358954168963903,0.6034181347459333,0.3532355328426836,0.6426350208803544,-0.4248538041891673,0.7743715572383858,0.0239135326109679,0.0973132383814232,0.2146750918637649,0.7784191204754152,-0.2122101786183744,0.7238115461235602,-0.2399088430746092,-0.3562735761340631,-1.7501404600112933,-0.3601755255995402
-0.4341798853153589,-0.4004250316508307,-0.0375503801587199,-0.3977188486978522,-0.6006331912722908,-0.1025511655173693,-0.797484333670673,-0.484000772783895,-0.5539115124408525,-0.6040115577816981,-0.539057378007905,-0.6936583276988406,-0.0510777392111037,0.8674382845449476,0.7448703474644359,-0.18567312628524,1.875004098526412,-0.8919430264447064,-0.082730184407668,-0.0970463781413462,0.4341698387618963,-0.4809988547154174,-0.576064392910523,-0.9059851322747566,-0.4904676350080633,0.0054245586513399,-1.0090010060328958,-0.1650148978817457,-0.7920160130317723,-0.8694819753243683,-0.105026324874296,-0.1915079623919492
0.01235450990498066,-0.05759178102016449,-0.02728870138525963,-0.040086597204208374,-0.031176291406154633,-0.015310840681195259,-0.023195907473564148,0.03279299661517143,-0.019768882542848587,-0.047044701874256134,0.0005981519352644682,0.013349653221666813,-0.009509030729532242,-0.06727539002895355,-0.02087015099823475,-0.06560265272855759,-0.003292168490588665,0.021035872399806976,-0.006615482270717621,-0.03491886705160141,0.03344561532139778,-0.07871644198894501,-0.011134615167975426,-0.037578679621219635,0.08624111115932465,0.006297140382230282,0.013429835438728333,-0.07655681669712067,-0.03412555530667305,0.2024393611413101,-1.303588717536631,-0.9926788876279976
-0.5745285435202541,-0.7765144752564597,-0.5751992379864717,-0.7992163669001149,-0.8177027273657801,-0.7173467534721248,-0.8363325429639088,-0.5742131336839111,-0.7670382376434155,-0.8129573881966833,-0.849634610036974,-0.9636646275362928,-0.6491641260273081,-0.5630090297976348,-0.7783204582238338,-0.5310212490243545,-1.3119788098607317,-1.1852342400183145,-0.7323769559484979,-0.7533711653600882,1.728639284692384,2.0057202606112225,-0.457066428414523,-0.7523673389974166,-0.6158731373205782,-0.7800026368429093,2.0020214428128376,-0.6877906615052742,-0.4861249146876194,1.325394764457715,-0.5000077824441818,0.3144947272308149
1.1539658311899037,1.4989383501797924,1.4303846071085575,1.260568463461363,1.6356166100434777,1.6797957828956886,1.6690842795081433,1.2624714635685748,1.7332414432264251,1.3725631888434169,1.6483515482868052,1.4549346928184888,-0.2131171915433764,-0.4599363731525088,0.339811365640069,-0.5254899116374125,-0.2149093127984561,0.5410515716045815,1.241568716212545,2.107191967468017,-0.8344005845872645,0.054826613740022,-0.4290034863380065,3.1018590378014115,-0.0806158680214567,-0.1825578565974858,-0.2989647123816893,1.4095265811869206,2.457521066973057,0.2026273363964781,0.3329919193191797,-0.9083451060242022
-1.8177405464271457,-1.4388532237668776,-1.5779689073350345,-1.3772264440160389,-1.0236197216622258,-1.23545571060844,-1.3434664861303764,-0.7805788028106154,-1.2419807890274004,-1.1699044204033835,-1.2573590539125477,-1.168628529208759,-0.984068320917424,-0.6958373282231305,-1.4899613287632438,0.379109735733439,-0.5452502511264901,-0.5013146448547088,-1.3827034257535251,-1.2390819756604323,-0.9246118952292148,-1.8309815957481423,0.6343636453169,-0.7685873777248924,-0.4109397583861431,-1.3259284895922574,-0.2746446770053615,-1.3177671128297554,-0.9198094339051314,-0.3325285307608697,0.3067432080459878,1.7903359052972156
1.1539658311899037,1.4989383501797924,1.4303846071085575,1.260568463461363,1.6356166100434777,1.6797957828956886,1.6690842795081433,1.2624714635685748,1.7332414432264251,1.3725631888434169,1.6483515482868052,1.4549346928184888,-0.2131171915433764,-0.4599363731525088,0.339811365640069,-0.5254899116374125,-0.2149093127984561,0.5410515716045815,1.241568716212545,2.107191967468017,-0.8344005845872645,0.054826613740022,-0.4290034863380065,3.1018590378014115,-0.0806158680214567,-0.1825578565974858,-0.2989647123816893,1.4095265811869206,2.457521066973057,0.2026273363964781,0.3329919193191797,-0.9083451060242022
-1.5780762767118544,-1.2853348071354005,-1.4890579459420763,-1.222049095906974,-0.995833489910634,-1.3752871343980937,-0.9106556014299652,-0.7676224166665411,-1.182741991337579,-1.1292218206044538,-1.2218892456038906,-1.1238214026959314,-1.078976541773571,-1.220572562616005,-1.4996104988353889,-0.2075688340426056,-1.0845366797339235,-1.195716734339504,-1.4169525199806638,-1.235145385985931,-0.8622252170476402,-1.9341062722645677,-0.203568452308037,-0.6024156062359433,4.1413003522225145,-0.9574999925953488,-0.4400345022290133,-1.2394731620678494,-0.875567537430426,0.2568046161466148,1.0172660559363758,1.6638352328915254
-2.049251818906184,-1.4635929427149093,-1.6649276531555992,-1.4865952568628196,-1.0718093845742451,-1.38010826948144,-1.5343806745373951,-0.7897148816589122,-1.2954099955327305,-1.2458967504700864,-1.2982376032005825,-1.1974835960832422,-1.082194364167608,-1.2346694123329596,-2.0913605913461977,3.567452208514911,-0.83148437929783,-1.3335130561407402,-1.5223491639851672,-1.3225103767929247,-1.2158505841827034,-2.0993382237308644,-0.1744423782199061,-0.8479379859169895,-0.5407959498009259,-1.5358284810537486,-0.8932423004808223,-1.4480044102094225,-0.6930246742878864,0.7295589439744146,-0.8762567137464611,1.916836577702909
-1.8177405464271457,-1.4388532237668776,-1.5779689073350345,-1.3772264440160389,-1.0236197216622258,-1.23545571060844,-1.3434664861303764,-0.7805788028106154,-1.2419807890274004,-1.1699044204033835,-1.2573590539125477,-1.168628529208759,-0.984068320917424,-0.6958373282231305,-1.4899613287632438,0.379109735733439,-0.5452502511264901,-0.5013146448547088,-1.3827034257535251,-1.2390819756604323,-0.9246118952292148,-1.8309815957481423,0.6343636453169,-0.7685873777248924,-0.4109397583861431,-1.3259284895922574,-0.2746446770053615,-1.3177671128297554,-0.9198094339051314,-0.3325285307608697,0.3067432080459878,1.7903359052972156
0.8454443473218137,0.7381022156175336,0.5796812001431201,0.7313108388436499,0.7054309108730238,0.4866340486619413,0.5160805139967659,-0.0029068255092302,0.5962815848891619,0.5276195773344942,0.884432825403475,0.9033165414191816,0.5123490471310708,2.992705418500113,0.5297947709208016,-0.5080008764831284,0.1531029236826901,1.010383328234441,0.3544231545878422,1.5509766059338237,0.1874693934631434,0.6568616979769254,0.2801136527889268,0.3604771049024036,0.1567971170558511,0.5630680291182092,0.6241748931716812,0.634580306640837,0.2959382459719454,-1.985435199804674,0.2518669137017295,-0.3180086347976425
1.0190986195252,1.152229774260814,1.2234559989115197,1.0786029702229474,1.5173653734828687,1.2036108872204596,1.589945736011296,0.8812873114244072,1.392264325118416,1.9422960355466707,0.7405739363996474,1.0487285024532569,-0.2289378251411196,-0.6559376924616619,-0.226884683361937,-0.5266215184504065,0.2941594300632261,0.587545374332367,-0.120069575345784,0.9664019692599876,-1.3513780949494387,-0.1002744644203224,-0.3331732445739862,1.5001210715395754,0.1292668204918369,-0.5550288043891176,-0.693519828453495,1.341305667426587,2.386187389251882,0.9424333069675356,1.7336297650420915,-0.5288430888071284
-0.146628175030077,-0.2247794030848548,0.159639443851783,0.0217310770682206,-0.4179719574252581,0.396919353180963,-0.4585407715421138,-0.4235569726939967,-0.4195386946653581,-0.4716462965312046,-0.4557055475343667,-0.415617459493911,0.3834618400441292,1.6947201316423053,1.224429902966411,-0.4775055142995487,0.5733935539831251,-0.4558204931889167,0.1255179781964903,-0.5347730235540413,0.1742642976740501,-0.2020494095453242,-0.5158164146917273,-0.7063836401374144,-0.5641261723582708,1.130617537610769,-0.4974024726721137,-0.4802841563456236,-0.489932151940465,1.8420303208297435,0.396288852094476,-0.3601755255995402
-0.4500685351684177,-0.804042862736019,-0.7139282168888367,-0.930306686217439,-0.8417814167228792,-0.9412961675998722,-0.8945958108808976,-0.6072468517896545,-0.8453400129736358,-0.8061255971819612,-0.950228241082124,-1.0075650522649366,-0.3100345425861195,0.4251605404794366,1.7599757938048577,2.445125901191275,-1.2466466771042315,-0.9406411055746452,-0.5327513058913766,-0.3090525977770498,2.595611458894491,0.8526211087347361,0.6411049410763716,-0.7670990930407418,-0.602695077383831,-0.4067551124062425,1.9103887212058603,-0.5941725566649548,-0.4803804651485308,0.5786584910264272,-0.3485836582951384,0.6096629628440963
-1.1835438141686836,-1.2672972490523928,-1.3382837405390793,-1.361657779495609,-1.0359365766518909,-1.3047603731743185,-1.0871217041057006,-0.7473253484052141,-1.098613012794483,-1.089975436264934,-1.1870895497629086,-1.0955161834252498,-1.099117760241202,-1.2715443130429729,-1.7867587834903431,-0.2201036644720352,-1.2367332728351137,-1.5428321347942515,-1.2211393461783508,-1.0250886522104603,-0.8020115316663434,-1.8961225690018508,0.0042499772884305,-0.4891875589007493,1.6294384206659,-1.6110429076946178,-0.9629010220759332,-1.1378527423274232,-0.4628332566757289,-0.4207629164363726,2.95634767709298,1.4530007788820396
-1.8177405464271457,-1.4388532237668776,-1.5779689073350345,-1.3772264440160389,-1.0236197216622258,-1.23545571060844,-1.3434664861303764,-0.7805788028106154,-1.2419807890274004,-1.1699044204033835,-1.2573590539125477,-1.168628529208759,-0.984068320917424,-0.6958373282231305,-1.4899613287632438,0.379109735733439,-0.5452502511264901,-0.5013146448547088,-1.3827034257535251,-1.2390819756604323,-0.9246118952292148,-1.8309815957481423,0.6343636453169,-0.7685873777248924,-0.4109397583861431,-1.3259284895922574,-0.2746446770053615,-1.3177671128297554,-0.9198094339051314,-0.3325285307608697,0.3067432080459878,1.7903359052972156
0.3486991707981831,0.0604298290035889,-0.183196526397,0.2618393737592187,-0.2851436872885191,0.1131049340312856,-0.0803240088387822,-0.1728893374408338,0.028133890622587,0.0089414856021664,0.6859085015263725,0.2768306814866749,0.3951699368406582,-0.57585755080946,-0.3232355344338599,-0.5026836959138499,1.0218893610684427,1.1399372593216934,1.3311169245020198,-0.3459290330492845,0.6767404938824108,0.4281219188301969,-0.6687923776886063,0.1102849883193637,-0.4127541607790779,0.8230814669840182,0.213965676546782,-0.3369596968403866,-0.2499977967714217,0.239573742207419,-0.018715816854753,-0.6131768704109208
0.983192792075464,1.1020824166112646,0.9226776199623192,1.640225002665529,1.2439880625355269,0.7174605080099606,0.8903608719760274,0.101166222600256,0.9278870679531032,0.7306315049228542,0.9126114247841016,1.0722955929186837,0.694464641299481,0.350609846104008,0.8214838740665491,-0.517517027943281,0.7417106811905301,1.218978238186035,0.4699147802429916,0.7814555286516912,-0.6273444023344623,0.6767095169977737,0.5140218403299434,0.185433001764305,0.2479964395158768,0.9804402356133564,-0.3293763887295823,1.1468193099008537,-0.2747586366040263,-0.1930318102188625,-1.378780271126029,-0.1071741807881566
0.4296372362189833,0.3144360034689937,0.0631139124110455,0.2818112417035271,-0.1596084768954652,0.1286493110363401,0.0826298504136378,-0.1084094268582554,0.2153096795984654,0.219414479573481,0.8632872757966125,0.5673065721753616,0.445187491183537,-0.3826161063402839,0.4980603834108756,-0.512976400137095,0.4426523410279722,1.379584434192952,0.4382499770522301,-0.3297721819531818,0.5288517262855869,0.7485461283830271,-0.6186785173422938,0.2876266488606367,-0.3098666532472835,1.7726602492833397,2.471734426718471,0.0824019382153033,0.1922279239834474,-0.6463810425440487,0.1358291421737789,-0.9083451060242022
0.0467800702696549,-0.2103952591823486,0.2366506304068424,-0.0622324489753856,-0.4237315378794889,-0.1428550609578763,-0.4272871701503537,-0.3560770322580233,-0.2933908689927043,-0.2891049812852636,-0.2884544764532458,-0.270941980396344,-0.2043044681012397,0.5664303232379279,-0.0627660760128107,-0.3795476980988942,-0.401799133015577,-0.2060659448232713,0.0357134367779285,-0.451547347204844,-0.0350014816507189,-0.0388875052039043,-0.7455858218693301,-0.5035186629036696,-0.5559105747636038,0.7624832386602584,-0.2197233887191853,-0.4895699098765943,-0.193004984070965,0.5830634787096943,0.3489756529280555,-0.5288430888071284
1.634837858667418,1.7729882357505662,1.8674153333131327,1.429949083765116,1.6780429700525057,2.172059489357648,1.6790122866640376,1.993554659292163,2.0307562624302022,1.926835236337584,1.749884425785262,2.0449552248717784,3.960464505677201,-0.0660993604272626,-0.0850344002534402,-0.5319627099526829,-0.8752893993309534,1.608096101698883,3.0007239522968066,2.016740303458169,0.508079324123444,0.538860820390863,0.0201191075369981,2.118188870963328,-0.2228815478213706,1.413103926953087,-0.0111438755025325,1.601757481569292,2.576056716219592,0.2024393611413101,-1.303588717536631,-0.9926788876279976
0.877859539983099,0.9284812210475348,0.8695048454908714,1.1220468862604986,0.9411444138574524,0.6760439097427877,0.6276174938085415,0.0598046366308749,0.8252688589657505,0.5874855905038561,0.8797209012396516,1.007382058710873,0.6686888185281938,1.6059747776803983,1.1706116992346778,-0.5161259044239899,1.358954168963903,0.6034181347459333,0.3532355328426836,0.6426350208803544,-0.4248538041891673,0.7743715572383858,0.0239135326109679,0.0973132383814232,0.2146750918637649,0.7784191204754152,-0.2122101786183744,0.7238115461235602,-0.2399088430746092,-0.3562735761340631,-1.7501404600112933,-0.3601755255995402
-1.1835438141686836,-1.2672972490523928,-1.3382837405390793,-1.361657779495609,-1.0359365766518909,-1.3047603731743185,-1.0871217041057006,-0.7473253484052141,-1.098613012794483,-1.089975436264934,-1.1870895497629086,-1.0955161834252498,-1.099117760241202,-1.2715443130429729,-1.7867587834903431,-0.2201036644720352,-1.2367332728351137,-1.5428321347942515,-1.2211393461783508,-1.0250886522104603,-0.8020115316663434,-1.8961225690018508,0.0042499772884305,-0.4891875589007493,1.6294384206659,-1.6110429076946178,-0.9629010220759332,-1.1378527423274232,-0.4628332566757289,-0.4207629164363726,2.95634767709298,1.4530007788820396
-0.0025886138901114464,-0.06821812689304352,-0.02269517071545124,-0.033313553780317307,-0.012504912912845612,-0.007953810505568981,-0.015188127756118774,0.02740442380309105,-0.012523781508207321,-0.04040689021348953,0.01964915730059147,0.04120954871177673,0.0010881978087127209,-0.07999388873577118,-0.03599799424409866,-0.0627593919634819,-0.01393172051757574,0.01376386359333992,0.001111118122935295,-0.04008430242538452,0.044060636311769485,-0.08149456232786179,-0.030130622908473015,-0.050767093896865845,0.07556038349866867,0.00996209867298603,0.047044750303030014,-0.09064274281263351,-0.015546062961220741,-0.1443179207895172,0.1793802176413217,-0.3180086347976425
-0.8810783117396541,-1.0407688251149831,-0.9665990626702818,-1.1079743105460718,-0.9591641063766552,-1.178536870583221,-0.928220155359342,-0.6892353754491493,-1.0229030616193366,-0.958920492221353,-1.1456232424554982,-1.0867928378957792,-0.8712915654639134,-0.7991067990014123,-0.0885032282431639,0.716541283450604,-1.1660298459418963,-1.2739088465335198,-0.9740477199934728,-0.7889684315026569,0.6606857708229968,0.0344881661760446,0.0200004473130678,-0.7078372237712154,-0.6229471776811869,-1.422737771295585,-0.4064034053955426,-1.114733102527783,-0.5151758552056213,1.2156077646761765,0.0930767600510916,0.9891649800611702
1.1539658311899037,1.4989383501797924,1.4303846071085575,1.260568463461363,1.6356166100434777,1.6797957828956886,1.6690842795081433,1.2624714635685748,1.7332414432264251,1.3725631888434169,1.6483515482868052,1.4549346928184888,-0.2131171915433764,-0.4599363731525088,0.339811365640069,-0.5254899116374125,-0.2149093127984561,0.5410515716045815,1.241568716212545,2.107191967468017,-0.8344005845872645,0.054826613740022,-0.4290034863380065,3.1018590378014115,-0.0806158680214567,-0.1825578565974858,-0.2989647123816893,1.4095265811869206,2.457521066973057,0.2026273363964781,0.3329919193191797,-0.9083451060242022
-1.1835438141686836,-1.2672972490523928,-1.3382837405390793,-1.361657779495609,-1.0359365766518909,-1.3047603731743185,-1.0871217041057006,-0.7473253484052141,-1.098613012794483,-1.089975436264934,-1.1870895497629086,-1.0955161834252498,-1.099117760241202,-1.2715443130429729,-1.7867587834903431,-0.2201036644720352,-1.2367332728351137,-1.5428321347942515,-1.2211393461783508,-1.0250886522104603,-0.8020115316663434,-1.8961225690018508,0.0042499772884305,-0.4891875589007493,1.6294384206659,-1.6110429076946178,-0.9629010220759332,-1.1378527423274232,-0.4628332566757289,-0.4207629164363726,2.95634767709298,1.4530007788820396
0.3486991707981831,0.0604298290035889,-0.183196526397,0.2618393737592187,-0.2851436872885191,0.1131049340312856,-0.0803240088387822,-0.1728893374408338,0.028133890622587,0.0089414856021664,0.6859085015263725,0.2768306814866749,0.3951699368406582,-0.57585755080946,-0.3232355344338599,-0.5026836959138499,1.0218893610684427,1.1399372593216934,1.3311169245020198,-0.3459290330492845,0.6767404938824108,0.4281219188301969,-0.6687923776886063,0.1102849883193637,-0.4127541607790779,0.8230814669840182,0.213965676546782,-0.3369596968403866,-0.2499977967714217,0.239573742207419,-0.018715816854753,-0.6131768704109208
-0.5745285435202541,-0.7765144752564597,-0.5751992379864717,-0.7992163669001149,-0.8177027273657801,-0.7173467534721248,-0.8363325429639088,-0.5742131336839111,-0.7670382376434155,-0.8129573881966833,-0.849634610036974,-0.9636646275362928,-0.6491641260273081,-0.5630090297976348,-0.7783204582238338,-0.5310212490243545,-1.3119788098607317,-1.1852342400183145,-0.7323769559484979,-0.7533711653600882,1.728639284692384,2.0057202606112225,-0.457066428414523,-0.7523673389974166,-0.6158731373205782,-0.7800026368429093,2.0020214428128376,-0.6877906615052742,-0.4861249146876194,1.325394764457715,-0.5000077824441818,0.3144947272308149
-2.049251818906184,-1.4635929427149093,-1.6649276531555992,-1.4865952568628196,-1.0718093845742451,-1.38010826948144,-1.5343806745373951,-0.7897148816589122,-1.2954099955327305,-1.2458967504700864,-1.2982376032005825,-1.1974835960832422,-1.082194364167608,-1.2346694123329596,-2.0913605913461977,3.567452208514911,-0.83148437929783,-1.3335130561407402,-1.5223491639851672,-1.3225103767929247,-1.2158505841827034,-2.0993382237308644,-0.1744423782199061,-0.8479379859169895,-0.5407959498009259,-1.5358284810537486,-0.8932423004808223,-1.4480044102094225,-0.6930246742878864,0.7295589439744146,-0.8762567137464611,1.916836577702909
1.0190986195252,1.152229774260814,1.2234559989115197,1.0786029702229474,1.5173653734828687,1.2036108872204596,1.589945736011296,0.8812873114244072,1.392264325118416,1.9422960355466707,0.7405739363996474,1.0487285024532569,-0.2289378251411196,-0.6559376924616619,-0.226884683361937,-0.5266215184504065,0.2941594300632261,0.587545374332367,-0.120069575345784,0.9664019692599876,-1.3513780949494387,-0.1002744644203224,-0.3331732445739862,1.5001210715395754,0.1292668204918369,-0.5550288043891176,-0.693519828453495,1.341305667426587,2.386187389251882,0.9424333069675356,1.7336297650420915,-0.5288430888071284
-1.1835438141686836,-1.2672972490523928,-1.3382837405390793,-1.361657779495609,-1.0359365766518909,-1.3047603731743185,-1.0871217041057006,-0.7473253484052141,-1.098613012794483,-1.089975436264934,-1.1870895497629086,-1.0955161834252498,-1.099117760241202,-1.2715443130429729,-1.7867587834903431,-0.2201036644720352,-1.2367332728351137,-1.5428321347942515,-1.2211393461783508,-1.0250886522104603,-0.8020115316663434,-1.8961225690018508,0.0042499772884305,-0.4891875589007493,1.6294384206659,-1.6110429076946178,-0.9629010220759332,-1.1378527423274232,-0.4628332566757289,-0.4207629164363726,2.95634767709298,1.4530007788820396
-0.4500685351684177,-0.804042862736019,-0.7139282168888367,-0.930306686217439,-0.8417814167228792,-0.9412961675998722,-0.8945958108808976,-0.6072468517896545,-0.8453400129736358,-0.8061255971819612,-0.950228241082124,-1.0075650522649366,-0.3100345425861195,0.4251605404794366,1.7599757938048577,2.445125901191275,-1.2466466771042315,-0.9406411055746452,-0.5327513058913766,-0.3090525977770498,2.595611458894491,0.8526211087347361,0.6411049410763716,-0.7670990930407418,-0.602695077383831,-0.4067551124062425,1.9103887212058603,-0.5941725566649548,-0.4803804651485308,0.5786584910264272,-0.3485836582951384,0.6096629628440963
0.983192792075464,1.1020824166112646,0.9226776199623192,1.640225002665529,1.2439880625355269,0.7174605080099606,0.8903608719760274,0.101166222600256,0.9278870679531032,0.7306315049228542,0.9126114247841016,1.0722955929186837,0.694464641299481,0.350609846104008,0.8214838740665491,-0.517517027943281,0.7417106811905301,1.218978238186035,0.4699147802429916,0.7814555286516912,-0.6273444023344623,0.6767095169977737,0.5140218403299434,0.185433001764305,0.2479964395158768,0.9804402356133564,-0.3293763887295823,1.1468193099008537,-0.2747586366040263,-0.1930318102188625,-1.378780271126029,-0.1071741807881566
0.004782806150615215,-0.04644583910703659,-0.02386239729821682,-0.04219110682606697,-0.02972513437271118,-0.001113206148147583,-0.023554448038339615,0.023498117923736572,0.003673255443572998,-0.02300744503736496,0.008997377939522266,0.03193926066160202,-0.0033492872025817633,-0.03731473162770271,-0.012149982154369354,-0.037140991538763046,-0.0006706295534968376,0.021911149844527245,0.010507326573133469,-0.039182037115097046,0.016083868220448494,-0.05995877459645271,-0.004958571866154671,-0.03418321907520294,0.05887512117624283,0.0070211575366556644,0.04808301478624344,-0.056433409452438354,-0.009380296804010868,-0.3325285307608697,0.3067432080459878,1.7903359052972156
-0.8810783117396541,-1.0407688251149831,-0.9665990626702818,-1.1079743105460718,-0.9591641063766552,-1.178536870583221,-0.928220155359342,-0.6892353754491493,-1.0229030616193366,-0.958920492221353,-1.1456232424554982,-1.0867928378957792,-0.8712915654639134,-0.7991067990014123,-0.0885032282431639,0.716541283450604,-1.1660298459418963,-1.2739088465335198,-0.9740477199934728,-0.7889684315026569,0.6606857708229968,0.0344881661760446,0.0200004473130678,-0.7078372237712154,-0.6229471776811869,-1.422737771295585,-0.4064034053955426,-1.114733102527783,-0.5151758552056213,1.2156077646761765,0.0930767600510916,0.9891649800611702
-1.8177405464271457,-1.4388532237668776,-1.5779689073350345,-1.3772264440160389,-1.0236197216622258,-1.23545571060844,-1.3434664861303764,-0.7805788028106154,-1.2419807890274004,-1.1699044204033835,-1.2573590539125477,-1.168628529208759,-0.984068320917424,-0.6958373282231305,-1.4899613287632438,0.379109735733439,-0.5452502511264901,-0.5013146448547088,-1.3827034257535251,-1.2390819756604323,-0.9246118952292148,-1.8309815957481423,0.6343636453169,-0.7685873777248924,-0.4109397583861431,-1.3259284895922574,-0.2746446770053615,-1.3177671128297554,-0.9198094339051314,-0.3325285307608697,0.3067432080459878,1.7903359052972156
-0.7029019306446641,-1.0257794243251468,-0.8677667756119058,-1.0839827074462345,-0.8882969786261081,-1.0914740020068785,-0.6950027662446908,-0.6685160824158642,-0.9359900220491528,-0.8796152257153622,-1.076843502493566,-1.04002541427511,-0.4524985490577865,0.0442990391639978,1.74735073041983,0.9219796693900166,-1.119668381660177,-0.3998458052591225,-0.705423145487409,-0.6443974109225207,1.8494099182530264,-0.059090757393059,0.6884469036202724,-0.7307832436383805,-0.574874240527434,-0.4643174975093811,0.3500277542435302,-1.0529301402162157,-0.1355841172341096,0.3094723832560785,-0.0518429599688844,0.9048311984573746
-0.5745285435202541,-0.7765144752564597,-0.5751992379864717,-0.7992163669001149,-0.8177027273657801,-0.7173467534721248,-0.8363325429639088,-0.5742131336839111,-0.7670382376434155,-0.8129573881966833,-0.849634610036974,-0.9636646275362928,-0.6491641260273081,-0.5630090297976348,-0.7783204582238338,-0.5310212490243545,-1.3119788098607317,-1.1852342400183145,-0.7323769559484979,-0.7533711653600882,1.728639284692384,2.0057202606112225,-0.457066428414523,-0.7523673389974166,-0.6158731373205782,-0.7800026368429093,2.0020214428128376,-0.6877906615052742,-0.4861249146876194,1.325394764457715,-0.5000077824441818,0.3144947272308149
-0.7029019306446641,-1.0257794243251468,-0.8677667756119058,-1.0839827074462345,-0.8882969786261081,-1.0914740020068785,-0.6950027662446908,-0.6685160824158642,-0.9359900220491528,-0.8796152257153622,-1.076843502493566,-1.04002541427511,-0.4524985490577865,0.0442990391639978,1.74735073041983,0.9219796693900166,-1.119668381660177,-0.3998458052591225,-0.705423145487409,-0.6443974109225207,1.8494099182530264,-0.059090757393059,0.6884469036202724,-0.7307832436383805,-0.574874240527434,-0.4643174975093811,0.3500277542435302,-1.0529301402162157,-0.1355841172341096,0.3094723832560785,-0.0518429599688844,0.9048311984573746
0.983192792075464,1.1020824166112646,0.9226776199623192,1.640225002665529,1.2439880625355269,0.7174605080099606,0.8903608719760274,0.101166222600256,0.9278870679531032,0.7306315049228542,0.9126114247841016,1.0722955929186837,0.694464641299481,0.350609846104008,0.8214838740665491,-0.517517027943281,0.7417106811905301,1.218978238186035,0.4699147802429916,0.7814555286516912,-0.6273444023344623,0.6767095169977737,0.5140218403299434,0.185433001764305,0.2479964395158768,0.9804402356133564,-0.3293763887295823,1.1468193099008537,-0.2747586366040263,-0.1930318102188625,-1.378780271126029,-0.1071741807881566
-0.4341798853153589,-0.4004250316508307,-0.0375503801587199,-0.3977188486978522,-0.6006331912722908,-0.1025511655173693,-0.797484333670673,-0.484000772783895,-0.5539115124408525,-0.6040115577816981,-0.539057378007905,-0.6936583276988406,-0.0510777392111037,0.8674382845449476,0.7448703474644359,-0.18567312628524,1.875004098526412,-0.8919430264447064,-0.082730184407668,-0.0970463781413462,0.4341698387618963,-0.4809988547154174,-0.576064392910523,-0.9059851322747566,-0.4904676350080633,0.0054245586513399,-1.0090010060328958,-0.1650148978817457,-0.7920160130317723,-0.8694819753243683,-0.105026324874296,-0.1915079623919492
0.983192792075464,1.1020824166112646,0.9226776199623192,1.640225002665529,1.2439880625355269,0.7174605080099606,0.8903608719760274,0.101166222600256,0.9278870679531032,0.7306315049228542,0.9126114247841016,1.0722955929186837,0.694464641299481,0.350609846104008,0.8214838740665491,-0.517517027943281,0.7417106811905301,1.218978238186035,0.4699147802429916,0.7814555286516912,-0.6273444023344623,0.6767095169977737,0.5140218403299434,0.185433001764305,0.2479964395158768,0.9804402356133564,-0.3293763887295823,1.1468193099008537,-0.2747586366040263,-0.1930318102188625,-1.378780271126029,-0.1071741807881566
0.1563744058565792,-0.0473135785659083,-0.437947221286496,0.0779235928882436,-0.3552896802750338,-0.0569389117557756,-0.1057964546760315,-0.2471085129295573,-0.1417601228386564,-0.1154023208721778,-0.0975742826787961,-0.0181070625941167,0.3543296910720463,-0.7932946046057785,-0.2453857091845438,-0.1902125193285793,1.4619925803114764,0.2582537084610392,0.3817667709642701,-0.3333836018088461,-0.2642288075705569,0.4078178993579289,-0.6476190236006003,-0.3836180708126383,-0.4759550769782965,1.162357007277984,0.1014171605667137,0.2698416903947453,-0.6985523288324258,-0.1443179207895172,0.1793802176413217,-0.3180086347976425
-0.5745285435202541,-0.7765144752564597,-0.5751992379864717,-0.7992163669001149,-0.8177027273657801,-0.7173467534721248,-0.8363325429639088,-0.5742131336839111,-0.7670382376434155,-0.8129573881966833,-0.849634610036974,-0.9636646275362928,-0.6491641260273081,-0.5630090297976348,-0.7783204582238338,-0.5310212490243545,-1.3119788098607317,-1.1852342400183145,-0.7323769559484979,-0.7533711653600882,1.728639284692384,2.0057202606112225,-0.457066428414523,-0.7523673389974166,-0.6158731373205782,-0.7800026368429093,2.0020214428128376,-0.6877906615052742,-0.4861249146876194,1.325394764457715,-0.5000077824441818,0.3144947272308149
-0.8810783117396541,-1.0407688251149831,-0.9665990626702818,-1.1079743105460718,-0.9591641063766552,-1.178536870583221,-0.928220155359342,-0.6892353754491493,-1.0229030616193366,-0.958920492221353,-1.1456232424554982,-1.0867928378957792,-0.8712915654639134,-0.7991067990014123,-0.0885032282431639,0.716541283450604,-1.1660298459418963,-1.2739088465335198,-0.9740477199934728,-0.7889684315026569,0.6606857708229968,0.0344881661760446,0.0200004473130678,-0.7078372237712154,-0.6229471776811869,-1.422737771295585,-0.4064034053955426,-1.114733102527783,-0.5151758552056213,1.2156077646761765,0.0930767600510916,0.9891649800611702
-0.4341798853153589,-0.4004250316508307,-0.0375503801587199,-0.3977188486978522,-0.6006331912722908,-0.1025511655173693,-0.797484333670673,-0.484000772783895,-0.5539115124408525,-0.6040115577816981,-0.539057378007905,-0.6936583276988406,-0.0510777392111037,0.8674382845449476,0.7448703474644359,-0.18567312628524,1.875004098526412,-0.8919430264447064,-0.082730184407668,-0.0970463781413462,0.4341698387618963,-0.4809988547154174,-0.576064392910523,-0.9059851322747566,-0.4904676350080633,0.0054245586513399,-1.0090010060328958,-0.1650148978817457,-0.7920160130317723,-0.8694819753243683,-0.105026324874296,-0.1915079623919492
1.0190986195252,1.152229774260814,1.2234559989115197,1.0786029702229474,1.5173653734828687,1.2036108872204596,1.589945736011296,0.8812873114244072,1.392264325118416,1.9422960355466707,0.7405739363996474,1.0487285024532569,-0.2289378251411196,-0.6559376924616619,-0.226884683361937,-0.5266215184504065,0.2941594300632261,0.587545374332367,-0.120069575345784,0.9664019692599876,-1.3513780949494387,-0.1002744644203224,-0.3331732445739862,1.5001210715395754,0.1292668204918369,-0.5550288043891176,-0.693519828453495,1.341305667426587,2.386187389251882,0.9424333069675356,1.7336297650420915,-0.5288430888071284
1.1539658311899037,1.4989383501797924,1.4303846071085575,1.260568463461363,1.6356166100434777,1.6797957828956886,1.6690842795081433,1.2624714635685748,1.7332414432264251,1.3725631888434169,1.6483515482868052,1.4549346928184888,-0.2131171915433764,-0.4599363731525088,0.339811365640069,-0.5254899116374125,-0.2149093127984561,0.5410515716045815,1.241568716212545,2.107191967468017,-0.8344005845872645,0.054826613740022,-0.4290034863380065,3.1018590378014115,-0.0806158680214567,-0.1825578565974858,-0.2989647123816893,1.4095265811869206,2.457521066973057,0.2026273363964781,0.3329919193191797,-0.9083451060242022
-0.7029019306446641,-1.0257794243251468,-0.8677667756119058,-1.0839827074462345,-0.8882969786261081,-1.0914740020068785,-0.6950027662446908,-0.6685160824158642,-0.9359900220491528,-0.8796152257153622,-1.076843502493566,-1.04002541427511,-0.4524985490577865,0.0442990391639978,1.74735073041983,0.9219796693900166,-1.119668381660177,-0.3998458052591225,-0.705423145487409,-0.6443974109225207,1.8494099182530264,-0.059090757393059,0.6884469036202724,-0.7307832436383805,-0.574874240527434,-0.4643174975093811,0.3500277542435302,-1.0529301402162157,-0.1355841172341096,0.3094723832560785,-0.0518429599688844,0.9048311984573746
1.114114137712036,1.26413809678729,1.1093930233168448,1.1551972307690133,1.5278651304857676,0.7984655912314208,0.9889519780990071,0.1751527931446096,1.0950223940505397,0.8695321188411641,0.9680255748336036,0.9959033956679466,0.0928106393058414,0.0450916862427815,0.2921560412127261,-0.5021636455647591,0.328571119854515,0.8765959889034596,0.5038223662591116,0.6150408187183574,-0.9049502736531188,0.1417344095987635,-0.2457642652961151,0.2360924541700465,0.5743406024128863,0.0998047498933392,-0.965468677948361,1.1759715707941651,-0.2002712978201468,-0.3924403201656704,-1.5004103977846484,-0.2758417439957447
-0.8810783117396541,-1.0407688251149831,-0.9665990626702818,-1.1079743105460718,-0.9591641063766552,-1.178536870583221,-0.928220155359342,-0.6892353754491493,-1.0229030616193366,-0.958920492221353,-1.1456232424554982,-1.0867928378957792,-0.8712915654639134,-0.7991067990014123,-0.0885032282431639,0.716541283450604,-1.1660298459418963,-1.2739088465335198,-0.9740477199934728,-0.7889684315026569,0.6606857708229968,0.0344881661760446,0.0200004473130678,-0.7078372237712154,-0.6229471776811869,-1.422737771295585,-0.4064034053955426,-1.114733102527783,-0.5151758552056213,1.2156077646761765,0.0930767600510916,0.9891649800611702
-0.7029019306446641,-1.0257794243251468,-0.8677667756119058,-1.0839827074462345,-0.8882969786261081,-1.0914740020068785,-0.6950027662446908,-0.6685160824158642,-0.9359900220491528,-0.8796152257153622,-1.076843502493566,-1.04002541427511,-0.4524985490577865,0.0442990391639978,1.74735073041983,0.9219796693900166,-1.119668381660177,-0.3998458052591225,-0.705423145487409,-0.6443974109225207,1.8494099182530264,-0.059090757393059,0.6884469036202724,-0.7307832436383805,-0.574874240527434,-0.4643174975093811,0.3500277542435302,-1.0529301402162157,-0.1355841172341096,0.3094723832560785,-0.0518429599688844,0.9048311984573746
0.0467800702696549,-0.2103952591823486,0.2366506304068424,-0.0622324489753856,-0.4237315378794889,-0.1428550609578763,-0.4272871701503537,-0.3560770322580233,-0.2933908689927043,-0.2891049812852636,-0.2884544764532458,-0.270941980396344,-0.2043044681012397,0.5664303232379279,-0.0627660760128107,-0.3795476980988942,-0.401799133015577,-0.2060659448232713,0.0357134367779285,-0.451547347204844,-0.0350014816507189,-0.0388875052039043,-0.7455858218693301,-0.5035186629036696,-0.5559105747636038,0.7624832386602584,-0.2197233887191853,-0.4895699098765943,-0.193004984070965,0.5830634787096943,0.3489756529280555,-0.5288430888071284
0.983192792075464,1.1020824166112646,0.9226776199623192,1.640225002665529,1.2439880625355269,0.7174605080099606,0.8903608719760274,0.101166222600256,0.9278870679531032,0.7306315049228542,0.9126114247841016,1.0722955929186837,0.694464641299481,0.350609846104008,0.8214838740665491,-0.517517027943281,0.7417106811905301,1.218978238186035,0.4699147802429916,0.7814555286516912,-0.6273444023344623,0.6767095169977737,0.5140218403299434,0.185433001764305,0.2479964395158768,0.9804402356133564,-0.3293763887295823,1.1468193099008537,-0.2747586366040263,-0.1930318102188625,-1.378780271126029,-0.1071741807881566
-2.049251818906184,-1.4635929427149093,-1.6649276531555992,-1.4865952568628196,-1.0718093845742451,-1.38010826948144,-1.5343806745373951,-0.7897148816589122,-1.2954099955327305,-1.2458967504700864,-1.2982376032005825,-1.1974835960832422,-1.082194364167608,-1.2346694123329596,-2.0913605913461977,3.567452208514911,-0.83148437929783,-1.3335130561407402,-1.5223491639851672,-1.3225103767929247,-1.2158505841827034,-2.0993382237308644,-0.1744423782199061,-0.8479379859169895,-0.5407959498009259,-1.5358284810537486,-0.8932423004808223,-1.4480044102094225,-0.6930246742878864,0.7295589439744146,-0.8762567137464611,1.916836577702909
1.0190986195252,1.152229774260814,1.2234559989115197,1.0786029702229474,1.5173653734828687,1.2036108872204596,1.589945736011296,0.8812873114244072,1.392264325118416,1.9422960355466707,0.7405739363996474,1.0487285024532569,-0.2289378251411196,-0.6559376924616619,-0.226884683361937,-0.5266215184504065,0.2941594300632261,0.587545374332367,-0.120069575345784,0.9664019692599876,-1.3513780949494387,-0.1002744644203224,-0.3331732445739862,1.5001210715395754,0.1292668204918369,-0.5550288043891176,-0.693519828453495,1.341305667426587,2.386187389251882,0.9424333069675356,1.7336297650420915,-0.5288430888071284
0.6855375000446186,0.5272580087947287,0.4098700047171378,0.4149360157491202,-0.1124764204575749,0.287711358359782,0.8469526161559459,-0.0830397255905054,0.3913669592505734,0.3952702634056066,0.716172467117703,0.7633874694033113,0.3615136772853074,-0.4554484223565174,-0.2054542743730885,-0.5258944873819824,-0.4386598384342483,0.602432550074947,0.4915292035677548,1.2996195397750414,-0.5607289098646239,0.5019006534769035,-0.839863014655845,0.2692422846232749,0.0799380666697927,0.9628989866854089,1.5479796141648436,0.3094578220931296,0.0663305189442173,-2.081030763738692,0.0091132705609736,-0.9505119968261
-0.4158133146423159,-0.5156390671485809,-0.2295942353051585,-0.6815363809908588,-0.7163691545333031,-0.4274225629755183,-0.3756286776941668,-0.5314860397178413,-0.6768909132909836,-0.7180812905286489,-0.765431845959188,-0.8778925704699463,-0.4054678106528978,0.3640384560203087,-0.3124881293313158,-0.1421738718599445,0.4229523066499563,-1.0770248218508114,-0.4331963329288399,-0.7846209831731128,0.4401315817357081,0.9416018848439526,-0.6388604429073655,-0.8922957301086583,-0.6013986095765457,-1.0709722209675492,-0.7549626350899222,-0.4241782666737269,-0.758050734182464,0.9797529926203732,0.5567370804615919,-0.0650072899862589
-0.0014524245634675026,-0.04512196034193039,-0.04471457004547119,-0.0634506568312645,-0.017559122294187546,-0.02750605158507824,-0.06288149952888489,-0.015268655493855476,0.02639138326048851,-0.04899734631180763,0.0168088898062706,0.031740352511405945,-0.029600508511066437,0.02932126447558403,0.005613693036139011,0.028393687680363655,-0.0345001295208931,-0.002056227996945381,-0.017855411395430565,0.010369068011641502,0.03418043628334999,-0.01898714154958725,-0.018202314153313637,-0.009426059201359749,0.016464851796627045,-0.02820635586977005,0.08855059742927551,-0.03542684391140938,-0.03299644589424133,0.7295589439744146,-0.8762567137464611,1.916836577702909
-0.8810783117396541,-1.0407688251149831,-0.9665990626702818,-1.1079743105460718,-0.9591641063766552,-1.178536870583221,-0.928220155359342,-0.6892353754491493,-1.0229030616193366,-0.958920492221353,-1.1456232424554982,-1.0867928378957792,-0.8712915654639134,-0.7991067990014123,-0.0885032282431639,0.716541283450604,-1.1660298459418963,-1.2739088465335198,-0.9740477199934728,-0.7889684315026569,0.6606857708229968,0.0344881661760446,0.0200004473130678,-0.7078372237712154,-0.6229471776811869,-1.422737771295585,-0.4064034053955426,-1.114733102527783,-0.5151758552056213,1.2156077646761765,0.0930767600510916,0.9891649800611702
-0.7029019306446641,-1.0257794243251468,-0.8677667756119058,-1.0839827074462345,-0.8882969786261081,-1.0914740020068785,-0.6950027662446908,-0.6685160824158642,-0.9359900220491528,-0.8796152257153622,-1.076843502493566,-1.04002541427511,-0.4524985490577865,0.0442990391639978,1.74735073041983,0.9219796693900166,-1.119668381660177,-0.3998458052591225,-0.705423145487409,-0.6443974109225207,1.8494099182530264,-0.059090757393059,0.6884469036202724,-0.7307832436383805,-0.574874240527434,-0.4643174975093811,0.3500277542435302,-1.0529301402162157,-0.1355841172341096,0.3094723832560785,-0.0518429599688844,0.9048311984573746
1.0190986195252,1.152229774260814,1.2234559989115197,1.0786029702229474,1.5173653734828687,1.2036108872204596,1.589945736011296,0.8812873114244072,1.392264325118416,1.9422960355466707,0.7405739363996474,1.0487285024532569,-0.2289378251411196,-0.6559376924616619,-0.226884683361937,-0.5266215184504065,0.2941594300632261,0.587545374332367,-0.120069575345784,0.9664019692599876,-1.3513780949494387,-0.1002744644203224,-0.3331732445739862,1.5001210715395754,0.1292668204918369,-0.5550288043891176,-0.693519828453495,1.341305667426587,2.386187389251882,0.9424333069675356,1.7336297650420915,-0.5288430888071284
0.6855375000446186,0.5272580087947287,0.4098700047171378,0.4149360157491202,-0.1124764204575749,0.287711358359782,0.8469526161559459,-0.0830397255905054,0.3913669592505734,0.3952702634056066,0.716172467117703,0.7633874694033113,0.3615136772853074,-0.4554484223565174,-0.2054542743730885,-0.5258944873819824,-0.4386598384342483,0.602432550074947,0.4915292035677548,1.2996195397750414,-0.5607289098646239,0.5019006534769035,-0.839863014655845,0.2692422846232749,0.0799380666697927,0.9628989866854089,1.5479796141648436,0.3094578220931296,0.0663305189442173,-2.081030763738692,0.0091132705609736,-0.9505119968261
1.114114137712036,1.26413809678729,1.1093930233168448,1.1551972307690133,1.5278651304857676,0.7984655912314208,0.9889519780990071,0.1751527931446096,1.0950223940505397,0.8695321188411641,0.9680255748336036,0.9959033956679466,0.0928106393058414,0.0450916862427815,0.2921560412127261,-0.5021636455647591,0.328571119854515,0.8765959889034596,0.5038223662591116,0.6150408187183574,-0.9049502736531188,0.1417344095987635,-0.2457642652961151,0.2360924541700465,0.5743406024128863,0.0998047498933392,-0.965468677948361,1.1759715707941651,-0.2002712978201468,-0.3924403201656704,-1.5004103977846484,-0.2758417439957447
-0.00630177091807127,-0.008848922327160835,-0.020378977060317993,-0.06846314668655396,-0.04681071639060974,-0.0005117566324770451,-0.048982929438352585,-0.048215024173259735,0.036464545875787735,0.022396951913833618,-0.012861737981438637,0.0202670656144619,-0.015494389459490776,0.003321504220366478,-0.022142330184578896,-0.008032717742025852,0.006484131328761578,0.010403900407254696,0.0025954535230994225,-0.0030466916505247355,-0.0017546601593494415,0.0019295159727334976,-0.020614029839634895,0.02011231519281864,-0.02794257178902626,-0.021153707057237625,0.03106309100985527,0.01475535612553358,0.012029362842440605,-0.3924403201656704,-1.5004103977846484,-0.2758417439957447
1.1539658311899037,1.4989383501797924,1.4303846071085575,1.260568463461363,1.6356166100434777,1.6797957828956886,1.6690842795081433,1.2624714635685748,1.7332414432264251,1.3725631888434169,1.6483515482868052,1.4549346928184888,-0.2131171915433764,-0.4599363731525088,0.339811365640069,-0.5254899116374125,-0.2149093127984561,0.5410515716045815,1.241568716212545,2.107191967468017,-0.8344005845872645,0.054826613740022,-0.4290034863380065,3.1018590378014115,-0.0806158680214567,-0.1825578565974858,-0.2989647123816893,1.4095265811869206,2.457521066973057,0.2026273363964781,0.3329919193191797,-0.9083451060242022
1.114114137712036,1.26413809678729,1.1093930233168448,1.1551972307690133,1.5278651304857676,0.7984655912314208,0.9889519780990071,0.1751527931446096,1.0950223940505397,0.8695321188411641,0.9680255748336036,0.9959033956679466,0.0928106393058414,0.0450916862427815,0.2921560412127261,-0.5021636455647591,0.328571119854515,0.8765959889034596,0.5038223662591116,0.6150408187183574,-0.9049502736531188,0.1417344095987635,-0.2457642652961151,0.2360924541700465,0.5743406024128863,0.0998047498933392,-0.965468677948361,1.1759715707941651,-0.2002712978201468,-0.3924403201656704,-1.5004103977846484,-0.2758417439957447
0.983192792075464,1.1020824166112646,0.9226776199623192,1.640225002665529,1.2439880625355269,0.7174605080099606,0.8903608719760274,0.101166222600256,0.9278870679531032,0.7306315049228542,0.9126114247841016,1.0722955929186837,0.694464641299481,0.350609846104008,0.8214838740665491,-0.517517027943281,0.7417106811905301,1.218978238186035,0.4699147802429916,0.7814555286516912,-0.6273444023344623,0.6767095169977737,0.5140218403299434,0.185433001764305,0.2479964395158768,0.9804402356133564,-0.3293763887295823,1.1468193099008537,-0.2747586366040263,-0.1930318102188625,-1.378780271126029,-0.1071741807881566
1.0190986195252,1.152229774260814,1.2234559989115197,1.0786029702229474,1.5173653734828687,1.2036108872204596,1.589945736011296,0.8812873114244072,1.392264325118416,1.9422960355466707,0.7405739363996474,1.0487285024532569,-0.2289378251411196,-0.6559376924616619,-0.226884683361937,-0.5266215184504065,0.2941594300632261,0.587545374332367,-0.120069575345784,0.9664019692599876,-1.3513780949494387,-0.1002744644203224,-0.3331732445739862,1.5001210715395754,0.1292668204918369,-0.5550288043891176,-0.693519828453495,1.341305667426587,2.386187389251882,0.9424333069675356,1.7336297650420915,-0.5288430888071284
1.1539658311899037,1.4989383501797924,1.4303846071085575,1.260568463461363,1.6356166100434777,1.6797957828956886,1.6690842795081433,1.2624714635685748,1.7332414432264251,1.3725631888434169,1.6483515482868052,1.4549346928184888,-0.2131171915433764,-0.4599363731525088,0.339811365640069,-0.5254899116374125,-0.2149093127984561,0.5410515716045815,1.241568716212545,2.107191967468017,-0.8344005845872645,0.054826613740022,-0.4290034863380065,3.1018590378014115,-0.0806158680214567,-0.1825578565974858,-0.2989647123816893,1.4095265811869206,2.457521066973057,0.2026273363964781,0.3329919193191797,-0.9083451060242022
-1.5780762767118544,-1.2853348071354005,-1.4890579459420763,-1.222049095906974,-0.995833489910634,-1.3752871343980937,-0.9106556014299652,-0.7676224166665411,-1.182741991337579,-1.1292218206044538,-1.2218892456038906,-1.1238214026959314,-1.078976541773571,-1.220572562616005,-1.4996104988353889,-0.2075688340426056,-1.0845366797339235,-1.195716734339504,-1.4169525199806638,-1.235145385985931,-0.8622252170476402,-1.9341062722645677,-0.203568452308037,-0.6024156062359433,4.1413003522225145,-0.9574999925953488,-0.4400345022290133,-1.2394731620678494,-0.875567537430426,0.2568046161466148,1.0172660559363758,1.6638352328915254
-0.4500685351684177,-0.804042862736019,-0.7139282168888367,-0.930306686217439,-0.8417814167228792,-0.9412961675998722,-0.8945958108808976,-0.6072468517896545,-0.8453400129736358,-0.8061255971819612,-0.950228241082124,-1.0075650522649366,-0.3100345425861195,0.4251605404794366,1.7599757938048577,2.445125901191275,-1.2466466771042315,-0.9406411055746452,-0.5327513058913766,-0.3090525977770498,2.595611458894491,0.8526211087347361,0.6411049410763716,-0.7670990930407418,-0.602695077383831,-0.4067551124062425,1.9103887212058603,-0.5941725566649548,-0.4803804651485308,0.5786584910264272,-0.3485836582951384,0.6096629628440963
1.1539658311899037,1.4989383501797924,1.4303846071085575,1.260568463461363,1.6356166100434777,1.6797957828956886,1.6690842795081433,1.2624714635685748,1.7332414432264251,1.3725631888434169,1.6483515482868052,1.4549346928184888,-0.2131171915433764,-0.4599363731525088,0.339811365640069,-0.5254899116374125,-0.2149093127984561,0.5410515716045815,1.241568716212545,2.107191967468017,-0.8344005845872645,0.054826613740022,-0.4290034863380065,3.1018590378014115,-0.0806158680214567,-0.1825578565974858,-0.2989647123816893,1.4095265811869206,2.457521066973057,0.2026273363964781,0.3329919193191797,-0.9083451060242022
-2.049251818906184,-1.4635929427149093,-1.6649276531555992,-1.4865952568628196,-1.0718093845742451,-1.38010826948144,-1.5343806745373951,-0.7897148816589122,-1.2954099955327305,-1.2458967504700864,-1.2982376032005825,-1.1974835960832422,-1.082194364167608,-1.2346694123329596,-2.0913605913461977,3.567452208514911,-0.83148437929783,-1.3335130561407402,-1.5223491639851672,-1.3225103767929247,-1.2158505841827034,-2.0993382237308644,-0.1744423782199061,-0.8479379859169895,-0.5407959498009259,-1.5358284810537486,-0.8932423004808223,-1.4480044102094225,-0.6930246742878864,0.7295589439744146,-0.8762567137464611,1.916836577702909
1.114114137712036,1.26413809678729,1.1093930233168448,1.1551972307690133,1.5278651304857676,0.7984655912314208,0.9889519780990071,0.1751527931446096,1.0950223940505397,0.8695321188411641,0.9680255748336036,0.9959033956679466,0.0928106393058414,0.0450916862427815,0.2921560412127261,-0.5021636455647591,0.328571119854515,0.8765959889034596,0.5038223662591116,0.6150408187183574,-0.9049502736531188,0.1417344095987635,-0.2457642652961151,0.2360924541700465,0.5743406024128863,0.0998047498933392,-0.965468677948361,1.1759715707941651,-0.2002712978201468,-0.3924403201656704,-1.5004103977846484,-0.2758417439957447
0.8454443473218137,0.7381022156175336,0.5796812001431201,0.7313108388436499,0.7054309108730238,0.4866340486619413,0.5160805139967659,-0.0029068255092302,0.5962815848891619,0.5276195773344942,0.884432825403475,0.9033165414191816,0.5123490471310708,2.992705418500113,0.5297947709208016,-0.5080008764831284,0.1531029236826901,1.010383328234441,0.3544231545878422,1.5509766059338237,0.1874693934631434,0.6568616979769254,0.2801136527889268,0.3604771049024036,0.1567971170558511,0.5630680291182092,0.6241748931716812,0.634580306640837,0.2959382459719454,-1.985435199804674,0.2518669137017295,-0.3180086347976425
0.9382696426116536,1.1416519982126092,1.2102332836434913,1.0343545488989578,1.4559150365867248,1.2935778088026484,1.5842015315909932,3.560490452001116,1.23997676910106,1.7102740971459127,1.084159698008358,0.8246743121129014,-0.2381894834827992,0.2174610515513577,0.0672187867119359,-0.5269661429804581,1.7986034158173814,1.17758416406618,0.3961568823980797,0.2146267909512746,-0.97646750166389,-0.1223329843332899,4.267964212934988,0.791377963137693,-0.0916512712443571,-0.1416873362622927,-1.252710618095895,1.7932569016213578,0.490731179559206,-1.9857334464928411,-0.484893412407306,-2.215518720883015
1.114114137712036,1.26413809678729,1.1093930233168448,1.1551972307690133,1.5278651304857676,0.7984655912314208,0.9889519780990071,0.1751527931446096,1.0950223940505397,0.8695321188411641,0.9680255748336036,0.9959033956679466,0.0928106393058414,0.0450916862427815,0.2921560412127261,-0.5021636455647591,0.328571119854515,0.8765959889034596,0.5038223662591116,0.6150408187183574,-0.9049502736531188,0.1417344095987635,-0.2457642652961151,0.2360924541700465,0.5743406024128863,0.0998047498933392,-0.965468677948361,1.1759715707941651,-0.2002712978201468,-0.3924403201656704,-1.5004103977846484,-0.2758417439957447
0.8454443473218137,0.7381022156175336,0.5796812001431201,0.7313108388436499,0.7054309108730238,0.4866340486619413,0.5160805139967659,-0.0029068255092302,0.5962815848891619,0.5276195773344942,0.884432825403475,0.9033165414191816,0.5123490471310708,2.992705418500113,0.5297947709208016,-0.5080008764831284,0.1531029236826901,1.010383328234441,0.3544231545878422,1.5509766059338237,0.1874693934631434,0.6568616979769254,0.2801136527889268,0.3604771049024036,0.1567971170558511,0.5630680291182092,0.6241748931716812,0.634580306640837,0.2959382459719454,-1.985435199804674,0.2518669137017295,-0.3180086347976425
0.877859539983099,0.9284812210475348,0.8695048454908714,1.1220468862604986,0.9411444138574524,0.6760439097427877,0.6276174938085415,0.0598046366308749,0.8252688589657505,0.5874855905038561,0.8797209012396516,1.007382058710873,0.6686888185281938,1.6059747776803983,1.1706116992346778,-0.5161259044239899,1.358954168963903,0.6034181347459333,0.3532355328426836,0.6426350208803544,-0.4248538041891673,0.7743715572383858,0.0239135326109679,0.0973132383814232,0.2146750918637649,0.7784191204754152,-0.2122101786183744,0.7238115461235602,-0.2399088430746092,-0.3562735761340631,-1.7501404600112933,-0.3601755255995402
0.4296372362189833,0.3144360034689937,0.0631139124110455,0.2818112417035271,-0.1596084768954652,0.1286493110363401,0.0826298504136378,-0.1084094268582554,0.2153096795984654,0.219414479573481,0.8632872757966125,0.5673065721753616,0.445187491183537,-0.3826161063402839,0.4980603834108756,-0.512976400137095,0.4426523410279722,1.379584434192952,0.4382499770522301,-0.3297721819531818,0.5288517262855869,0.7485461283830271,-0.6186785173422938,0.2876266488606367,-0.3098666532472835,1.7726602492833397,2.471734426718471,0.0824019382153033,0.1922279239834474,-0.6463810425440487,0.1358291421737789,-0.9083451060242022
-0.4500685351684177,-0.804042862736019,-0.7139282168888367,-0.930306686217439,-0.8417814167228792,-0.9412961675998722,-0.8945958108808976,-0.6072468517896545,-0.8453400129736358,-0.8061255971819612,-0.950228241082124,-1.0075650522649366,-0.3100345425861195,0.4251605404794366,1.7599757938048577,2.445125901191275,-1.2466466771042315,-0.9406411055746452,-0.5327513058913766,-0.3090525977770498,2.595611458894491,0.8526211087347361,0.6411049410763716,-0.7670990930407418,-0.602695077383831,-0.4067551124062425,1.9103887212058603,-0.5941725566649548,-0.4803804651485308,0.5786584910264272,-0.3485836582951384,0.6096629628440963
0.6855375000446186,0.5272580087947287,0.4098700047171378,0.4149360157491202,-0.1124764204575749,0.287711358359782,0.8469526161559459,-0.0830397255905054,0.3913669592505734,0.3952702634056066,0.716172467117703,0.7633874694033113,0.3615136772853074,-0.4554484223565174,-0.2054542743730885,-0.5258944873819824,-0.4386598384342483,0.602432550074947,0.4915292035677548,1.2996195397750414,-0.5607289098646239,0.5019006534769035,-0.839863014655845,0.2692422846232749,0.0799380666697927,0.9628989866854089,1.5479796141648436,0.3094578220931296,0.0663305189442173,-2.081030763738692,0.0091132705609736,-0.9505119968261
-0.01213511088608838,-0.17127774206146554,0.22711807753158442,-0.0036700943020196303,-0.3861880884429259,-0.05182275307553623,-0.3907484355934215,-0.43467904504068533,-0.2967385276376143,-0.3477053409150044,-0.31436846857155953,-0.1953805587325079,-0.1724277775563549,0.5314838018089906,-0.11345194433483065,-0.37790859345508115,-0.4626271404846334,-0.23962295869310038,0.0513139103554907,-0.3937817453995092,-0.004563408039496914,-0.1534519806338093,-0.7303674854178172,-0.49991698424204073,-0.5352160604949692,0.8432937227428188,-0.32288530255942244,-0.5191250811361496,-0.16345966793129726,0.5270866849461681,0.371366338764191,-0.5259293722603561
-2.049251818906184,-1.4635929427149093,-1.6649276531555992,-1.4865952568628196,-1.0718093845742451,-1.38010826948144,-1.5343806745373951,-0.7897148816589122,-1.2954099955327305,-1.2458967504700864,-1.2982376032005825,-1.1974835960832422,-1.082194364167608,-1.2346694123329596,-2.0913605913461977,3.567452208514911,-0.83148437929783,-1.3335130561407402,-1.5223491639851672,-1.3225103767929247,-1.2158505841827034,-2.0993382237308644,-0.1744423782199061,-0.8479379859169895,-0.5407959498009259,-1.5358284810537486,-0.8932423004808223,-1.4480044102094225,-0.6930246742878864,0.7295589439744146,-0.8762567137464611,1.916836577702909
1.634837858667418,1.7729882357505662,1.8674153333131327,1.429949083765116,1.6780429700525057,2.172059489357648,1.6790122866640376,1.993554659292163,2.0307562624302022,1.926835236337584,1.749884425785262,2.0449552248717784,3.960464505677201,-0.0660993604272626,-0.0850344002534402,-0.5319627099526829,-0.8752893993309534,1.608096101698883,3.0007239522968066,2.016740303458169,0.508079324123444,0.538860820390863,0.0201191075369981,2.118188870963328,-0.2228815478213706,1.413103926953087,-0.0111438755025325,1.601757481569292,2.576056716219592,0.2024393611413101,-1.303588717536631,-0.9926788876279976
-0.146628175030077,-0.2247794030848548,0.159639443851783,0.0217310770682206,-0.4179719574252581,0.396919353180963,-0.4585407715421138,-0.4235569726939967,-0.4195386946653581,-0.4716462965312046,-0.4557055475343667,-0.415617459493911,0.3834618400441292,1.6947201316423053,1.224429902966411,-0.4775055142995487,0.5733935539831251,-0.4558204931889167,0.1255179781964903,-0.5347730235540413,0.1742642976740501,-0.2020494095453242,-0.5158164146917273,-0.7063836401374144,-0.5641261723582708,1.130617537610769,-0.4974024726721137,-0.4802841563456236,-0.489932151940465,1.8420303208297435,0.396288852094476,-0.3601755255995402
-0.7029019306446641,-1.0257794243251468,-0.8677667756119058,-1.0839827074462345,-0.8882969786261081,-1.0914740020068785,-0.6950027662446908,-0.6685160824158642,-0.9359900220491528,-0.8796152257153622,-1.076843502493566,-1.04002541427511,-0.4524985490577865,0.0442990391639978,1.74735073041983,0.9219796693900166,-1.119668381660177,-0.3998458052591225,-0.705423145487409,-0.6443974109225207,1.8494099182530264,-0.059090757393059,0.6884469036202724,-0.7307832436383805,-0.574874240527434,-0.4643174975093811,0.3500277542435302,-1.0529301402162157,-0.1355841172341096,0.3094723832560785,-0.0518429599688844,0.9048311984573746
-0.4341798853153589,-0.4004250316508307,-0.0375503801587199,-0.3977188486978522,-0.6006331912722908,-0.1025511655173693,-0.797484333670673,-0.484000772783895,-0.5539115124408525,-0.6040115577816981,-0.539057378007905,-0.6936583276988406,-0.0510777392111037,0.8674382845449476,0.7448703474644359,-0.18567312628524,1.875004098526412,-0.8919430264447064,-0.082730184407668,-0.0970463781413462,0.4341698387618963,-0.4809988547154174,-0.576064392910523,-0.9059851322747566,-0.4904676350080633,0.0054245586513399,-1.0090010060328958,-0.1650148978817457,-0.7920160130317723,-0.8694819753243683,-0.105026324874296,-0.1915079623919492
0.3486991707981831,0.0604298290035889,-0.183196526397,0.2618393737592187,-0.2851436872885191,0.1131049340312856,-0.0803240088387822,-0.1728893374408338,0.028133890622587,0.0089414856021664,0.6859085015263725,0.2768306814866749,0.3951699368406582,-0.57585755080946,-0.3232355344338599,-0.5026836959138499,1.0218893610684427,1.1399372593216934,1.3311169245020198,-0.3459290330492845,0.6767404938824108,0.4281219188301969,-0.6687923776886063,0.1102849883193637,-0.4127541607790779,0.8230814669840182,0.213965676546782,-0.3369596968403866,-0.2499977967714217,0.239573742207419,-0.018715816854753,-0.6131768704109208
0.983192792075464,1.1020824166112646,0.9226776199623192,1.640225002665529,1.2439880625355269,0.7174605080099606,0.8903608719760274,0.101166222600256,0.9278870679531032,0.7306315049228542,0.9126114247841016,1.0722955929186837,0.694464641299481,0.350609846104008,0.8214838740665491,-0.517517027943281,0.7417106811905301,1.218978238186035,0.4699147802429916,0.7814555286516912,-0.6273444023344623,0.6767095169977737,0.5140218403299434,0.185433001764305,0.2479964395158768,0.9804402356133564,-0.3293763887295823,1.1468193099008537,-0.2747586366040263,-0.1930318102188625,-1.378780271126029,-0.1071741807881566
0.9382696426116536,1.1416519982126092,1.2102332836434913,1.0343545488989578,1.4559150365867248,1.2935778088026484,1.5842015315909932,3.560490452001116,1.23997676910106,1.7102740971459127,1.084159698008358,0.8246743121129014,-0.2381894834827992,0.2174610515513577,0.0672187867119359,-0.5269661429804581,1.7986034158173814,1.17758416406618,0.3961568823980797,0.2146267909512746,-0.97646750166389,-0.1223329843332899,4.267964212934988,0.791377963137693,-0.0916512712443571,-0.1416873362622927,-1.252710618095895,1.7932569016213578,0.490731179559206,-1.9857334464928411,-0.484893412407306,-2.215518720883015
1.634837858667418,1.7729882357505662,1.8674153333131327,1.429949083765116,1.6780429700525057,2.172059489357648,1.6790122866640376,1.993554659292163,2.0307562624302022,1.926835236337584,1.749884425785262,2.0449552248717784,3.960464505677201,-0.0660993604272626,-0.0850344002534402,-0.5319627099526829,-0.8752893993309534,1.608096101698883,3.0007239522968066,2.016740303458169,0.508079324123444,0.538860820390863,0.0201191075369981,2.118188870963328,-0.2228815478213706,1.413103926953087,-0.0111438755025325,1.601757481569292,2.576056716219592,0.2024393611413101,-1.303588717536631,-0.9926788876279976
0.3486991707981831,0.0604298290035889,-0.183196526397,0.2618393737592187,-0.2851436872885191,0.1131049340312856,-0.0803240088387822,-0.1728893374408338,0.028133890622587,0.0089414856021664,0.6859085015263725,0.2768306814866749,0.3951699368406582,-0.57585755080946,-0.3232355344338599,-0.5026836959138499,1.0218893610684427,1.1399372593216934,1.3311169245020198,-0.3459290330492845,0.6767404938824108,0.4281219188301969,-0.6687923776886063,0.1102849883193637,-0.4127541607790779,0.8230814669840182,0.213965676546782,-0.3369596968403866,-0.2499977967714217,0.239573742207419,-0.018715816854753,-0.6131768704109208
-2.049251818906184,-1.4635929427149093,-1.6649276531555992,-1.4865952568628196,-1.0718093845742451,-1.38010826948144,-1.5343806745373951,-0.7897148816589122,-1.2954099955327305,-1.2458967504700864,-1.2982376032005825,-1.1974835960832422,-1.082194364167608,-1.2346694123329596,-2.0913605913461977,3.567452208514911,-0.83148437929783,-1.3335130561407402,-1.5223491639851672,-1.3225103767929247,-1.2158505841827034,-2.0993382237308644,-0.1744423782199061,-0.8479379859169895,-0.5407959498009259,-1.5358284810537486,-0.8932423004808223,-1.4480044102094225,-0.6930246742878864,0.7295589439744146,-0.8762567137464611,1.916836577702909
1.114114137712036,1.26413809678729,1.1093930233168448,1.1551972307690133,1.5278651304857676,0.7984655912314208,0.9889519780990071,0.1751527931446096,1.0950223940505397,0.8695321188411641,0.9680255748336036,0.9959033956679466,0.0928106393058414,0.0450916862427815,0.2921560412127261,-0.5021636455647591,0.328571119854515,0.8765959889034596,0.5038223662591116,0.6150408187183574,-0.9049502736531188,0.1417344095987635,-0.2457642652961151,0.2360924541700465,0.5743406024128863,0.0998047498933392,-0.965468677948361,1.1759715707941651,-0.2002712978201468,-0.3924403201656704,-1.5004103977846484,-0.2758417439957447
0.6855375000446186,0.5272580087947287,0.4098700047171378,0.4149360157491202,-0.1124764204575749,0.287711358359782,0.8469526161559459,-0.0830397255905054,0.3913669592505734,0.3952702634056066,0.716172467117703,0.7633874694033113,0.3615136772853074,-0.4554484223565174,-0.2054542743730885,-0.5258944873819824,-0.4386598384342483,0.602432550074947,0.4915292035677548,1.2996195397750414,-0.5607289098646239,0.5019006534769035,-0.839863014655845,0.2692422846232749,0.0799380666697927,0.9628989866854089,1.5479796141648436,0.3094578220931296,0.0663305189442173,-2.081030763738692,0.0091132705609736,-0.9505119968261
0.4296372362189833,0.3144360034689937,0.0631139124110455,0.2818112417035271,-0.1596084768954652,0.1286493110363401,0.0826298504136378,-0.1084094268582554,0.2153096795984654,0.219414479573481,0.8632872757966125,0.5673065721753616,0.445187491183537,-0.3826161063402839,0.4980603834108756,-0.512976400137095,0.4426523410279722,1.379584434192952,0.4382499770522301,-0.3297721819531818,0.5288517262855869,0.7485461283830271,-0.6186785173422938,0.2876266488606367,-0.3098666532472835,1.7726602492833397,2.471734426718471,0.0824019382153033,0.1922279239834474,-0.6463810425440487,0.1358291421737789,-0.9083451060242022
0.877859539983099,0.9284812210475348,0.8695048454908714,1.1220468862604986,0.9411444138574524,0.6760439097427877,0.6276174938085415,0.0598046366308749,0.8252688589657505,0.5874855905038561,0.8797209012396516,1.007382058710873,0.6686888185281938,1.6059747776803983,1.1706116992346778,-0.5161259044239899,1.358954168963903,0.6034181347459333,0.3532355328426836,0.6426350208803544,-0.4248538041891673,0.7743715572383858,0.0239135326109679,0.0973132383814232,0.2146750918637649,0.7784191204754152,-0.2122101786183744,0.7238115461235602,-0.2399088430746092,-0.3562735761340631,-1.7501404600112933,-0.3601755255995402
1.0190986195252,1.152229774260814,1.2234559989115197,1.0786029702229474,1.5173653734828687,1.2036108872204596,1.589945736011296,0.8812873114244072,1.392264325118416,1.9422960355466707,0.7405739363996474,1.0487285024532569,-0.2289378251411196,-0.6559376924616619,-0.226884683361937,-0.5266215184504065,0.2941594300632261,0.587545374332367,-0.120069575345784,0.9664019692599876,-1.3513780949494387,-0.1002744644203224,-0.3331732445739862,1.5001210715395754,0.1292668204918369,-0.5550288043891176,-0.693519828453495,1.341305667426587,2.386187389251882,0.9424333069675356,1.7336297650420915,-0.5288430888071284
0.4296372362189833,0.3144360034689937,0.0631139124110455,0.2818112417035271,-0.1596084768954652,0.1286493110363401,0.0826298504136378,-0.1084094268582554,0.2153096795984654,0.219414479573481,0.8632872757966125,0.5673065721753616,0.445187491183537,-0.3826161063402839,0.4980603834108756,-0.512976400137095,0.4426523410279722,1.379584434192952,0.4382499770522301,-0.3297721819531818,0.5288517262855869,0.7485461283830271,-0.6186785173422938,0.2876266488606367,-0.3098666532472835,1.7726602492833397,2.471734426718471,0.0824019382153033,0.1922279239834474,-0.6463810425440487,0.1358291421737789,-0.9083451060242022
0.6855375000446186,0.5272580087947287,0.4098700047171378,0.4149360157491202,-0.1124764204575749,0.287711358359782,0.8469526161559459,-0.0830397255905054,0.3913669592505734,0.3952702634056066,0.716172467117703,0.7633874694033113,0.3615136772853074,-0.4554484223565174,-0.2054542743730885,-0.5258944873819824,-0.4386598384342483,0.602432550074947,0.4915292035677548,1.2996195397750414,-0.5607289098646239,0.5019006534769035,-0.839863014655845,0.2692422846232749,0.0799380666697927,0.9628989866854089,1.5479796141648436,0.3094578220931296,0.0663305189442173,-2.081030763738692,0.0091132705609736,-0.9505119968261
0.0467800702696549,-0.2103952591823486,0.2366506304068424,-0.0622324489753856,-0.4237315378794889,-0.1428550609578763,-0.4272871701503537,-0.3560770322580233,-0.2933908689927043,-0.2891049812852636,-0.2884544764532458,-0.270941980396344,-0.2043044681012397,0.5664303232379279,-0.0627660760128107,-0.3795476980988942,-0.401799133015577,-0.2060659448232713,0.0357134367779285,-0.451547347204844,-0.0350014816507189,-0.0388875052039043,-0.7455858218693301,-0.5035186629036696,-0.5559105747636038,0.7624832386602584,-0.2197233887191853,-0.4895699098765943,-0.193004984070965,0.5830634787096943,0.3489756529280555,-0.5288430888071284
0.983192792075464,1.1020824166112646,0.9226776199623192,1.640225002665529,1.2439880625355269,0.7174605080099606,0.8903608719760274,0.101166222600256,0.9278870679531032,0.7306315049228542,0.9126114247841016,1.0722955929186837,0.694464641299481,0.350609846104008,0.8214838740665491,-0.517517027943281,0.7417106811905301,1.218978238186035,0.4699147802429916,0.7814555286516912,-0.6273444023344623,0.6767095169977737,0.5140218403299434,0.185433001764305,0.2479964395158768,0.9804402356133564,-0.3293763887295823,1.1468193099008537,-0.2747586366040263,-0.1930318102188625,-1.378780271126029,-0.1071741807881566
-0.5745285435202541,-0.7765144752564597,-0.5751992379864717,-0.7992163669001149,-0.8177027273657801,-0.7173467534721248,-0.8363325429639088,-0.5742131336839111,-0.7670382376434155,-0.8129573881966833,-0.849634610036974,-0.9636646275362928,-0.6491641260273081,-0.5630090297976348,-0.7783204582238338,-0.5310212490243545,-1.3119788098607317,-1.1852342400183145,-0.7323769559484979,-0.7533711653600882,1.728639284692384,2.0057202606112225,-0.457066428414523,-0.7523673389974166,-0.6158731373205782,-0.7800026368429093,2.0020214428128376,-0.6877906615052742,-0.4861249146876194,1.325394764457715,-0.5000077824441818,0.3144947272308149
-0.4500685351684177,-0.804042862736019,-0.7139282168888367,-0.930306686217439,-0.8417814167228792,-0.9412961675998722,-0.8945958108808976,-0.6072468517896545,-0.8453400129736358,-0.8061255971819612,-0.950228241082124,-1.0075650522649366,-0.3100345425861195,0.4251605404794366,1.7599757938048577,2.445125901191275,-1.2466466771042315,-0.9406411055746452,-0.5327513058913766,-0.3090525977770498,2.595611458894491,0.8526211087347361,0.6411049410763716,-0.7670990930407418,-0.602695077383831,-0.4067551124062425,1.9103887212058603,-0.5941725566649548,-0.4803804651485308,0.5786584910264272,-0.3485836582951384,0.6096629628440963
0.9382696426116536,1.1416519982126092,1.2102332836434913,1.0343545488989578,1.4559150365867248,1.2935778088026484,1.5842015315909932,3.560490452001116,1.23997676910106,1.7102740971459127,1.084159698008358,0.8246743121129014,-0.2381894834827992,0.2174610515513577,0.0672187867119359,-0.5269661429804581,1.7986034158173814,1.17758416406618,0.3961568823980797,0.2146267909512746,-0.97646750166389,-0.1223329843332899,4.267964212934988,0.791377963137693,-0.0916512712443571,-0.1416873362622927,-1.252710618095895,1.7932569016213578,0.490731179559206,-1.9857334464928411,-0.484893412407306,-2.215518720883015
-2.049251818906184,-1.4635929427149093,-1.6649276531555992,-1.4865952568628196,-1.0718093845742451,-1.38010826948144,-1.5343806745373951,-0.7897148816589122,-1.2954099955327305,-1.2458967504700864,-1.2982376032005825,-1.1974835960832422,-1.082194364167608,-1.2346694123329596,-2.0913605913461977,3.567452208514911,-0.83148437929783,-1.3335130561407402,-1.5223491639851672,-1.3225103767929247,-1.2158505841827034,-2.0993382237308644,-0.1744423782199061,-0.8479379859169895,-0.5407959498009259,-1.5358284810537486,-0.8932423004808223,-1.4480044102094225,-0.6930246742878864,0.7295589439744146,-0.8762567137464611,1.916836577702909
-0.4341798853153589,-0.4004250316508307,-0.0375503801587199,-0.3977188486978522,-0.6006331912722908,-0.1025511655173693,-0.797484333670673,-0.484000772783895,-0.5539115124408525,-0.6040115577816981,-0.539057378007905,-0.6936583276988406,-0.0510777392111037,0.8674382845449476,0.7448703474644359,-0.18567312628524,1.875004098526412,-0.8919430264447064,-0.082730184407668,-0.0970463781413462,0.4341698387618963,-0.4809988547154174,-0.576064392910523,-0.9059851322747566,-0.4904676350080633,0.0054245586513399,-1.0090010060328958,-0.1650148978817457,-0.7920160130317723,-0.8694819753243683,-0.105026324874296,-0.1915079623919492
1.634837858667418,1.7729882357505662,1.8674153333131327,1.429949083765116,1.6780429700525057,2.172059489357648,1.6790122866640376,1.993554659292163,2.0307562624302022,1.926835236337584,1.749884425785262,2.0449552248717784,3.960464505677201,-0.0660993604272626,-0.0850344002534402,-0.5319627099526829,-0.8752893993309534,1.608096101698883,3.0007239522968066,2.016740303458169,0.508079324123444,0.538860820390863,0.0201191075369981,2.118188870963328,-0.2228815478213706,1.413103926953087,-0.0111438755025325,1.601757481569292,2.576056716219592,0.2024393611413101,-1.303588717536631,-0.9926788876279976
-0.7029019306446641,-1.0257794243251468,-0.8677667756119058,-1.0839827074462345,-0.8882969786261081,-1.0914740020068785,-0.6950027662446908,-0.6685160824158642,-0.9359900220491528,-0.8796152257153622,-1.076843502493566,-1.04002541427511,-0.4524985490577865,0.0442990391639978,1.74735073041983,0.9219796693900166,-1.119668381660177,-0.3998458052591225,-0.705423145487409,-0.6443974109225207,1.8494099182530264,-0.059090757393059,0.6884469036202724,-0.7307832436383805,-0.574874240527434,-0.4643174975093811,0.3500277542435302,-1.0529301402162157,-0.1355841172341096,0.3094723832560785,-0.0518429599688844,0.9048311984573746
-0.146628175030077,-0.2247794030848548,0.159639443851783,0.0217310770682206,-0.4179719574252581,0.396919353180963,-0.4585407715421138,-0.4235569726939967,-0.4195386946653581,-0.4716462965312046,-0.4557055475343667,-0.415617459493911,0.3834618400441292,1.6947201316423053,1.224429902966411,-0.4775055142995487,0.5733935539831251,-0.4558204931889167,0.1255179781964903,-0.5347730235540413,0.1742642976740501,-0.2020494095453242,-0.5158164146917273,-0.7063836401374144,-0.5641261723582708,1.130617537610769,-0.4974024726721137,-0.4802841563456236,-0.489932151940465,1.8420303208297435,0.396288852094476,-0.3601755255995402
-0.146628175030077,-0.2247794030848548,0.159639443851783,0.0217310770682206,-0.4179719574252581,0.396919353180963,-0.4585407715421138,-0.4235569726939967,-0.4195386946653581,-0.4716462965312046,-0.4557055475343667,-0.415617459493911,0.3834618400441292,1.6947201316423053,1.224429902966411,-0.4775055142995487,0.5733935539831251,-0.4558204931889167,0.1255179781964903,-0.5347730235540413,0.1742642976740501,-0.2020494095453242,-0.5158164146917273,-0.7063836401374144,-0.5641261723582708,1.130617537610769,-0.4974024726721137,-0.4802841563456236,-0.489932151940465,1.8420303208297435,0.396288852094476,-0.3601755255995402
-0.8810783117396541,-1.0407688251149831,-0.9665990626702818,-1.1079743105460718,-0.9591641063766552,-1.178536870583221,-0.928220155359342,-0.6892353754491493,-1.0229030616193366,-0.958920492221353,-1.1456232424554982,-1.0867928378957792,-0.8712915654639134,-0.7991067990014123,-0.0885032282431639,0.716541283450604,-1.1660298459418963,-1.2739088465335198,-0.9740477199934728,-0.7889684315026569,0.6606857708229968,0.0344881661760446,0.0200004473130678,-0.7078372237712154,-0.6229471776811869,-1.422737771295585,-0.4064034053955426,-1.114733102527783,-0.5151758552056213,1.2156077646761765,0.0930767600510916,0.9891649800611702
0.983192792075464,1.1020824166112646,0.9226776199623192,1.640225002665529,1.2439880625355269,0.7174605080099606,0.8903608719760274,0.101166222600256,0.9278870679531032,0.7306315049228542,0.9126114247841016,1.0722955929186837,0.694464641299481,0.350609846104008,0.8214838740665491,-0.517517027943281,0.7417106811905301,1.218978238186035,0.4699147802429916,0.7814555286516912,-0.6273444023344623,0.6767095169977737,0.5140218403299434,0.185433001764305,0.2479964395158768,0.9804402356133564,-0.3293763887295823,1.1468193099008537,-0.2747586366040263,-0.1930318102188625,-1.378780271126029,-0.1071741807881566
0.9382696426116536,1.1416519982126092,1.2102332836434913,1.0343545488989578,1.4559150365867248,1.2935778088026484,1.5842015315909932,3.560490452001116,1.23997676910106,1.7102740971459127,1.084159698008358,0.8246743121129014,-0.2381894834827992,0.2174610515513577,0.0672187867119359,-0.5269661429804581,1.7986034158173814,1.17758416406618,0.3961568823980797,0.2146267909512746,-0.97646750166389,-0.1223329843332899,4.267964212934988,0.791377963137693,-0.0916512712443571,-0.1416873362622927,-1.252710618095895,1.7932569016213578,0.490731179559206,-1.9857334464928411,-0.484893412407306,-2.215518720883015
-0.7029019306446641,-1.0257794243251468,-0.8677667756119058,-1.0839827074462345,-0.8882969786261081,-1.0914740020068785,-0.6950027662446908,-0.6685160824158642,-0.9359900220491528,-0.8796152257153622,-1.076843502493566,-1.04002541427511,-0.4524985490577865,0.0442990391639978,1.74735073041983,0.9219796693900166,-1.119668381660177,-0.3998458052591225,-0.705423145487409,-0.6443974109225207,1.8494099182530264,-0.059090757393059,0.6884469036202724,-0.7307832436383805,-0.574874240527434,-0.4643174975093811,0.3500277542435302,-1.0529301402162157,-0.1355841172341096,0.3094723832560785,-0.0518429599688844,0.9048311984573746
1.1539658311899037,1.4989383501797924,1.4303846071085575,1.260568463461363,1.6356166100434777,1.6797957828956886,1.6690842795081433,1.2624714635685748,1.7332414432264251,1.3725631888434169,1.6483515482868052,1.4549346928184888,-0.2131171915433764,-0.4599363731525088,0.339811365640069,-0.5254899116374125,-0.2149093127984561,0.5410515716045815,1.241568716212545,2.107191967468017,-0.8344005845872645,0.054826613740022,-0.4290034863380065,3.1018590378014115,-0.0806158680214567,-0.1825578565974858,-0.2989647123816893,1.4095265811869206,2.457521066973057,0.2026273363964781,0.3329919193191797,-0.9083451060242022
1.1539658311899037,1.4989383501797924,1.4303846071085575,1.260568463461363,1.6356166100434777,1.6797957828956886,1.6690842795081433,1.2624714635685748,1.7332414432264251,1.3725631888434169,1.6483515482868052,1.4549346928184888,-0.2131171915433764,-0.4599363731525088,0.339811365640069,-0.5254899116374125,-0.2149093127984561,0.5410515716045815,1.241568716212545,2.107191967468017,-0.8344005845872645,0.054826613740022,-0.4290034863380065,3.1018590378014115,-0.0806158680214567,-0.1825578565974858,-0.2989647123816893,1.4095265811869206,2.457521066973057,0.2026273363964781,0.3329919193191797,-0.9083451060242022
1.634837858667418,1.7729882357505662,1.8674153333131327,1.429949083765116,1.6780429700525057,2.172059489357648,1.6790122866640376,1.993554659292163,2.0307562624302022,1.926835236337584,1.749884425785262,2.0449552248717784,3.960464505677201,-0.0660993604272626,-0.0850344002534402,-0.5319627099526829,-0.8752893993309534,1.608096101698883,3.0007239522968066,2.016740303458169,0.508079324123444,0.538860820390863,0.0201191075369981,2.118188870963328,-0.2228815478213706,1.413103926953087,-0.0111438755025325,1.601757481569292,2.576056716219592,0.2024393611413101,-1.303588717536631,-0.9926788876279976
1.114114137712036,1.26413809678729,1.1093930233168448,1.1551972307690133,1.5278651304857676,0.7984655912314208,0.9889519780990071,0.1751527931446096,1.0950223940505397,0.8695321188411641,0.9680255748336036,0.9959033956679466,0.0928106393058414,0.0450916862427815,0.2921560412127261,-0.5021636455647591,0.328571119854515,0.8765959889034596,0.5038223662591116,0.6150408187183574,-0.9049502736531188,0.1417344095987635,-0.2457642652961151,0.2360924541700465,0.5743406024128863,0.0998047498933392,-0.965468677948361,1.1759715707941651,-0.2002712978201468,-0.3924403201656704,-1.5004103977846484,-0.2758417439957447
-0.04061625897884369,0.024708552286028862,-0.005538657307624817,0.018395081162452698,0.0678446888923645,0.09132955968379974,0.08162476122379303,-0.14827434718608856,-0.04398142918944359,0.09674753993749619,-0.028010789304971695,-0.044699348509311676,0.06577490270137787,-0.0010887347161769867,0.03535781800746918,-0.06654045730829239,-0.04272068664431572,-0.030471839010715485,0.018368951976299286,-0.05084934085607529,0.085738405585289,0.03376222029328346,-0.05803880840539932,-0.009191649034619331,-0.11521049588918686,0.08763954043388367,-0.06731235980987549,-0.04344099387526512,0.04335791617631912,-0.3562735761340631,-1.7501404600112933,-0.3601755255995402
-0.4500685351684177,-0.804042862736019,-0.7139282168888367,-0.930306686217439,-0.8417814167228792,-0.9412961675998722,-0.8945958108808976,-0.6072468517896545,-0.8453400129736358,-0.8061255971819612,-0.950228241082124,-1.0075650522649366,-0.3100345425861195,0.4251605404794366,1.7599757938048577,2.445125901191275,-1.2466466771042315,-0.9406411055746452,-0.5327513058913766,-0.3090525977770498,2.595611458894491,0.8526211087347361,0.6411049410763716,-0.7670990930407418,-0.602695077383831,-0.4067551124062425,1.9103887212058603,-0.5941725566649548,-0.4803804651485308,0.5786584910264272,-0.3485836582951384,0.6096629628440963
0.9382696426116536,1.1416519982126092,1.2102332836434913,1.0343545488989578,1.4559150365867248,1.2935778088026484,1.5842015315909932,3.560490452001116,1.23997676910106,1.7102740971459127,1.084159698008358,0.8246743121129014,-0.2381894834827992,0.2174610515513577,0.0672187867119359,-0.5269661429804581,1.7986034158173814,1.17758416406618,0.3961568823980797,0.2146267909512746,-0.97646750166389,-0.1223329843332899,4.267964212934988,0.791377963137693,-0.0916512712443571,-0.1416873362622927,-1.252710618095895,1.7932569016213578,0.490731179559206,-1.9857334464928411,-0.484893412407306,-2.215518720883015
0.9382696426116536,1.1416519982126092,1.2102332836434913,1.0343545488989578,1.4559150365867248,1.2935778088026484,1.5842015315909932,3.560490452001116,1.23997676910106,1.7102740971459127,1.084159698008358,0.8246743121129014,-0.2381894834827992,0.2174610515513577,0.0672187867119359,-0.5269661429804581,1.7986034158173814,1.17758416406618,0.3961568823980797,0.2146267909512746,-0.97646750166389,-0.1223329843332899,4.267964212934988,0.791377963137693,-0.0916512712443571,-0.1416873362622927,-1.252710618095895,1.7932569016213578,0.490731179559206,-1.9857334464928411,-0.484893412407306,-2.215518720883015
0.4296372362189833,0.3144360034689937,0.0631139124110455,0.2818112417035271,-0.1596084768954652,0.1286493110363401,0.0826298504136378,-0.1084094268582554,0.2153096795984654,0.219414479573481,0.8632872757966125,0.5673065721753616,0.445187491183537,-0.3826161063402839,0.4980603834108756,-0.512976400137095,0.4426523410279722,1.379584434192952,0.4382499770522301,-0.3297721819531818,0.5288517262855869,0.7485461283830271,-0.6186785173422938,0.2876266488606367,-0.3098666532472835,1.7726602492833397,2.471734426718471,0.0824019382153033,0.1922279239834474,-0.6463810425440487,0.1358291421737789,-0.9083451060242022
0.983192792075464,1.1020824166112646,0.9226776199623192,1.640225002665529,1.2439880625355269,0.7174605080099606,0.8903608719760274,0.101166222600256,0.9278870679531032,0.7306315049228542,0.9126114247841016,1.0722955929186837,0.694464641299481,0.350609846104008,0.8214838740665491,-0.517517027943281,0.7417106811905301,1.218978238186035,0.4699147802429916,0.7814555286516912,-0.6273444023344623,0.6767095169977737,0.5140218403299434,0.185433001764305,0.2479964395158768,0.9804402356133564,-0.3293763887295823,1.1468193099008537,-0.2747586366040263,-0.1930318102188625,-1.378780271126029,-0.1071741807881566
-2.049251818906184,-1.4635929427149093,-1.6649276531555992,-1.4865952568628196,-1.0718093845742451,-1.38010826948144,-1.5343806745373951,-0.7897148816589122,-1.2954099955327305,-1.2458967504700864,-1.2982376032005825,-1.1974835960832422,-1.082194364167608,-1.2346694123329596,-2.0913605913461977,3.567452208514911,-0.83148437929783,-1.3335130561407402,-1.5223491639851672,-1.3225103767929247,-1.2158505841827034,-2.0993382237308644,-0.1744423782199061,-0.8479379859169895,-0.5407959498009259,-1.5358284810537486,-0.8932423004808223,-1.4480044102094225,-0.6930246742878864,0.7295589439744146,-0.8762567137464611,1.916836577702909
0.1563744058565792,-0.0473135785659083,-0.437947221286496,0.0779235928882436,-0.3552896802750338,-0.0569389117557756,-0.1057964546760315,-0.2471085129295573,-0.1417601228386564,-0.1154023208721778,-0.0975742826787961,-0.0181070625941167,0.3543296910720463,-0.7932946046057785,-0.2453857091845438,-0.1902125193285793,1.4619925803114764,0.2582537084610392,0.3817667709642701,-0.3333836018088461,-0.2642288075705569,0.4078178993579289,-0.6476190236006003,-0.3836180708126383,-0.4759550769782965,1.162357007277984,0.1014171605667137,0.2698416903947453,-0.6985523288324258,-0.1443179207895172,0.1793802176413217,-0.3180086347976425
1.658941200443694,1.7468523009420822,1.7391781162221043,1.469191285595523,1.6916614578162177,2.136365748155824,1.6131707761111256,2.03534505410788,2.0482237935582237,2.045965350471788,1.7708938557215088,2.0643403819348793,3.9521181091717725,-0.025260567067223044,-0.053780140191032506,-0.46937645952442314,-0.9013555452628177,1.586325728051685,2.9767687937512077,2.0562803895171182,0.5829980461382807,0.5159187957333979,-0.0011195788526564658,2.133892732156818,-0.23516962282201567,1.4607066096100814,-0.12373274003348485,1.5604222292234473,2.5369358995215197,0.11325880465560091,-1.2994076636661032,-1.020488485570454
-0.4000330644627989,-0.4553463861041692,-0.2660484271923389,-0.7142437029942486,-0.8237336060202358,-0.43555585900276367,-0.428749398287145,-0.557958011086145,-0.720733952199363,-0.7227944182412768,-0.8533182655270196,-0.9512448327394958,-0.29900545505148285,0.29966732695660714,-0.3673274082540478,-0.0503281954438788,0.5682056651119767,-1.1356031532920785,-0.45160878076824146,-0.7675432056260874,0.5265664639559877,0.8922590309225407,-0.651124335204471,-0.853428851305571,-0.5796603058532147,-1.089780024529054,-0.7616537833157243,-0.49292305709222595,-0.7699594213811973,0.9749440457742066,0.613138023329057,-0.17904418225485505
-1.1835438141686836,-1.2672972490523928,-1.3382837405390793,-1.361657779495609,-1.0359365766518909,-1.3047603731743185,-1.0871217041057006,-0.7473253484052141,-1.098613012794483,-1.089975436264934,-1.1870895497629086,-1.0955161834252498,-1.099117760241202,-1.2715443130429729,-1.7867587834903431,-0.2201036644720352,-1.2367332728351137,-1.5428321347942515,-1.2211393461783508,-1.0250886522104603,-0.8020115316663434,-1.8961225690018508,0.0042499772884305,-0.4891875589007493,1.6294384206659,-1.6110429076946178,-0.9629010220759332,-1.1378527423274232,-0.4628332566757289,-0.4207629164363726,2.95634767709298,1.4530007788820396
-2.049251818906184,-1.4635929427149093,-1.6649276531555992,-1.4865952568628196,-1.0718093845742451,-1.38010826948144,-1.5343806745373951,-0.7897148816589122,-1.2954099955327305,-1.2458967504700864,-1.2982376032005825,-1.1974835960832422,-1.082194364167608,-1.2346694123329596,-2.0913605913461977,3.567452208514911,-0.83148437929783,-1.3335130561407402,-1.5223491639851672,-1.3225103767929247,-1.2158505841827034,-2.0993382237308644,-0.1744423782199061,-0.8479379859169895,-0.5407959498009259,-1.5358284810537486,-0.8932423004808223,-1.4480044102094225,-0.6930246742878864,0.7295589439744146,-0.8762567137464611,1.916836577702909
0.6855375000446186,0.5272580087947287,0.4098700047171378,0.4149360157491202,-0.1124764204575749,0.287711358359782,0.8469526161559459,-0.0830397255905054,0.3913669592505734,0.3952702634056066,0.716172467117703,0.7633874694033113,0.3615136772853074,-0.4554484223565174,-0.2054542743730885,-0.5258944873819824,-0.4386598384342483,0.602432550074947,0.4915292035677548,1.2996195397750414,-0.5607289098646239,0.5019006534769035,-0.839863014655845,0.2692422846232749,0.0799380666697927,0.9628989866854089,1.5479796141648436,0.3094578220931296,0.0663305189442173,-2.081030763738692,0.0091132705609736,-0.9505119968261
-0.4500685351684177,-0.804042862736019,-0.7139282168888367,-0.930306686217439,-0.8417814167228792,-0.9412961675998722,-0.8945958108808976,-0.6072468517896545,-0.8453400129736358,-0.8061255971819612,-0.950228241082124,-1.0075650522649366,-0.3100345425861195,0.4251605404794366,1.7599757938048577,2.445125901191275,-1.2466466771042315,-0.9406411055746452,-0.5327513058913766,-0.3090525977770498,2.595611458894491,0.8526211087347361,0.6411049410763716,-0.7670990930407418,-0.602695077383831,-0.4067551124062425,1.9103887212058603,-0.5941725566649548,-0.4803804651485308,0.5786584910264272,-0.3485836582951384,0.6096629628440963
0.877859539983099,0.9284812210475348,0.8695048454908714,1.1220468862604986,0.9411444138574524,0.6760439097427877,0.6276174938085415,0.0598046366308749,0.8252688589657505,0.5874855905038561,0.8797209012396516,1.007382058710873,0.6686888185281938,1.6059747776803983,1.1706116992346778,-0.5161259044239899,1.358954168963903,0.6034181347459333,0.3532355328426836,0.6426350208803544,-0.4248538041891673,0.7743715572383858,0.0239135326109679,0.0973132383814232,0.2146750918637649,0.7784191204754152,-0.2122101786183744,0.7238115461235602,-0.2399088430746092,-0.3562735761340631,-1.7501404600112933,-0.3601755255995402
-1.1829191082322992,-1.2432599161070974,-1.3159571817375821,-1.3283885240469697,-1.040860850877362,-1.3259252887765263,-1.0911076146510206,-0.8316920701031156,-1.1709686364156375,-1.1561104168826541,-1.2369518911429827,-1.075527472089078,-1.144391713009205,-1.2904524407449425,-1.72179736860104,-0.23791686302510648,-1.1998574944117593,-1.5895130187947453,-1.2314112240717323,-1.0725897549559893,-0.8189631854613716,-1.854107162128981,-0.08211604387118694,-0.4674663767234564,1.6413252007825139,-1.6407504054794575,-1.035203914795356,-1.1342462669417297,-0.489307892128919,-0.4695608572421178,2.9108189328969076,1.4809282268457509
0.8454443473218137,0.7381022156175336,0.5796812001431201,0.7313108388436499,0.7054309108730238,0.4866340486619413,0.5160805139967659,-0.0029068255092302,0.5962815848891619,0.5276195773344942,0.884432825403475,0.9033165414191816,0.5123490471310708,2.992705418500113,0.5297947709208016,-0.5080008764831284,0.1531029236826901,1.010383328234441,0.3544231545878422,1.5509766059338237,0.1874693934631434,0.6568616979769254,0.2801136527889268,0.3604771049024036,0.1567971170558511,0.5630680291182092,0.6241748931716812,0.634580306640837,0.2959382459719454,-1.985435199804674,0.2518669137017295,-0.3180086347976425
-0.8810783117396541,-1.0407688251149831,-0.9665990626702818,-1.1079743105460718,-0.9591641063766552,-1.178536870583221,-0.928220155359342,-0.6892353754491493,-1.0229030616193366,-0.958920492221353,-1.1456232424554982,-1.0867928378957792,-0.8712915654639134,-0.7991067990014123,-0.0885032282431639,0.716541283450604,-1.1660298459418963,-1.2739088465335198,-0.9740477199934728,-0.7889684315026569,0.6606857708229968,0.0344881661760446,0.0200004473130678,-0.7078372237712154,-0.6229471776811869,-1.422737771295585,-0.4064034053955426,-1.114733102527783,-0.5151758552056213,1.2156077646761765,0.0930767600510916,0.9891649800611702
-0.8810783117396541,-1.0407688251149831,-0.9665990626702818,-1.1079743105460718,-0.9591641063766552,-1.178536870583221,-0.928220155359342,-0.6892353754491493,-1.0229030616193366,-0.958920492221353,-1.1456232424554982,-1.0867928378957792,-0.8712915654639134,-0.7991067990014123,-0.0885032282431639,0.716541283450604,-1.1660298459418963,-1.2739088465335198,-0.9740477199934728,-0.7889684315026569,0.6606857708229968,0.0344881661760446,0.0200004473130678,-0.7078372237712154,-0.6229471776811869,-1.422737771295585,-0.4064034053955426,-1.114733102527783,-0.5151758552056213,1.2156077646761765,0.0930767600510916,0.9891649800611702
-0.4341798853153589,-0.4004250316508307,-0.0375503801587199,-0.3977188486978522,-0.6006331912722908,-0.1025511655173693,-0.797484333670673,-0.484000772783895,-0.5539115124408525,-0.6040115577816981,-0.539057378007905,-0.6936583276988406,-0.0510777392111037,0.8674382845449476,0.7448703474644359,-0.18567312628524,1.875004098526412,-0.8919430264447064,-0.082730184407668,-0.0970463781413462,0.4341698387618963,-0.4809988547154174,-0.576064392910523,-0.9059851322747566,-0.4904676350080633,0.0054245586513399,-1.0090010060328958,-0.1650148978817457,-0.7920160130317723,-0.8694819753243683,-0.105026324874296,-0.1915079623919492
-1.8177405464271457,-1.4388532237668776,-1.5779689073350345,-1.3772264440160389,-1.0236197216622258,-1.23545571060844,-1.3434664861303764,-0.7805788028106154,-1.2419807890274004,-1.1699044204033835,-1.2573590539125477,-1.168628529208759,-0.984068320917424,-0.6958373282231305,-1.4899613287632438,0.379109735733439,-0.5452502511264901,-0.5013146448547088,-1.3827034257535251,-1.2390819756604323,-0.9246118952292148,-1.8309815957481423,0.6343636453169,-0.7685873777248924,-0.4109397583861431,-1.3259284895922574,-0.2746446770053615,-1.3177671128297554,-0.9198094339051314,-0.3325285307608697,0.3067432080459878,1.7903359052972156
-1.1835438141686836,-1.2672972490523928,-1.3382837405390793,-1.361657779495609,-1.0359365766518909,-1.3047603731743185,-1.0871217041057006,-0.7473253484052141,-1.098613012794483,-1.089975436264934,-1.1870895497629086,-1.0955161834252498,-1.099117760241202,-1.2715443130429729,-1.7867587834903431,-0.2201036644720352,-1.2367332728351137,-1.5428321347942515,-1.2211393461783508,-1.0250886522104603,-0.8020115316663434,-1.8961225690018508,0.0042499772884305,-0.4891875589007493,1.6294384206659,-1.6110429076946178,-0.9629010220759332,-1.1378527423274232,-0.4628332566757289,-0.4207629164363726,2.95634767709298,1.4530007788820396
1.1539658311899037,1.4989383501797924,1.4303846071085575,1.260568463461363,1.6356166100434777,1.6797957828956886,1.6690842795081433,1.2624714635685748,1.7332414432264251,1.3725631888434169,1.6483515482868052,1.4549346928184888,-0.2131171915433764,-0.4599363731525088,0.339811365640069,-0.5254899116374125,-0.2149093127984561,0.5410515716045815,1.241568716212545,2.107191967468017,-0.8344005845872645,0.054826613740022,-0.4290034863380065,3.1018590378014115,-0.0806158680214567,-0.1825578565974858,-0.2989647123816893,1.4095265811869206,2.457521066973057,0.2026273363964781,0.3329919193191797,-0.9083451060242022
-0.7029019306446641,-1.0257794243251468,-0.8677667756119058,-1.0839827074462345,-0.8882969786261081,-1.0914740020068785,-0.6950027662446908,-0.6685160824158642,-0.9359900220491528,-0.8796152257153622,-1.076843502493566,-1.04002541427511,-0.4524985490577865,0.0442990391639978,1.74735073041983,0.9219796693900166,-1.119668381660177,-0.3998458052591225,-0.705423145487409,-0.6443974109225207,1.8494099182530264,-0.059090757393059,0.6884469036202724,-0.7307832436383805,-0.574874240527434,-0.4643174975093811,0.3500277542435302,-1.0529301402162157,-0.1355841172341096,0.3094723832560785,-0.0518429599688844,0.9048311984573746
0.3486991707981831,0.0604298290035889,-0.183196526397,0.2618393737592187,-0.2851436872885191,0.1131049340312856,-0.0803240088387822,-0.1728893374408338,0.028133890622587,0.0089414856021664,0.6859085015263725,0.2768306814866749,0.3951699368406582,-0.57585755080946,-0.3232355344338599,-0.5026836959138499,1.0218893610684427,1.1399372593216934,1.3311169245020198,-0.3459290330492845,0.6767404938824108,0.4281219188301969,-0.6687923776886063,0.1102849883193637,-0.4127541607790779,0.8230814669840182,0.213965676546782,-0.3369596968403866,-0.2499977967714217,0.239573742207419,-0.018715816854753,-0.6131768704109208
-1.1835438141686836,-1.2672972490523928,-1.3382837405390793,-1.361657779495609,-1.0359365766518909,-1.3047603731743185,-1.0871217041057006,-0.7473253484052141,-1.098613012794483,-1.089975436264934,-1.1870895497629086,-1.0955161834252498,-1.099117760241202,-1.2715443130429729,-1.7867587834903431,-0.2201036644720352,-1.2367332728351137,-1.5428321347942515,-1.2211393461783508,-1.0250886522104603,-0.8020115316663434,-1.8961225690018508,0.0042499772884305,-0.4891875589007493,1.6294384206659,-1.6110429076946178,-0.9629010220759332,-1.1378527423274232,-0.4628332566757289,-0.4207629164363726,2.95634767709298,1.4530007788820396
-1.8177405464271457,-1.4388532237668776,-1.5779689073350345,-1.3772264440160389,-1.0236197216622258,-1.23545571060844,-1.3434664861303764,-0.7805788028106154,-1.2419807890274004,-1.1699044204033835,-1.2573590539125477,-1.168628529208759,-0.984068320917424,-0.6958373282231305,-1.4899613287632438,0.379109735733439,-0.5452502511264901,-0.5013146448547088,-1.3827034257535251,-1.2390819756604323,-0.9246118952292148,-1.8309815957481423,0.6343636453169,-0.7685873777248924,-0.4109397583861431,-1.3259284895922574,-0.2746446770053615,-1.3177671128297554,-0.9198094339051314,-0.3325285307608697,0.3067432080459878,1.7903359052972156
0.1563744058565792,-0.0473135785659083,-0.437947221286496,0.0779235928882436,-0.3552896802750338,-0.0569389117557756,-0.1057964546760315,-0.2471085129295573,-0.1417601228386564,-0.1154023208721778,-0.0975742826787961,-0.0181070625941167,0.3543296910720463,-0.7932946046057785,-0.2453857091845438,-0.1902125193285793,1.4619925803114764,0.2582537084610392,0.3817667709642701,-0.3333836018088461,-0.2642288075705569,0.4078178993579289,-0.6476190236006003,-0.3836180708126383,-0.4759550769782965,1.162357007277984,0.1014171605667137,0.2698416903947453,-0.6985523288324258,-0.1443179207895172,0.1793802176413217,-0.3180086347976425
-0.5745285435202541,-0.7765144752564597,-0.5751992379864717,-0.7992163669001149,-0.8177027273657801,-0.7173467534721248,-0.8363325429639088,-0.5742131336839111,-0.7670382376434155,-0.8129573881966833,-0.849634610036974,-0.9636646275362928,-0.6491641260273081,-0.5630090297976348,-0.7783204582238338,-0.5310212490243545,-1.3119788098607317,-1.1852342400183145,-0.7323769559484979,-0.7533711653600882,1.728639284692384,2.0057202606112225,-0.457066428414523,-0.7523673389974166,-0.6158731373205782,-0.7800026368429093,2.0020214428128376,-0.6877906615052742,-0.4861249146876194,1.325394764457715,-0.5000077824441818,0.3144947272308149
-1.1835438141686836,-1.2672972490523928,-1.3382837405390793,-1.361657779495609,-1.0359365766518909,-1.3047603731743185,-1.0871217041057006,-0.7473253484052141,-1.098613012794483,-1.089975436264934,-1.1870895497629086,-1.0955161834252498,-1.099117760241202,-1.2715443130429729,-1.7867587834903431,-0.2201036644720352,-1.2367332728351137,-1.5428321347942515,-1.2211393461783508,-1.0250886522104603,-0.8020115316663434,-1.8961225690018508,0.0042499772884305,-0.4891875589007493,1.6294384206659,-1.6110429076946178,-0.9629010220759332,-1.1378527423274232,-0.4628332566757289,-0.4207629164363726,2.95634767709298,1.4530007788820396
0.9382696426116536,1.1416519982126092,1.2102332836434913,1.0343545488989578,1.4559150365867248,1.2935778088026484,1.5842015315909932,3.560490452001116,1.23997676910106,1.7102740971459127,1.084159698008358,0.8246743121129014,-0.2381894834827992,0.2174610515513577,0.0672187867119359,-0.5269661429804581,1.7986034158173814,1.17758416406618,0.3961568823980797,0.2146267909512746,-0.97646750166389,-0.1223329843332899,4.267964212934988,0.791377963137693,-0.0916512712443571,-0.1416873362622927,-1.252710618095895,1.7932569016213578,0.490731179559206,-1.9857334464928411,-0.484893412407306,-2.215518720883015
0.3486991707981831,0.0604298290035889,-0.183196526397,0.2618393737592187,-0.2851436872885191,0.1131049340312856,-0.0803240088387822,-0.1728893374408338,0.028133890622587,0.0089414856021664,0.6859085015263725,0.2768306814866749,0.3951699368406582,-0.57585755080946,-0.3232355344338599,-0.5026836959138499,1.0218893610684427,1.1399372593216934,1.3311169245020198,-0.3459290330492845,0.6767404938824108,0.4281219188301969,-0.6687923776886063,0.1102849883193637,-0.4127541607790779,0.8230814669840182,0.213965676546782,-0.3369596968403866,-0.2499977967714217,0.239573742207419,-0.018715816854753,-0.6131768704109208
-0.01660497486591339,-0.015301212668418884,-0.005847160704433918,-0.04326566308736801,0.004091210663318634,0.045267172157764435,-0.004896480590105057,-0.03403817117214203,0.018073996528983116,0.016223760321736336,0.016324147582054138,0.042963944375514984,0.0480307899415493,-0.03285283222794533,-0.013546086847782135,-0.004041074309498072,-0.02140669897198677,-0.003306089900434017,0.0292765311896801,-0.04229031130671501,0.06720982491970062,-0.02268471196293831,-0.039329320192337036,0.0031897397711873055,-0.0367329902946949,0.03224711865186691,0.0858522281050682,-0.05604163929820061,0.030839277431368828,-0.6463810425440487,0.1358291421737789,-0.9083451060242022
0.3486991707981831,0.0604298290035889,-0.183196526397,0.2618393737592187,-0.2851436872885191,0.1131049340312856,-0.0803240088387822,-0.1728893374408338,0.028133890622587,0.0089414856021664,0.6859085015263725,0.2768306814866749,0.3951699368406582,-0.57585755080946,-0.3232355344338599,-0.5026836959138499,1.0218893610684427,1.1399372593216934,1.3311169245020198,-0.3459290330492845,0.6767404938824108,0.4281219188301969,-0.6687923776886063,0.1102849883193637,-0.4127541607790779,0.8230814669840182,0.213965676546782,-0.3369596968403866,-0.2499977967714217,0.239573742207419,-0.018715816854753,-0.6131768704109208
0.8454443473218137,0.7381022156175336,0.5796812001431201,0.7313108388436499,0.7054309108730238,0.4866340486619413,0.5160805139967659,-0.0029068255092302,0.5962815848891619,0.5276195773344942,0.884432825403475,0.9033165414191816,0.5123490471310708,2.992705418500113,0.5297947709208016,-0.5080008764831284,0.1531029236826901,1.010383328234441,0.3544231545878422,1.5509766059338237,0.1874693934631434,0.6568616979769254,0.2801136527889268,0.3604771049024036,0.1567971170558511,0.5630680291182092,0.6241748931716812,0.634580306640837,0.2959382459719454,-1.985435199804674,0.2518669137017295,-0.3180086347976425
-0.01692827045917511,-0.021365594118833542,0.018348153680562973,0.04424545168876648,-0.11424072086811066,-0.03083440475165844,-0.10052935779094696,-0.08345106989145279,-0.03954138979315758,0.049930114299058914,-0.18780140578746796,-0.1690560132265091,-0.025835704058408737,-0.12455983459949493,-0.07408375293016434,-0.17581778764724731,0.04520154744386673,-0.050519589334726334,0.03825142979621887,0.030649006366729736,-0.07530693709850311,0.09215464442968369,-0.0673433169722557,0.059864357113838196,0.03594636544585228,0.05753319710493088,-0.20387758314609528,0.035111650824546814,-0.01804504543542862,0.3094723832560785,-0.0518429599688844,0.9048311984573746
-1.5780762767118544,-1.2853348071354005,-1.4890579459420763,-1.222049095906974,-0.995833489910634,-1.3752871343980937,-0.9106556014299652,-0.7676224166665411,-1.182741991337579,-1.1292218206044538,-1.2218892456038906,-1.1238214026959314,-1.078976541773571,-1.220572562616005,-1.4996104988353889,-0.2075688340426056,-1.0845366797339235,-1.195716734339504,-1.4169525199806638,-1.235145385985931,-0.8622252170476402,-1.9341062722645677,-0.203568452308037,-0.6024156062359433,4.1413003522225145,-0.9574999925953488,-0.4400345022290133,-1.2394731620678494,-0.875567537430426,0.2568046161466148,1.0172660559363758,1.6638352328915254
0.8454443473218137,0.7381022156175336,0.5796812001431201,0.7313108388436499,0.7054309108730238,0.4866340486619413,0.5160805139967659,-0.0029068255092302,0.5962815848891619,0.5276195773344942,0.884432825403475,0.9033165414191816,0.5123490471310708,2.992705418500113,0.5297947709208016,-0.5080008764831284,0.1531029236826901,1.010383328234441,0.3544231545878422,1.5509766059338237,0.1874693934631434,0.6568616979769254,0.2801136527889268,0.3604771049024036,0.1567971170558511,0.5630680291182092,0.6241748931716812,0.634580306640837,0.2959382459719454,-1.985435199804674,0.2518669137017295,-0.3180086347976425
0.4296372362189833,0.3144360034689937,0.0631139124110455,0.2818112417035271,-0.1596084768954652,0.1286493110363401,0.0826298504136378,-0.1084094268582554,0.2153096795984654,0.219414479573481,0.8632872757966125,0.5673065721753616,0.445187491183537,-0.3826161063402839,0.4980603834108756,-0.512976400137095,0.4426523410279722,1.379584434192952,0.4382499770522301,-0.3297721819531818,0.5288517262855869,0.7485461283830271,-0.6186785173422938,0.2876266488606367,-0.3098666532472835,1.7726602492833397,2.471734426718471,0.0824019382153033,0.1922279239834474,-0.6463810425440487,0.1358291421737789,-0.9083451060242022
-2.049251818906184,-1.4635929427149093,-1.6649276531555992,-1.4865952568628196,-1.0718093845742451,-1.38010826948144,-1.5343806745373951,-0.7897148816589122,-1.2954099955327305,-1.2458967504700864,-1.2982376032005825,-1.1974835960832422,-1.082194364167608,-1.2346694123329596,-2.0913605913461977,3.567452208514911,-0.83148437929783,-1.3335130561407402,-1.5223491639851672,-1.3225103767929247,-1.2158505841827034,-2.0993382237308644,-0.1744423782199061,-0.8479379859169895,-0.5407959498009259,-1.5358284810537486,-0.8932423004808223,-1.4480044102094225,-0.6930246742878864,0.7295589439744146,-0.8762567137464611,1.916836577702909
0.7895751416723333,0.715168451370567,0.565021620810682,0.8281723969651258,0.7607305793683887,0.43852949284486,0.5334659366193137,-0.023260737326746456,0.5820633929871571,0.5368858598052633,0.9153913812522447,0.8863536172249808,0.5655416237677887,2.935608507192993,0.530111724038915,-0.3781171901533368,0.16425691081395385,1.0820440535647495,0.35899916349650257,1.5800154607003136,0.18463023374350881,0.6483413189187152,0.24113953295265583,0.38199217285028125,0.11422025759656268,0.5963472909338806,0.6784392433939767,0.6529068770026984,0.2816258092941608,-1.9804834587543139,0.2984088250192559,-0.22812890867592678
-0.4158133146423159,-0.5156390671485809,-0.2295942353051585,-0.6815363809908588,-0.7163691545333031,-0.4274225629755183,-0.3756286776941668,-0.5314860397178413,-0.6768909132909836,-0.7180812905286489,-0.765431845959188,-0.8778925704699463,-0.4054678106528978,0.3640384560203087,-0.3124881293313158,-0.1421738718599445,0.4229523066499563,-1.0770248218508114,-0.4331963329288399,-0.7846209831731128,0.4401315817357081,0.9416018848439526,-0.6388604429073655,-0.8922957301086583,-0.6013986095765457,-1.0709722209675492,-0.7549626350899222,-0.4241782666737269,-0.758050734182464,0.9797529926203732,0.5567370804615919,-0.0650072899862589
0.9382696426116536,1.1416519982126092,1.2102332836434913,1.0343545488989578,1.4559150365867248,1.2935778088026484,1.5842015315909932,3.560490452001116,1.23997676910106,1.7102740971459127,1.084159698008358,0.8246743121129014,-0.2381894834827992,0.2174610515513577,0.0672187867119359,-0.5269661429804581,1.7986034158173814,1.17758416406618,0.3961568823980797,0.2146267909512746,-0.97646750166389,-0.1223329843332899,4.267964212934988,0.791377963137693,-0.0916512712443571,-0.1416873362622927,-1.252710618095895,1.7932569016213578,0.490731179559206,-1.9857334464928411,-0.484893412407306,-2.215518720883015
-0.4500685351684177,-0.804042862736019,-0.7139282168888367,-0.930306686217439,-0.8417814167228792,-0.9412961675998722,-0.8945958108808976,-0.6072468517896545,-0.8453400129736358,-0.8061255971819612,-0.950228241082124,-1.0075650522649366,-0.3100345425861195,0.4251605404794366,1.7599757938048577,2.445125901191275,-1.2466466771042315,-0.9406411055746452,-0.5327513058913766,-0.3090525977770498,2.595611458894491,0.8526211087347361,0.6411049410763716,-0.7670990930407418,-0.602695077383831,-0.4067551124062425,1.9103887212058603,-0.5941725566649548,-0.4803804651485308,0.5786584910264272,-0.3485836582951384,0.6096629628440963
0.1563744058565792,-0.0473135785659083,-0.437947221286496,0.0779235928882436,-0.3552896802750338,-0.0569389117557756,-0.1057964546760315,-0.2471085129295573,-0.1417601228386564,-0.1154023208721778,-0.0975742826787961,-0.0181070625941167,0.3543296910720463,-0.7932946046057785,-0.2453857091845438,-0.1902125193285793,1.4619925803114764,0.2582537084610392,0.3817667709642701,-0.3333836018088461,-0.2642288075705569,0.4078178993579289,-0.6476190236006003,-0.3836180708126383,-0.4759550769782965,1.162357007277984,0.1014171605667137,0.2698416903947453,-0.6985523288324258,-0.1443179207895172,0.1793802176413217,-0.3180086347976425
1.114114137712036,1.26413809678729,1.1093930233168448,1.1551972307690133,1.5278651304857676,0.7984655912314208,0.9889519780990071,0.1751527931446096,1.0950223940505397,0.8695321188411641,0.9680255748336036,0.9959033956679466,0.0928106393058414,0.0450916862427815,0.2921560412127261,-0.5021636455647591,0.328571119854515,0.8765959889034596,0.5038223662591116,0.6150408187183574,-0.9049502736531188,0.1417344095987635,-0.2457642652961151,0.2360924541700465,0.5743406024128863,0.0998047498933392,-0.965468677948361,1.1759715707941651,-0.2002712978201468,-0.3924403201656704,-1.5004103977846484,-0.2758417439957447
-0.4158133146423159,-0.5156390671485809,-0.2295942353051585,-0.6815363809908588,-0.7163691545333031,-0.4274225629755183,-0.3756286776941668,-0.5314860397178413,-0.6768909132909836,-0.7180812905286489,-0.765431845959188,-0.8778925704699463,-0.4054678106528978,0.3640384560203087,-0.3124881293313158,-0.1421738718599445,0.4229523066499563,-1.0770248218508114,-0.4331963329288399,-0.7846209831731128,0.4401315817357081,0.9416018848439526,-0.6388604429073655,-0.8922957301086583,-0.6013986095765457,-1.0709722209675492,-0.7549626350899222,-0.4241782666737269,-0.758050734182464,0.9797529926203732,0.5567370804615919,-0.0650072899862589
-1.8177405464271457,-1.4388532237668776,-1.5779689073350345,-1.3772264440160389,-1.0236197216622258,-1.23545571060844,-1.3434664861303764,-0.7805788028106154,-1.2419807890274004,-1.1699044204033835,-1.2573590539125477,-1.168628529208759,-0.984068320917424,-0.6958373282231305,-1.4899613287632438,0.379109735733439,-0.5452502511264901,-0.5013146448547088,-1.3827034257535251,-1.2390819756604323,-0.9246118952292148,-1.8309815957481423,0.6343636453169,-0.7685873777248924,-0.4109397583861431,-1.3259284895922574,-0.2746446770053615,-1.3177671128297554,-0.9198094339051314,-0.3325285307608697,0.3067432080459878,1.7903359052972156
-0.5745285435202541,-0.7765144752564597,-0.5751992379864717,-0.7992163669001149,-0.8177027273657801,-0.7173467534721248,-0.8363325429639088,-0.5742131336839111,-0.7670382376434155,-0.8129573881966833,-0.849634610036974,-0.9636646275362928,-0.6491641260273081,-0.5630090297976348,-0.7783204582238338,-0.5310212490243545,-1.3119788098607317,-1.1852342400183145,-0.7323769559484979,-0.7533711653600882,1.728639284692384,2.0057202606112225,-0.457066428414523,-0.7523673389974166,-0.6158731373205782,-0.7800026368429093,2.0020214428128376,-0.6877906615052742,-0.4861249146876194,1.325394764457715,-0.5000077824441818,0.3144947272308149
-1.8177405464271457,-1.4388532237668776,-1.5779689073350345,-1.3772264440160389,-1.0236197216622258,-1.23545571060844,-1.3434664861303764,-0.7805788028106154,-1.2419807890274004,-1.1699044204033835,-1.2573590539125477,-1.168628529208759,-0.984068320917424,-0.6958373282231305,-1.4899613287632438,0.379109735733439,-0.5452502511264901,-0.5013146448547088,-1.3827034257535251,-1.2390819756604323,-0.9246118952292148,-1.8309815957481423,0.6343636453169,-0.7685873777248924,-0.4109397583861431,-1.3259284895922574,-0.2746446770053615,-1.3177671128297554,-0.9198094339051314,-0.3325285307608697,0.3067432080459878,1.7903359052972156
-0.7029019306446641,-1.0257794243251468,-0.8677667756119058,-1.0839827074462345,-0.8882969786261081,-1.0914740020068785,-0.6950027662446908,-0.6685160824158642,-0.9359900220491528,-0.8796152257153622,-1.076843502493566,-1.04002541427511,-0.4524985490577865,0.0442990391639978,1.74735073041983,0.9219796693900166,-1.119668381660177,-0.3998458052591225,-0.705423145487409,-0.6443974109225207,1.8494099182530264,-0.059090757393059,0.6884469036202724,-0.7307832436383805,-0.574874240527434,-0.4643174975093811,0.3500277542435302,-1.0529301402162157,-0.1355841172341096,0.3094723832560785,-0.0518429599688844,0.9048311984573746
-0.5745285435202541,-0.7765144752564597,-0.5751992379864717,-0.7992163669001149,-0.8177027273657801,-0.7173467534721248,-0.8363325429639088,-0.5742131336839111,-0.7670382376434155,-0.8129573881966833,-0.849634610036974,-0.9636646275362928,-0.6491641260273081,-0.5630090297976348,-0.7783204582238338,-0.5310212490243545,-1.3119788098607317,-1.1852342400183145,-0.7323769559484979,-0.7533711653600882,1.728639284692384,2.0057202606112225,-0.457066428414523,-0.7523673389974166,-0.6158731373205782,-0.7800026368429093,2.0020214428128376,-0.6877906615052742,-0.4861249146876194,1.325394764457715,-0.5000077824441818,0.3144947272308149
0.9382696426116536,1.1416519982126092,1.2102332836434913,1.0343545488989578,1.4559150365867248,1.2935778088026484,1.5842015315909932,3.560490452001116,1.23997676910106,1.7102740971459127,1.084159698008358,0.8246743121129014,-0.2381894834827992,0.2174610515513577,0.0672187867119359,-0.5269661429804581,1.7986034158173814,1.17758416406618,0.3961568823980797,0.2146267909512746,-0.97646750166389,-0.1223329843332899,4.267964212934988,0.791377963137693,-0.0916512712443571,-0.1416873362622927,-1.252710618095895,1.7932569016213578,0.490731179559206,-1.9857334464928411,-0.484893412407306,-2.215518720883015
0.983192792075464,1.1020824166112646,0.9226776199623192,1.640225002665529,1.2439880625355269,0.7174605080099606,0.8903608719760274,0.101166222600256,0.9278870679531032,0.7306315049228542,0.9126114247841016,1.0722955929186837,0.694464641299481,0.350609846104008,0.8214838740665491,-0.517517027943281,0.7417106811905301,1.218978238186035,0.4699147802429916,0.7814555286516912,-0.6273444023344623,0.6767095169977737,0.5140218403299434,0.185433001764305,0.2479964395158768,0.9804402356133564,-0.3293763887295823,1.1468193099008537,-0.2747586366040263,-0.1930318102188625,-1.378780271126029,-0.1071741807881566
-0.4158133146423159,-0.5156390671485809,-0.2295942353051585,-0.6815363809908588,-0.7163691545333031,-0.4274225629755183,-0.3756286776941668,-0.5314860397178413,-0.6768909132909836,-0.7180812905286489,-0.765431845959188,-0.8778925704699463,-0.4054678106528978,0.3640384560203087,-0.3124881293313158,-0.1421738718599445,0.4229523066499563,-1.0770248218508114,-0.4331963329288399,-0.7846209831731128,0.4401315817357081,0.9416018848439526,-0.6388604429073655,-0.8922957301086583,-0.6013986095765457,-1.0709722209675492,-0.7549626350899222,-0.4241782666737269,-0.758050734182464,0.9797529926203732,0.5567370804615919,-0.0650072899862589
-0.4158133146423159,-0.5156390671485809,-0.2295942353051585,-0.6815363809908588,-0.7163691545333031,-0.4274225629755183,-0.3756286776941668,-0.5314860397178413,-0.6768909132909836,-0.7180812905286489,-0.765431845959188,-0.8778925704699463,-0.4054678106528978,0.3640384560203087,-0.3124881293313158,-0.1421738718599445,0.4229523066499563,-1.0770248218508114,-0.4331963329288399,-0.7846209831731128,0.4401315817357081,0.9416018848439526,-0.6388604429073655,-0.8922957301086583,-0.6013986095765457,-1.0709722209675492,-0.7549626350899222,-0.4241782666737269,-0.758050734182464,0.9797529926203732,0.5567370804615919,-0.0650072899862589
1.634837858667418,1.7729882357505662,1.8674153333131327,1.429949083765116,1.6780429700525057,2.172059489357648,1.6790122866640376,1.993554659292163,2.0307562624302022,1.926835236337584,1.749884425785262,2.0449552248717784,3.960464505677201,-0.0660993604272626,-0.0850344002534402,-0.5319627099526829,-0.8752893993309534,1.608096101698883,3.0007239522968066,2.016740303458169,0.508079324123444,0.538860820390863,0.0201191075369981,2.118188870963328,-0.2228815478213706,1.413103926953087,-0.0111438755025325,1.601757481569292,2.576056716219592,0.2024393611413101,-1.303588717536631,-0.9926788876279976
0.877859539983099,0.9284812210475348,0.8695048454908714,1.1220468862604986,0.9411444138574524,0.6760439097427877,0.6276174938085415,0.0598046366308749,0.8252688589657505,0.5874855905038561,0.8797209012396516,1.007382058710873,0.6686888185281938,1.6059747776803983,1.1706116992346778,-0.5161259044239899,1.358954168963903,0.6034181347459333,0.3532355328426836,0.6426350208803544,-0.4248538041891673,0.7743715572383858,0.0239135326109679,0.0973132383814232,0.2146750918637649,0.7784191204754152,-0.2122101786183744,0.7238115461235602,-0.2399088430746092,-0.3562735761340631,-1.7501404600112933,-0.3601755255995402
1.0190986195252,1.152229774260814,1.2234559989115197,1.0786029702229474,1.5173653734828687,1.2036108872204596,1.589945736011296,0.8812873114244072,1.392264325118416,1.9422960355466707,0.7405739363996474,1.0487285024532569,-0.2289378251411196,-0.6559376924616619,-0.226884683361937,-0.5266215184504065,0.2941594300632261,0.587545374332367,-0.120069575345784,0.9664019692599876,-1.3513780949494387,-0.1002744644203224,-0.3331732445739862,1.5001210715395754,0.1292668204918369,-0.5550288043891176,-0.693519828453495,1.341305667426587,2.386187389251882,0.9424333069675356,1.7336297650420915,-0.5288430888071284
1.0190986195252,1.152229774260814,1.2234559989115197,1.0786029702229474,1.5173653734828687,1.2036108872204596,1.589945736011296,0.8812873114244072,1.392264325118416,1.9422960355466707,0.7405739363996474,1.0487285024532569,-0.2289378251411196,-0.6559376924616619,-0.226884683361937,-0.5266215184504065,0.2941594300632261,0.587545374332367,-0.120069575345784,0.9664019692599876,-1.3513780949494387,-0.1002744644203224,-0.3331732445739862,1.5001210715395754,0.1292668204918369,-0.5550288043891176,-0.693519828453495,1.341305667426587,2.386187389251882,0.9424333069675356,1.7336297650420915,-0.5288430888071284
1.634837858667418,1.7729882357505662,1.8674153333131327,1.429949083765116,1.6780429700525057,2.172059489357648,1.6790122866640376,1.993554659292163,2.0307562624302022,1.926835236337584,1.749884425785262,2.0449552248717784,3.960464505677201,-0.0660993604272626,-0.0850344002534402,-0.5319627099526829,-0.8752893993309534,1.608096101698883,3.0007239522968066,2.016740303458169,0.508079324123444,0.538860820390863,0.0201191075369981,2.118188870963328,-0.2228815478213706,1.413103926953087,-0.0111438755025325,1.601757481569292,2.576056716219592,0.2024393611413101,-1.303588717536631,-0.9926788876279976
-0.4158133146423159,-0.5156390671485809,-0.2295942353051585,-0.6815363809908588,-0.7163691545333031,-0.4274225629755183,-0.3756286776941668,-0.5314860397178413,-0.6768909132909836,-0.7180812905286489,-0.765431845959188,-0.8778925704699463,-0.4054678106528978,0.3640384560203087,-0.3124881293313158,-0.1421738718599445,0.4229523066499563,-1.0770248218508114,-0.4331963329288399,-0.7846209831731128,0.4401315817357081,0.9416018848439526,-0.6388604429073655,-0.8922957301086583,-0.6013986095765457,-1.0709722209675492,-0.7549626350899222,-0.4241782666737269,-0.758050734182464,0.9797529926203732,0.5567370804615919,-0.0650072899862589
1.634837858667418,1.7729882357505662,1.8674153333131327,1.429949083765116,1.6780429700525057,2.172059489357648,1.6790122866640376,1.993554659292163,2.0307562624302022,1.926835236337584,1.749884425785262,2.0449552248717784,3.960464505677201,-0.0660993604272626,-0.0850344002534402,-0.5319627099526829,-0.8752893993309534,1.608096101698883,3.0007239522968066,2.016740303458169,0.508079324123444,0.538860820390863,0.0201191075369981,2.118188870963328,-0.2228815478213706,1.413103926953087,-0.0111438755025325,1.601757481569292,2.576056716219592,0.2024393611413101,-1.303588717536631,-0.9926788876279976
-0.146628175030077,-0.2247794030848548,0.159639443851783,0.0217310770682206,-0.4179719574252581,0.396919353180963,-0.4585407715421138,-0.4235569726939967,-0.4195386946653581,-0.4716462965312046,-0.4557055475343667,-0.415617459493911,0.3834618400441292,1.6947201316423053,1.224429902966411,-0.4775055142995487,0.5733935539831251,-0.4558204931889167,0.1255179781964903,-0.5347730235540413,0.1742642976740501,-0.2020494095453242,-0.5158164146917273,-0.7063836401374144,-0.5641261723582708,1.130617537610769,-0.4974024726721137,-0.4802841563456236,-0.489932151940465,1.8420303208297435,0.396288852094476,-0.3601755255995402
1.634837858667418,1.7729882357505662,1.8674153333131327,1.429949083765116,1.6780429700525057,2.172059489357648,1.6790122866640376,1.993554659292163,2.0307562624302022,1.926835236337584,1.749884425785262,2.0449552248717784,3.960464505677201,-0.0660993604272626,-0.0850344002534402,-0.5319627099526829,-0.8752893993309534,1.608096101698883,3.0007239522968066,2.016740303458169,0.508079324123444,0.538860820390863,0.0201191075369981,2.118188870963328,-0.2228815478213706,1.413103926953087,-0.0111438755025325,1.601757481569292,2.576056716219592,0.2024393611413101,-1.303588717536631,-0.9926788876279976
1.114114137712036,1.26413809678729,1.1093930233168448,1.1551972307690133,1.5278651304857676,0.7984655912314208,0.9889519780990071,0.1751527931446096,1.0950223940505397,0.8695321188411641,0.9680255748336036,0.9959033956679466,0.0928106393058414,0.0450916862427815,0.2921560412127261,-0.5021636455647591,0.328571119854515,0.8765959889034596,0.5038223662591116,0.6150408187183574,-0.9049502736531188,0.1417344095987635,-0.2457642652961151,0.2360924541700465,0.5743406024128863,0.0998047498933392,-0.965468677948361,1.1759715707941651,-0.2002712978201468,-0.3924403201656704,-1.5004103977846484,-0.2758417439957447
0.1563744058565792,-0.0473135785659083,-0.437947221286496,0.0779235928882436,-0.3552896802750338,-0.0569389117557756,-0.1057964546760315,-0.2471085129295573,-0.1417601228386564,-0.1154023208721778,-0.0975742826787961,-0.0181070625941167,0.3543296910720463,-0.7932946046057785,-0.2453857091845438,-0.1902125193285793,1.4619925803114764,0.2582537084610392,0.3817667709642701,-0.3333836018088461,-0.2642288075705569,0.4078178993579289,-0.6476190236006003,-0.3836180708126383,-0.4759550769782965,1.162357007277984,0.1014171605667137,0.2698416903947453,-0.6985523288324258,-0.1443179207895172,0.1793802176413217,-0.3180086347976425
-0.4500685351684177,-0.804042862736019,-0.7139282168888367,-0.930306686217439,-0.8417814167228792,-0.9412961675998722,-0.8945958108808976,-0.6072468517896545,-0.8453400129736358,-0.8061255971819612,-0.950228241082124,-1.0075650522649366,-0.3100345425861195,0.4251605404794366,1.7599757938048577,2.445125901191275,-1.2466466771042315,-0.9406411055746452,-0.5327513058913766,-0.3090525977770498,2.595611458894491,0.8526211087347361,0.6411049410763716,-0.7670990930407418,-0.602695077383831,-0.4067551124062425,1.9103887212058603,-0.5941725566649548,-0.4803804651485308,0.5786584910264272,-0.3485836582951384,0.6096629628440963
-1.5780762767118544,-1.2853348071354005,-1.4890579459420763,-1.222049095906974,-0.995833489910634,-1.3752871343980937,-0.9106556014299652,-0.7676224166665411,-1.182741991337579,-1.1292218206044538,-1.2218892456038906,-1.1238214026959314,-1.078976541773571,-1.220572562616005,-1.4996104988353889,-0.2075688340426056,-1.0845366797339235,-1.195716734339504,-1.4169525199806638,-1.235145385985931,-0.8622252170476402,-1.9341062722645677,-0.203568452308037,-0.6024156062359433,4.1413003522225145,-0.9574999925953488,-0.4400345022290133,-1.2394731620678494,-0.875567537430426,0.2568046161466148,1.0172660559363758,1.6638352328915254
0.8454443473218137,0.7381022156175336,0.5796812001431201,0.7313108388436499,0.7054309108730238,0.4866340486619413,0.5160805139967659,-0.0029068255092302,0.5962815848891619,0.5276195773344942,0.884432825403475,0.9033165414191816,0.5123490471310708,2.992705418500113,0.5297947709208016,-0.5080008764831284,0.1531029236826901,1.010383328234441,0.3544231545878422,1.5509766059338237,0.1874693934631434,0.6568616979769254,0.2801136527889268,0.3604771049024036,0.1567971170558511,0.5630680291182092,0.6241748931716812,0.634580306640837,0.2959382459719454,-1.985435199804674,0.2518669137017295,-0.3180086347976425
-1.5780762767118544,-1.2853348071354005,-1.4890579459420763,-1.222049095906974,-0.995833489910634,-1.3752871343980937,-0.9106556014299652,-0.7676224166665411,-1.182741991337579,-1.1292218206044538,-1.2218892456038906,-1.1238214026959314,-1.078976541773571,-1.220572562616005,-1.4996104988353889,-0.2075688340426056,-1.0845366797339235,-1.195716734339504,-1.4169525199806638,-1.235145385985931,-0.8622252170476402,-1.9341062722645677,-0.203568452308037,-0.6024156062359433,4.1413003522225145,-0.9574999925953488,-0.4400345022290133,-1.2394731620678494,-0.875567537430426,0.2568046161466148,1.0172660559363758,1.6638352328915254
-0.4500685351684177,-0.804042862736019,-0.7139282168888367,-0.930306686217439,-0.8417814167228792,-0.9412961675998722,-0.8945958108808976,-0.6072468517896545,-0.8453400129736358,-0.8061255971819612,-0.950228241082124,-1.0075650522649366,-0.3100345425861195,0.4251605404794366,1.7599757938048577,2.445125901191275,-1.2466466771042315,-0.9406411055746452,-0.5327513058913766,-0.3090525977770498,2.595611458894491,0.8526211087347361,0.6411049410763716,-0.7670990930407418,-0.602695077383831,-0.4067551124062425,1.9103887212058603,-0.5941725566649548,-0.4803804651485308,0.5786584910264272,-0.3485836582951384,0.6096629628440963
-1.5780762767118544,-1.2853348071354005,-1.4890579459420763,-1.222049095906974,-0.995833489910634,-1.3752871343980937,-0.9106556014299652,-0.7676224166665411,-1.182741991337579,-1.1292218206044538,-1.2218892456038906,-1.1238214026959314,-1.078976541773571,-1.220572562616005,-1.4996104988353889,-0.2075688340426056,-1.0845366797339235,-1.195716734339504,-1.4169525199806638,-1.235145385985931,-0.8622252170476402,-1.9341062722645677,-0.203568452308037,-0.6024156062359433,4.1413003522225145,-0.9574999925953488,-0.4400345022290133,-1.2394731620678494,-0.875567537430426,0.2568046161466148,1.0172660559363758,1.6638352328915254
-1.1835438141686836,-1.2672972490523928,-1.3382837405390793,-1.361657779495609,-1.0359365766518909,-1.3047603731743185,-1.0871217041057006,-0.7473253484052141,-1.098613012794483,-1.089975436264934,-1.1870895497629086,-1.0955161834252498,-1.099117760241202,-1.2715443130429729,-1.7867587834903431,-0.2201036644720352,-1.2367332728351137,-1.5428321347942515,-1.2211393461783508,-1.0250886522104603,-0.8020115316663434,-1.8961225690018508,0.0042499772884305,-0.4891875589007493,1.6294384206659,-1.6110429076946178,-0.9629010220759332,-1.1378527423274232,-0.4628332566757289,-0.4207629164363726,2.95634767709298,1.4530007788820396
-1.8177405464271457,-1.4388532237668776,-1.5779689073350345,-1.3772264440160389,-1.0236197216622258,-1.23545571060844,-1.3434664861303764,-0.7805788028106154,-1.2419807890274004,-1.1699044204033835,-1.2573590539125477,-1.168628529208759,-0.984068320917424,-0.6958373282231305,-1.4899613287632438,0.379109735733439,-0.5452502511264901,-0.5013146448547088,-1.3827034257535251,-1.2390819756604323,-0.9246118952292148,-1.8309815957481423,0.6343636453169,-0.7685873777248924,-0.4109397583861431,-1.3259284895922574,-0.2746446770053615,-1.3177671128297554,-0.9198094339051314,-0.3325285307608697,0.3067432080459878,1.7903359052972156
0.4296372362189833,0.3144360034689937,0.0631139124110455,0.2818112417035271,-0.1596084768954652,0.1286493110363401,0.0826298504136378,-0.1084094268582554,0.2153096795984654,0.219414479573481,0.8632872757966125,0.5673065721753616,0.445187491183537,-0.3826161063402839,0.4980603834108756,-0.512976400137095,0.4426523410279722,1.379584434192952,0.4382499770522301,-0.3297721819531818,0.5288517262855869,0.7485461283830271,-0.6186785173422938,0.2876266488606367,-0.3098666532472835,1.7726602492833397,2.471734426718471,0.0824019382153033,0.1922279239834474,-0.6463810425440487,0.1358291421737789,-0.9083451060242022
-0.5745285435202541,-0.7765144752564597,-0.5751992379864717,-0.7992163669001149,-0.8177027273657801,-0.7173467534721248,-0.8363325429639088,-0.5742131336839111,-0.7670382376434155,-0.8129573881966833,-0.849634610036974,-0.9636646275362928,-0.6491641260273081,-0.5630090297976348,-0.7783204582238338,-0.5310212490243545,-1.3119788098607317,-1.1852342400183145,-0.7323769559484979,-0.7533711653600882,1.728639284692384,2.0057202606112225,-0.457066428414523,-0.7523673389974166,-0.6158731373205782,-0.7800026368429093,2.0020214428128376,-0.6877906615052742,-0.4861249146876194,1.325394764457715,-0.5000077824441818,0.3144947272308149
0.8454443473218137,0.7381022156175336,0.5796812001431201,0.7313108388436499,0.7054309108730238,0.4866340486619413,0.5160805139967659,-0.0029068255092302,0.5962815848891619,0.5276195773344942,0.884432825403475,0.9033165414191816,0.5123490471310708,2.992705418500113,0.5297947709208016,-0.5080008764831284,0.1531029236826901,1.010383328234441,0.3544231545878422,1.5509766059338237,0.1874693934631434,0.6568616979769254,0.2801136527889268,0.3604771049024036,0.1567971170558511,0.5630680291182092,0.6241748931716812,0.634580306640837,0.2959382459719454,-1.985435199804674,0.2518669137017295,-0.3180086347976425
1.114114137712036,1.26413809678729,1.1093930233168448,1.1551972307690133,1.5278651304857676,0.7984655912314208,0.9889519780990071,0.1751527931446096,1.0950223940505397,0.8695321188411641,0.9680255748336036,0.9959033956679466,0.0928106393058414,0.0450916862427815,0.2921560412127261,-0.5021636455647591,0.328571119854515,0.8765959889034596,0.5038223662591116,0.6150408187183574,-0.9049502736531188,0.1417344095987635,-0.2457642652961151,0.2360924541700465,0.5743406024128863,0.0998047498933392,-0.965468677948361,1.1759715707941651,-0.2002712978201468,-0.3924403201656704,-1.5004103977846484,-0.2758417439957447
0.1563744058565792,-0.0473135785659083,-0.437947221286496,0.0779235928882436,-0.3552896802750338,-0.0569389117557756,-0.1057964546760315,-0.2471085129295573,-0.1417601228386564,-0.1154023208721778,-0.0975742826787961,-0.0181070625941167,0.3543296910720463,-0.7932946046057785,-0.2453857091845438,-0.1902125193285793,1.4619925803114764,0.2582537084610392,0.3817667709642701,-0.3333836018088461,-0.2642288075705569,0.4078178993579289,-0.6476190236006003,-0.3836180708126383,-0.4759550769782965,1.162357007277984,0.1014171605667137,0.2698416903947453,-0.6985523288324258,-0.1443179207895172,0.1793802176413217,-0.3180086347976425
-0.15922704394042125,-0.21715127747973137,0.23321404250144084,-0.10660184497834428,-0.4298144706507423,0.40574497424958533,-0.4437410720577588,-0.4421527017600612,-0.5073747837892872,-0.4552465223454991,-0.36933803682615746,-0.4923105297397179,0.4266532407290386,1.6782938704861605,1.2213636856749686,-0.5301504398347461,0.5566707453653312,-0.39081826345396875,0.15465074029587567,-0.4481574432835441,0.23313489212293478,-0.18009507559884538,-0.42861968838333775,-0.6844339822004994,-0.5227267635184178,1.1157889899340336,-0.49407518187915345,-0.5151553475106374,-0.44045295521072236,1.8561596699757084,0.43465471411753737,-0.41718357155585173
0.1563744058565792,-0.0473135785659083,-0.437947221286496,0.0779235928882436,-0.3552896802750338,-0.0569389117557756,-0.1057964546760315,-0.2471085129295573,-0.1417601228386564,-0.1154023208721778,-0.0975742826787961,-0.0181070625941167,0.3543296910720463,-0.7932946046057785,-0.2453857091845438,-0.1902125193285793,1.4619925803114764,0.2582537084610392,0.3817667709642701,-0.3333836018088461,-0.2642288075705569,0.4078178993579289,-0.6476190236006003,-0.3836180708126383,-0.4759550769782965,1.162357007277984,0.1014171605667137,0.2698416903947453,-0.6985523288324258,-0.1443179207895172,0.1793802176413217,-0.3180086347976425
1.0190986195252,1.152229774260814,1.2234559989115197,1.0786029702229474,1.5173653734828687,1.2036108872204596,1.589945736011296,0.8812873114244072,1.392264325118416,1.9422960355466707,0.7405739363996474,1.0487285024532569,-0.2289378251411196,-0.6559376924616619,-0.226884683361937,-0.5266215184504065,0.2941594300632261,0.587545374332367,-0.120069575345784,0.9664019692599876,-1.3513780949494387,-0.1002744644203224,-0.3331732445739862,1.5001210715395754,0.1292668204918369,-0.5550288043891176,-0.693519828453495,1.341305667426587,2.386187389251882,0.9424333069675356,1.7336297650420915,-0.5288430888071284
-0.004534575156867504,-0.050489842891693115,-0.016402985900640488,-0.022507064044475555,-0.05856262892484665,-0.030446713790297508,-0.0508829727768898,0.031788431107997894,-0.007272630929946899,-0.06484201550483704,-0.04704591631889343,-0.04427127540111542,-0.030893482267856598,0.0010798275470733643,-0.001535018440335989,-0.060311269015073776,0.04605117812752724,0.0038472535088658333,-0.006687818095088005,0.008066857233643532,-0.045379139482975006,-0.03287316858768463,0.0033921515569090843,-0.00018126051872968674,0.08871018886566162,0.013072207570075989,-0.051008667796850204,-0.02348504588007927,-0.061300888657569885,0.5830634787096943,0.3489756529280555,-0.5288430888071284
-0.4158133146423159,-0.5156390671485809,-0.2295942353051585,-0.6815363809908588,-0.7163691545333031,-0.4274225629755183,-0.3756286776941668,-0.5314860397178413,-0.6768909132909836,-0.7180812905286489,-0.765431845959188,-0.8778925704699463,-0.4054678106528978,0.3640384560203087,-0.3124881293313158,-0.1421738718599445,0.4229523066499563,-1.0770248218508114,-0.4331963329288399,-0.7846209831731128,0.4401315817357081,0.9416018848439526,-0.6388604429073655,-0.8922957301086583,-0.6013986095765457,-1.0709722209675492,-0.7549626350899222,-0.4241782666737269,-0.758050734182464,0.9797529926203732,0.5567370804615919,-0.0650072899862589
-0.5745285435202541,-0.7765144752564597,-0.5751992379864717,-0.7992163669001149,-0.8177027273657801,-0.7173467534721248,-0.8363325429639088,-0.5742131336839111,-0.7670382376434155,-0.8129573881966833,-0.849634610036974,-0.9636646275362928,-0.6491641260273081,-0.5630090297976348,-0.7783204582238338,-0.5310212490243545,-1.3119788098607317,-1.1852342400183145,-0.7323769559484979,-0.7533711653600882,1.728639284692384,2.0057202606112225,-0.457066428414523,-0.7523673389974166,-0.6158731373205782,-0.7800026368429093,2.0020214428128376,-0.6877906615052742,-0.4861249146876194,1.325394764457715,-0.5000077824441818,0.3144947272308149
-2.049251818906184,-1.4635929427149093,-1.6649276531555992,-1.4865952568628196,-1.0718093845742451,-1.38010826948144,-1.5343806745373951,-0.7897148816589122,-1.2954099955327305,-1.2458967504700864,-1.2982376032005825,-1.1974835960832422,-1.082194364167608,-1.2346694123329596,-2.0913605913461977,3.567452208514911,-0.83148437929783,-1.3335130561407402,-1.5223491639851672,-1.3225103767929247,-1.2158505841827034,-2.0993382237308644,-0.1744423782199061,-0.8479379859169895,-0.5407959498009259,-1.5358284810537486,-0.8932423004808223,-1.4480044102094225,-0.6930246742878864,0.7295589439744146,-0.8762567137464611,1.916836577702909
-0.8810783117396541,-1.0407688251149831,-0.9665990626702818,-1.1079743105460718,-0.9591641063766552,-1.178536870583221,-0.928220155359342,-0.6892353754491493,-1.0229030616193366,-0.958920492221353,-1.1456232424554982,-1.0867928378957792,-0.8712915654639134,-0.7991067990014123,-0.0885032282431639,0.716541283450604,-1.1660298459418963,-1.2739088465335198,-0.9740477199934728,-0.7889684315026569,0.6606857708229968,0.0344881661760446,0.0200004473130678,-0.7078372237712154,-0.6229471776811869,-1.422737771295585,-0.4064034053955426,-1.114733102527783,-0.5151758552056213,1.2156077646761765,0.0930767600510916,0.9891649800611702
0.8454443473218137,0.7381022156175336,0.5796812001431201,0.7313108388436499,0.7054309108730238,0.4866340486619413,0.5160805139967659,-0.0029068255092302,0.5962815848891619,0.5276195773344942,0.884432825403475,0.9033165414191816,0.5123490471310708,2.992705418500113,0.5297947709208016,-0.5080008764831284,0.1531029236826901,1.010383328234441,0.3544231545878422,1.5509766059338237,0.1874693934631434,0.6568616979769254,0.2801136527889268,0.3604771049024036,0.1567971170558511,0.5630680291182092,0.6241748931716812,0.634580306640837,0.2959382459719454,-1.985435199804674,0.2518669137017295,-0.3180086347976425
0.3486991707981831,0.0604298290035889,-0.183196526397,0.2618393737592187,-0.2851436872885191,0.1131049340312856,-0.0803240088387822,-0.1728893374408338,0.028133890622587,0.0089414856021664,0.6859085015263725,0.2768306814866749,0.3951699368406582,-0.57585755080946,-0.3232355344338599,-0.5026836959138499,1.0218893610684427,1.1399372593216934,1.3311169245020198,-0.3459290330492845,0.6767404938824108,0.4281219188301969,-0.6687923776886063,0.1102849883193637,-0.4127541607790779,0.8230814669840182,0.213965676546782,-0.3369596968403866,-0.2499977967714217,0.239573742207419,-0.018715816854753,-0.6131768704109208
0.0467800702696549,-0.2103952591823486,0.2366506304068424,-0.0622324489753856,-0.4237315378794889,-0.1428550609578763,-0.4272871701503537,-0.3560770322580233,-0.2933908689927043,-0.2891049812852636,-0.2884544764532458,-0.270941980396344,-0.2043044681012397,0.5664303232379279,-0.0627660760128107,-0.3795476980988942,-0.401799133015577,-0.2060659448232713,0.0357134367779285,-0.451547347204844,-0.0350014816507189,-0.0388875052039043,-0.7455858218693301,-0.5035186629036696,-0.5559105747636038,0.7624832386602584,-0.2197233887191853,-0.4895699098765943,-0.193004984070965,0.5830634787096943,0.3489756529280555,-0.5288430888071284
0.6855375000446186,0.5272580087947287,0.4098700047171378,0.4149360157491202,-0.1124764204575749,0.287711358359782,0.8469526161559459,-0.0830397255905054,0.3913669592505734,0.3952702634056066,0.716172467117703,0.7633874694033113,0.3615136772853074,-0.4554484223565174,-0.2054542743730885,-0.5258944873819824,-0.4386598384342483,0.602432550074947,0.4915292035677548,1.2996195397750414,-0.5607289098646239,0.5019006534769035,-0.839863014655845,0.2692422846232749,0.0799380666697927,0.9628989866854089,1.5479796141648436,0.3094578220931296,0.0663305189442173,-2.081030763738692,0.0091132705609736,-0.9505119968261
-1.5780762767118544,-1.2853348071354005,-1.4890579459420763,-1.222049095906974,-0.995833489910634,-1.3752871343980937,-0.9106556014299652,-0.7676224166665411,-1.182741991337579,-1.1292218206044538,-1.2218892456038906,-1.1238214026959314,-1.078976541773571,-1.220572562616005,-1.4996104988353889,-0.2075688340426056,-1.0845366797339235,-1.195716734339504,-1.4169525199806638,-1.235145385985931,-0.8622252170476402,-1.9341062722645677,-0.203568452308037,-0.6024156062359433,4.1413003522225145,-0.9574999925953488,-0.4400345022290133,-1.2394731620678494,-0.875567537430426,0.2568046161466148,1.0172660559363758,1.6638352328915254
-2.049251818906184,-1.4635929427149093,-1.6649276531555992,-1.4865952568628196,-1.0718093845742451,-1.38010826948144,-1.5343806745373951,-0.7897148816589122,-1.2954099955327305,-1.2458967504700864,-1.2982376032005825,-1.1974835960832422,-1.082194364167608,-1.2346694123329596,-2.0913605913461977,3.567452208514911,-0.83148437929783,-1.3335130561407402,-1.5223491639851672,-1.3225103767929247,-1.2158505841827034,-2.0993382237308644,-0.1744423782199061,-0.8479379859169895,-0.5407959498009259,-1.5358284810537486,-0.8932423004808223,-1.4480044102094225,-0.6930246742878864,0.7295589439744146,-0.8762567137464611,1.916836577702909
0.4296372362189833,0.3144360034689937,0.0631139124110455,0.2818112417035271,-0.1596084768954652,0.1286493110363401,0.0826298504136378,-0.1084094268582554,0.2153096795984654,0.219414479573481,0.8632872757966125,0.5673065721753616,0.445187491183537,-0.3826161063402839,0.4980603834108756,-0.512976400137095,0.4426523410279722,1.379584434192952,0.4382499770522301,-0.3297721819531818,0.5288517262855869,0.7485461283830271,-0.6186785173422938,0.2876266488606367,-0.3098666532472835,1.7726602492833397,2.471734426718471,0.0824019382153033,0.1922279239834474,-0.6463810425440487,0.1358291421737789,-0.9083451060242022
0.9382696426116536,1.1416519982126092,1.2102332836434913,1.0343545488989578,1.4559150365867248,1.2935778088026484,1.5842015315909932,3.560490452001116,1.23997676910106,1.7102740971459127,1.084159698008358,0.8246743121129014,-0.2381894834827992,0.2174610515513577,0.0672187867119359,-0.5269661429804581,1.7986034158173814,1.17758416406618,0.3961568823980797,0.2146267909512746,-0.97646750166389,-0.1223329843332899,4.267964212934988,0.791377963137693,-0.0916512712443571,-0.1416873362622927,-1.252710618095895,1.7932569016213578,0.490731179559206,-1.9857334464928411,-0.484893412407306,-2.215518720883015
0.1563744058565792,-0.0473135785659083,-0.437947221286496,0.0779235928882436,-0.3552896802750338,-0.0569389117557756,-0.1057964546760315,-0.2471085129295573,-0.1417601228386564,-0.1154023208721778,-0.0975742826787961,-0.0181070625941167,0.3543296910720463,-0.7932946046057785,-0.2453857091845438,-0.1902125193285793,1.4619925803114764,0.2582537084610392,0.3817667709642701,-0.3333836018088461,-0.2642288075705569,0.4078178993579289,-0.6476190236006003,-0.3836180708126383,-0.4759550769782965,1.162357007277984,0.1014171605667137,0.2698416903947453,-0.6985523288324258,-0.1443179207895172,0.1793802176413217,-0.3180086347976425
-1.5780762767118544,-1.2853348071354005,-1.4890579459420763,-1.222049095906974,-0.995833489910634,-1.3752871343980937,-0.9106556014299652,-0.7676224166665411,-1.182741991337579,-1.1292218206044538,-1.2218892456038906,-1.1238214026959314,-1.078976541773571,-1.220572562616005,-1.4996104988353889,-0.2075688340426056,-1.0845366797339235,-1.195716734339504,-1.4169525199806638,-1.235145385985931,-0.8622252170476402,-1.9341062722645677,-0.203568452308037,-0.6024156062359433,4.1413003522225145,-0.9574999925953488,-0.4400345022290133,-1.2394731620678494,-0.875567537430426,0.2568046161466148,1.0172660559363758,1.6638352328915254
-1.5780762767118544,-1.2853348071354005,-1.4890579459420763,-1.222049095906974,-0.995833489910634,-1.3752871343980937,-0.9106556014299652,-0.7676224166665411,-1.182741991337579,-1.1292218206044538,-1.2218892456038906,-1.1238214026959314,-1.078976541773571,-1.220572562616005,-1.4996104988353889,-0.2075688340426056,-1.0845366797339235,-1.195716734339504,-1.4169525199806638,-1.235145385985931,-0.8622252170476402,-1.9341062722645677,-0.203568452308037,-0.6024156062359433,4.1413003522225145,-0.9574999925953488,-0.4400345022290133,-1.2394731620678494,-0.875567537430426,0.2568046161466148,1.0172660559363758,1.6638352328915254
0.0467800702696549,-0.2103952591823486,0.2366506304068424,-0.0622324489753856,-0.4237315378794889,-0.1428550609578763,-0.4272871701503537,-0.3560770322580233,-0.2933908689927043,-0.2891049812852636,-0.2884544764532458,-0.270941980396344,-0.2043044681012397,0.5664303232379279,-0.0627660760128107,-0.3795476980988942,-0.401799133015577,-0.2060659448232713,0.0357134367779285,-0.451547347204844,-0.0350014816507189,-0.0388875052039043,-0.7455858218693301,-0.5035186629036696,-0.5559105747636038,0.7624832386602584,-0.2197233887191853,-0.4895699098765943,-0.193004984070965,0.5830634787096943,0.3489756529280555,-0.5288430888071284
-1.1835438141686836,-1.2672972490523928,-1.3382837405390793,-1.361657779495609,-1.0359365766518909,-1.3047603731743185,-1.0871217041057006,-0.7473253484052141,-1.098613012794483,-1.089975436264934,-1.1870895497629086,-1.0955161834252498,-1.099117760241202,-1.2715443130429729,-1.7867587834903431,-0.2201036644720352,-1.2367332728351137,-1.5428321347942515,-1.2211393461783508,-1.0250886522104603,-0.8020115316663434,-1.8961225690018508,0.0042499772884305,-0.4891875589007493,1.6294384206659,-1.6110429076946178,-0.9629010220759332,-1.1378527423274232,-0.4628332566757289,-0.4207629164363726,2.95634767709298,1.4530007788820396
-0.7029019306446641,-1.0257794243251468,-0.8677667756119058,-1.0839827074462345,-0.8882969786261081,-1.0914740020068785,-0.6950027662446908,-0.6685160824158642,-0.9359900220491528,-0.8796152257153622,-1.076843502493566,-1.04002541427511,-0.4524985490577865,0.0442990391639978,1.74735073041983,0.9219796693900166,-1.119668381660177,-0.3998458052591225,-0.705423145487409,-0.6443974109225207,1.8494099182530264,-0.059090757393059,0.6884469036202724,-0.7307832436383805,-0.574874240527434,-0.4643174975093811,0.3500277542435302,-1.0529301402162157,-0.1355841172341096,0.3094723832560785,-0.0518429599688844,0.9048311984573746
0.4296372362189833,0.3144360034689937,0.0631139124110455,0.2818112417035271,-0.1596084768954652,0.1286493110363401,0.0826298504136378,-0.1084094268582554,0.2153096795984654,0.219414479573481,0.8632872757966125,0.5673065721753616,0.445187491183537,-0.3826161063402839,0.4980603834108756,-0.512976400137095,0.4426523410279722,1.379584434192952,0.4382499770522301,-0.3297721819531818,0.5288517262855869,0.7485461283830271,-0.6186785173422938,0.2876266488606367,-0.3098666532472835,1.7726602492833397,2.471734426718471,0.0824019382153033,0.1922279239834474,-0.6463810425440487,0.1358291421737789,-0.9083451060242022
-0.4158133146423159,-0.5156390671485809,-0.2295942353051585,-0.6815363809908588,-0.7163691545333031,-0.4274225629755183,-0.3756286776941668,-0.5314860397178413,-0.6768909132909836,-0.7180812905286489,-0.765431845959188,-0.8778925704699463,-0.4054678106528978,0.3640384560203087,-0.3124881293313158,-0.1421738718599445,0.4229523066499563,-1.0770248218508114,-0.4331963329288399,-0.7846209831731128,0.4401315817357081,0.9416018848439526,-0.6388604429073655,-0.8922957301086583,-0.6013986095765457,-1.0709722209675492,-0.7549626350899222,-0.4241782666737269,-0.758050734182464,0.9797529926203732,0.5567370804615919,-0.0650072899862589
1.114114137712036,1.26413809678729,1.1093930233168448,1.1551972307690133,1.5278651304857676,0.7984655912314208,0.9889519780990071,0.1751527931446096,1.0950223940505397,0.8695321188411641,0.9680255748336036,0.9959033956679466,0.0928106393058414,0.0450916862427815,0.2921560412127261,-0.5021636455647591,0.328571119854515,0.8765959889034596,0.5038223662591116,0.6150408187183574,-0.9049502736531188,0.1417344095987635,-0.2457642652961151,0.2360924541700465,0.5743406024128863,0.0998047498933392,-0.965468677948361,1.1759715707941651,-0.2002712978201468,-0.3924403201656704,-1.5004103977846484,-0.2758417439957447
-1.5780762767118544,-1.2853348071354005,-1.4890579459420763,-1.222049095906974,-0.995833489910634,-1.3752871343980937,-0.9106556014299652,-0.7676224166665411,-1.182741991337579,-1.1292218206044538,-1.2218892456038906,-1.1238214026959314,-1.078976541773571,-1.220572562616005,-1.4996104988353889,-0.2075688340426056,-1.0845366797339235,-1.195716734339504,-1.4169525199806638,-1.235145385985931,-0.8622252170476402,-1.9341062722645677,-0.203568452308037,-0.6024156062359433,4.1413003522225145,-0.9574999925953488,-0.4400345022290133,-1.2394731620678494,-0.875567537430426,0.2568046161466148,1.0172660559363758,1.6638352328915254
1.114114137712036,1.26413809678729,1.1093930233168448,1.1551972307690133,1.5278651304857676,0.7984655912314208,0.9889519780990071,0.1751527931446096,1.0950223940505397,0.8695321188411641,0.9680255748336036,0.9959033956679466,0.0928106393058414,0.0450916862427815,0.2921560412127261,-0.5021636455647591,0.328571119854515,0.8765959889034596,0.5038223662591116,0.6150408187183574,-0.9049502736531188,0.1417344095987635,-0.2457642652961151,0.2360924541700465,0.5743406024128863,0.0998047498933392,-0.965468677948361,1.1759715707941651,-0.2002712978201468,-0.3924403201656704,-1.5004103977846484,-0.2758417439957447
0.4296372362189833,0.3144360034689937,0.0631139124110455,0.2818112417035271,-0.1596084768954652,0.1286493110363401,0.0826298504136378,-0.1084094268582554,0.2153096795984654,0.219414479573481,0.8632872757966125,0.5673065721753616,0.445187491183537,-0.3826161063402839,0.4980603834108756,-0.512976400137095,0.4426523410279722,1.379584434192952,0.4382499770522301,-0.3297721819531818,0.5288517262855869,0.7485461283830271,-0.6186785173422938,0.2876266488606367,-0.3098666532472835,1.7726602492833397,2.471734426718471,0.0824019382153033,0.1922279239834474,-0.6463810425440487,0.1358291421737789,-0.9083451060242022
0.9382696426116536,1.1416519982126092,1.2102332836434913,1.0343545488989578,1.4559150365867248,1.2935778088026484,1.5842015315909932,3.560490452001116,1.23997676910106,1.7102740971459127,1.084159698008358,0.8246743121129014,-0.2381894834827992,0.2174610515513577,0.0672187867119359,-0.5269661429804581,1.7986034158173814,1.17758416406618,0.3961568823980797,0.2146267909512746,-0.97646750166389,-0.1223329843332899,4.267964212934988,0.791377963137693,-0.0916512712443571,-0.1416873362622927,-1.252710618095895,1.7932569016213578,0.490731179559206,-1.9857334464928411,-0.484893412407306,-2.215518720883015
0.8454443473218137,0.7381022156175336,0.5796812001431201,0.7313108388436499,0.7054309108730238,0.4866340486619413,0.5160805139967659,-0.0029068255092302,0.5962815848891619,0.5276195773344942,0.884432825403475,0.9033165414191816,0.5123490471310708,2.992705418500113,0.5297947709208016,-0.5080008764831284,0.1531029236826901,1.010383328234441,0.3544231545878422,1.5509766059338237,0.1874693934631434,0.6568616979769254,0.2801136527889268,0.3604771049024036,0.1567971170558511,0.5630680291182092,0.6241748931716812,0.634580306640837,0.2959382459719454,-1.985435199804674,0.2518669137017295,-0.3180086347976425
1.0190986195252,1.152229774260814,1.2234559989115197,1.0786029702229474,1.5173653734828687,1.2036108872204596,1.589945736011296,0.8812873114244072,1.392264325118416,1.9422960355466707,0.7405739363996474,1.0487285024532569,-0.2289378251411196,-0.6559376924616619,-0.226884683361937,-0.5266215184504065,0.2941594300632261,0.587545374332367,-0.120069575345784,0.9664019692599876,-1.3513780949494387,-0.1002744644203224,-0.3331732445739862,1.5001210715395754,0.1292668204918369,-0.5550288043891176,-0.693519828453495,1.341305667426587,2.386187389251882,0.9424333069675356,1.7336297650420915,-0.5288430888071284
-0.7029019306446641,-1.0257794243251468,-0.8677667756119058,-1.0839827074462345,-0.8882969786261081,-1.0914740020068785,-0.6950027662446908,-0.6685160824158642,-0.9359900220491528,-0.8796152257153622,-1.076843502493566,-1.04002541427511,-0.4524985490577865,0.0442990391639978,1.74735073041983,0.9219796693900166,-1.119668381660177,-0.3998458052591225,-0.705423145487409,-0.6443974109225207,1.8494099182530264,-0.059090757393059,0.6884469036202724,-0.7307832436383805,-0.574874240527434,-0.4643174975093811,0.3500277542435302,-1.0529301402162157,-0.1355841172341096,0.3094723832560785,-0.0518429599688844,0.9048311984573746
-1.8177405464271457,-1.4388532237668776,-1.5779689073350345,-1.3772264440160389,-1.0236197216622258,-1.23545571060844,-1.3434664861303764,-0.7805788028106154,-1.2419807890274004,-1.1699044204033835,-1.2573590539125477,-1.168628529208759,-0.984068320917424,-0.6958373282231305,-1.4899613287632438,0.379109735733439,-0.5452502511264901,-0.5013146448547088,-1.3827034257535251,-1.2390819756604323,-0.9246118952292148,-1.8309815957481423,0.6343636453169,-0.7685873777248924,-0.4109397583861431,-1.3259284895922574,-0.2746446770053615,-1.3177671128297554,-0.9198094339051314,-0.3325285307608697,0.3067432080459878,1.7903359052972156
0.1563744058565792,-0.0473135785659083,-0.437947221286496,0.0779235928882436,-0.3552896802750338,-0.0569389117557756,-0.1057964546760315,-0.2471085129295573,-0.1417601228386564,-0.1154023208721778,-0.0975742826787961,-0.0181070625941167,0.3543296910720463,-0.7932946046057785,-0.2453857091845438,-0.1902125193285793,1.4619925803114764,0.2582537084610392,0.3817667709642701,-0.3333836018088461,-0.2642288075705569,0.4078178993579289,-0.6476190236006003,-0.3836180708126383,-0.4759550769782965,1.162357007277984,0.1014171605667137,0.2698416903947453,-0.6985523288324258,-0.1443179207895172,0.1793802176413217,-0.3180086347976425
0.983192792075464,1.1020824166112646,0.9226776199623192,1.640225002665529,1.2439880625355269,0.7174605080099606,0.8903608719760274,0.101166222600256,0.9278870679531032,0.7306315049228542,0.9126114247841016,1.0722955929186837,0.694464641299481,0.350609846104008,0.8214838740665491,-0.517517027943281,0.7417106811905301,1.218978238186035,0.4699147802429916,0.7814555286516912,-0.6273444023344623,0.6767095169977737,0.5140218403299434,0.185433001764305,0.2479964395158768,0.9804402356133564,-0.3293763887295823,1.1468193099008537,-0.2747586366040263,-0.1930318102188625,-1.378780271126029,-0.1071741807881566
1.1539658311899037,1.4989383501797924,1.4303846071085575,1.260568463461363,1.6356166100434777,1.6797957828956886,1.6690842795081433,1.2624714635685748,1.7332414432264251,1.3725631888434169,1.6483515482868052,1.4549346928184888,-0.2131171915433764,-0.4599363731525088,0.339811365640069,-0.5254899116374125,-0.2149093127984561,0.5410515716045815,1.241568716212545,2.107191967468017,-0.8344005845872645,0.054826613740022,-0.4290034863380065,3.1018590378014115,-0.0806158680214567,-0.1825578565974858,-0.2989647123816893,1.4095265811869206,2.457521066973057,0.2026273363964781,0.3329919193191797,-0.9083451060242022
0.877859539983099,0.9284812210475348,0.8695048454908714,1.1220468862604986,0.9411444138574524,0.6760439097427877,0.6276174938085415,0.0598046366308749,0.8252688589657505,0.5874855905038561,0.8797209012396516,1.007382058710873,0.6686888185281938,1.6059747776803983,1.1706116992346778,-0.5161259044239899,1.358954168963903,0.6034181347459333,0.3532355328426836,0.6426350208803544,-0.4248538041891673,0.7743715572383858,0.0239135326109679,0.0973132383814232,0.2146750918637649,0.7784191204754152,-0.2122101786183744,0.7238115461235602,-0.2399088430746092,-0.3562735761340631,-1.7501404600112933,-0.3601755255995402
-0.8810783117396541,-1.0407688251149831,-0.9665990626702818,-1.1079743105460718,-0.9591641063766552,-1.178536870583221,-0.928220155359342,-0.6892353754491493,-1.0229030616193366,-0.958920492221353,-1.1456232424554982,-1.0867928378957792,-0.8712915654639134,-0.7991067990014123,-0.0885032282431639,0.716541283450604,-1.1660298459418963,-1.2739088465335198,-0.9740477199934728,-0.7889684315026569,0.6606857708229968,0.0344881661760446,0.0200004473130678,-0.7078372237712154,-0.6229471776811869,-1.422737771295585,-0.4064034053955426,-1.114733102527783,-0.5151758552056213,1.2156077646761765,0.0930767600510916,0.9891649800611702
-0.5745285435202541,-0.7765144752564597,-0.5751992379864717,-0.7992163669001149,-0.8177027273657801,-0.7173467534721248,-0.8363325429639088,-0.5742131336839111,-0.7670382376434155,-0.8129573881966833,-0.849634610036974,-0.9636646275362928,-0.6491641260273081,-0.5630090297976348,-0.7783204582238338,-0.5310212490243545,-1.3119788098607317,-1.1852342400183145,-0.7323769559484979,-0.7533711653600882,1.728639284692384,2.0057202606112225,-0.457066428414523,-0.7523673389974166,-0.6158731373205782,-0.7800026368429093,2.0020214428128376,-0.6877906615052742,-0.4861249146876194,1.325394764457715,-0.5000077824441818,0.3144947272308149
1.634837858667418,1.7729882357505662,1.8674153333131327,1.429949083765116,1.6780429700525057,2.172059489357648,1.6790122866640376,1.993554659292163,2.0307562624302022,1.926835236337584,1.749884425785262,2.0449552248717784,3.960464505677201,-0.0660993604272626,-0.0850344002534402,-0.5319627099526829,-0.8752893993309534,1.608096101698883,3.0007239522968066,2.016740303458169,0.508079324123444,0.538860820390863,0.0201191075369981,2.118188870963328,-0.2228815478213706,1.413103926953087,-0.0111438755025325,1.601757481569292,2.576056716219592,0.2024393611413101,-1.303588717536631,-0.9926788876279976
-0.8810783117396541,-1.0407688251149831,-0.9665990626702818,-1.1079743105460718,-0.9591641063766552,-1.178536870583221,-0.928220155359342,-0.6892353754491493,-1.0229030616193366,-0.958920492221353,-1.1456232424554982,-1.0867928378957792,-0.8712915654639134,-0.7991067990014123,-0.0885032282431639,0.716541283450604,-1.1660298459418963,-1.2739088465335198,-0.9740477199934728,-0.7889684315026569,0.6606857708229968,0.0344881661760446,0.0200004473130678,-0.7078372237712154,-0.6229471776811869,-1.422737771295585,-0.4064034053955426,-1.114733102527783,-0.5151758552056213,1.2156077646761765,0.0930767600510916,0.9891649800611702
-2.049251818906184,-1.4635929427149093,-1.6649276531555992,-1.4865952568628196,-1.0718093845742451,-1.38010826948144,-1.5343806745373951,-0.7897148816589122,-1.2954099955327305,-1.2458967504700864,-1.2982376032005825,-1.1974835960832422,-1.082194364167608,-1.2346694123329596,-2.0913605913461977,3.567452208514911,-0.83148437929783,-1.3335130561407402,-1.5223491639851672,-1.3225103767929247,-1.2158505841827034,-2.0993382237308644,-0.1744423782199061,-0.8479379859169895,-0.5407959498009259,-1.5358284810537486,-0.8932423004808223,-1.4480044102094225,-0.6930246742878864,0.7295589439744146,-0.8762567137464611,1.916836577702909
0.9382696426116536,1.1416519982126092,1.2102332836434913,1.0343545488989578,1.4559150365867248,1.2935778088026484,1.5842015315909932,3.560490452001116,1.23997676910106,1.7102740971459127,1.084159698008358,0.8246743121129014,-0.2381894834827992,0.2174610515513577,0.0672187867119359,-0.5269661429804581,1.7986034158173814,1.17758416406618,0.3961568823980797,0.2146267909512746,-0.97646750166389,-0.1223329843332899,4.267964212934988,0.791377963137693,-0.0916512712443571,-0.1416873362622927,-1.252710618095895,1.7932569016213578,0.490731179559206,-1.9857334464928411,-0.484893412407306,-2.215518720883015
-1.8177405464271457,-1.4388532237668776,-1.5779689073350345,-1.3772264440160389,-1.0236197216622258,-1.23545571060844,-1.3434664861303764,-0.7805788028106154,-1.2419807890274004,-1.1699044204033835,-1.2573590539125477,-1.168628529208759,-0.984068320917424,-0.6958373282231305,-1.4899613287632438,0.379109735733439,-0.5452502511264901,-0.5013146448547088,-1.3827034257535251,-1.2390819756604323,-0.9246118952292148,-1.8309815957481423,0.6343636453169,-0.7685873777248924,-0.4109397583861431,-1.3259284895922574,-0.2746446770053615,-1.3177671128297554,-0.9198094339051314,-0.3325285307608697,0.3067432080459878,1.7903359052972156
-2.049251818906184,-1.4635929427149093,-1.6649276531555992,-1.4865952568628196,-1.0718093845742451,-1.38010826948144,-1.5343806745373951,-0.7897148816589122,-1.2954099955327305,-1.2458967504700864,-1.2982376032005825,-1.1974835960832422,-1.082194364167608,-1.2346694123329596,-2.0913605913461977,3.567452208514911,-0.83148437929783,-1.3335130561407402,-1.5223491639851672,-1.3225103767929247,-1.2158505841827034,-2.0993382237308644,-0.1744423782199061,-0.8479379859169895,-0.5407959498009259,-1.5358284810537486,-0.8932423004808223,-1.4480044102094225,-0.6930246742878864,0.7295589439744146,-0.8762567137464611,1.916836577702909
-0.7029019306446641,-1.0257794243251468,-0.8677667756119058,-1.0839827074462345,-0.8882969786261081,-1.0914740020068785,-0.6950027662446908,-0.6685160824158642,-0.9359900220491528,-0.8796152257153622,-1.076843502493566,-1.04002541427511,-0.4524985490577865,0.0442990391639978,1.74735073041983,0.9219796693900166,-1.119668381660177,-0.3998458052591225,-0.705423145487409,-0.6443974109225207,1.8494099182530264,-0.059090757393059,0.6884469036202724,-0.7307832436383805,-0.574874240527434,-0.4643174975093811,0.3500277542435302,-1.0529301402162157,-0.1355841172341096,0.3094723832560785,-0.0518429599688844,0.9048311984573746
